log_id,log_content,root_cause,severity,sw_version,platform,has_missing_blocks,has_overwritten,log_size,component
LOG_00000,"[21.01.26 01:22:03] ERRMEM: VERSIONINFO: PIVI_SW4110
[21.01.26 01:22:03] Platform: gen4
[21.01.26 01:22:03] Component: Storage
[21.01.26 01:22:03] ERROR: DISK in Storage
[21.01.26 01:22:03] ERROR: INODE in Storage
[21.01.26 01:22:03] ERROR: MOUNT in Storage
[21.01.26 01:22:03] ERROR: FILESYSTEM in Storage
[21.01.26 01:22:03] ERROR: READ in Storage
[21.01.26 01:22:03] ERROR: DISK in Storage
[21.01.26 01:22:03] INFO: Component initialized successfully
[21.01.26 01:22:03] DEBUG: Processing event queue
[21.01.26 01:22:03] INFO: System running normally",File System Error,MEDIUM,PIVI_SW4110,gen4,False,True,12964,FileSystem
LOG_00001,"[08.01.26 01:22:03] ERRMEM: VERSIONINFO: AIVI_SW5250
[08.01.26 01:22:03] Platform: gen3
[08.01.26 01:22:03] Component: CAN
[08.01.26 01:22:03] WARNING: CAN bus error detected
[08.01.26 01:22:03] ERROR: Frame transmission failed on CAN2
[08.01.26 01:22:03] TRACE: Bus-off state entered
[08.01.26 01:22:03] INFO: Error counter: 95
[08.01.26 01:22:03] ERROR: ERROR on CAN interface
[08.01.26 01:22:03] INFO: System running normally
[08.01.26 01:22:03] INFO: Component initialized successfully
[08.01.26 01:22:03] DEBUG: Processing event queue",CAN Bus Error,MEDIUM,AIVI_SW5250,gen3,True,True,47131,Network
LOG_00002,"[02.01.26 01:22:03] ERRMEM: VERSIONINFO: PIVI_SW4110
[02.01.26 01:22:03] Platform: gen3
[02.01.26 01:22:03] Component: Network
[02.01.26 01:22:03] WARNING: CAN bus error detected
[02.01.26 01:22:03] ERROR: Frame transmission failed on CAN2
[02.01.26 01:22:03] TRACE: Bus-off state entered
[02.01.26 01:22:03] INFO: Error counter: 230
[02.01.26 01:22:03] ERROR: BUS on CAN interface
[02.01.26 01:22:03] DEBUG: Processing event queue
[02.01.26 01:22:03] INFO: System running normally",CAN Bus Error,MEDIUM,PIVI_SW4110,gen3,False,True,18787,Communication
LOG_00003,"[06.01.26 01:22:03] ERRMEM: VERSIONINFO: AIVI_SW5244
[06.01.26 01:22:03] Platform: gen4
[06.01.26 01:22:03] Component: Unknown
[06.01.26 01:22:03] ERROR: EXCEPTION in Unknown
[06.01.26 01:22:03] ERROR: FAILED in Unknown
[06.01.26 01:22:03] ERROR: EXCEPTION in Unknown
[06.01.26 01:22:03] DEBUG: Processing event queue",Unknown Issue,MEDIUM,AIVI_SW5244,gen4,False,True,9315,Unknown
LOG_00004,"[22.01.26 01:22:03] ERRMEM: VERSIONINFO: PIVI_SW4110
[22.01.26 01:22:03] Platform: gen3
[22.01.26 01:22:03] Component: System
[22.01.26 01:22:03] CRITICAL: Kernel panic detected
[22.01.26 01:22:03] ERROR: Unable to handle kernel NULL pointer dereference
[22.01.26 01:22:03] TRACE: Exception at address 0x1BF0
[22.01.26 01:22:03] ERROR: CPU 3 EXCEPTION
[22.01.26 01:22:03] CRITICAL: System halted
[22.01.26 01:22:03] DEBUG: Processing event queue
[22.01.26 01:22:03] INFO: System running normally",Kernel Panic,CRITICAL,PIVI_SW4110,gen3,False,False,14539,System
LOG_00005,"[02.01.26 01:22:03] ERRMEM: VERSIONINFO: PIVI_SW4110
[02.01.26 01:22:03] Platform: gen3
[02.01.26 01:22:03] Component: Navigation
[02.01.26 01:22:03] WARNING: High memory usage detected
[02.01.26 01:22:03] ERROR: Heap allocation failed in Navigation
[02.01.26 01:22:03] TRACE: malloc returned NULL
[02.01.26 01:22:03] INFO: Available memory: 128 KB / 2048 KB
[02.01.26 01:22:03] ERROR: Memory leak suspected in navigation module
[02.01.26 01:22:03] TRACE: OOM - size: 781 bytes
[02.01.26 01:22:03] INFO: System running normally
[02.01.26 01:22:03] INFO: Component initialized successfully",Memory Leak,HIGH,PIVI_SW4110,gen3,False,False,49613,Audio
LOG_00006,"[16.01.26 01:22:03] ERRMEM: VERSIONINFO: AIVI_SW5250
[16.01.26 01:22:03] Platform: gen4
[16.01.26 01:22:03] Component: Unknown
[16.01.26 01:22:03] ERROR: ERROR in Unknown
[16.01.26 01:22:03] ERROR: ERROR in Unknown
[16.01.26 01:22:03] ERROR: WARNING in Unknown
[16.01.26 01:22:03] ERROR: EXCEPTION in Unknown
[16.01.26 01:22:03] ERROR: ERROR in Unknown
[16.01.26 01:22:03] ERROR: ERROR in Unknown
[16.01.26 01:22:03] INFO: Component initialized successfully
[16.01.26 01:22:03] INFO: System running normally
[16.01.26 01:22:03] DEBUG: Processing event queue",Unknown Issue,MEDIUM,AIVI_SW5250,gen4,False,True,4786,Unknown
LOG_00007,"[16.01.26 01:22:03] ERRMEM: VERSIONINFO: PIVI_SW4110
[16.01.26 01:22:03] Platform: gen4
[16.01.26 01:22:03] Component: System
[16.01.26 01:22:03] ERROR: COMPLETED in System
[16.01.26 01:22:03] ERROR: RUNNING in System
[16.01.26 01:22:03] ERROR: COMPLETED in System
[16.01.26 01:22:03] ERROR: COMPLETED in System
[16.01.26 01:22:03] ERROR: NORMAL in System
[16.01.26 01:22:03] INFO: Component initialized successfully",No Issue,LOW,PIVI_SW4110,gen4,True,False,9488,System
LOG_00008,"[19.01.26 01:22:03] ERRMEM: VERSIONINFO: AIVI_SW5250
[19.01.26 01:22:03] Platform: gen3
[19.01.26 01:22:03] Component: Unknown
[19.01.26 01:22:03] ERROR: FAILED in Unknown
[19.01.26 01:22:03] ERROR: EXCEPTION in Unknown
[19.01.26 01:22:03] ERROR: ISSUE in Unknown
[19.01.26 01:22:03] ERROR: EXCEPTION in Unknown
[19.01.26 01:22:03] ERROR: FAILED in Unknown
[19.01.26 01:22:03] INFO: System running normally
[19.01.26 01:22:03] DEBUG: Processing event queue
[19.01.26 01:22:03] INFO: Component initialized successfully",Unknown Issue,MEDIUM,AIVI_SW5250,gen3,True,False,47576,Unknown
LOG_00009,"[11.01.26 01:22:03] ERRMEM: VERSIONINFO: AIVI_SW5250
[11.01.26 01:22:03] Platform: gen3
[11.01.26 01:22:03] Component: System
[11.01.26 01:22:03] ERROR: OK in System
[11.01.26 01:22:03] ERROR: NORMAL in System
[11.01.26 01:22:03] ERROR: COMPLETED in System
[11.01.26 01:22:03] ERROR: COMPLETED in System
[11.01.26 01:22:03] ERROR: COMPLETED in System
[11.01.26 01:22:03] INFO: Component initialized successfully
[11.01.26 01:22:03] DEBUG: Processing event queue
[11.01.26 01:22:03] INFO: System running normally",No Issue,LOW,AIVI_SW5250,gen3,True,True,33051,System
LOG_00010,"[17.01.26 01:22:03] ERRMEM: VERSIONINFO: PIVI_SW4110
[17.01.26 01:22:03] Platform: gen3
[17.01.26 01:22:03] Component: Kernel
[17.01.26 01:22:03] WARNING: Task execution time exceeded threshold
[17.01.26 01:22:03] ERROR: WATCHDOG_RESET triggered
[17.01.26 01:22:03] TRACE: System reset due to watchdog timeout
[17.01.26 01:22:03] INFO: Last task: Kernel_handler
[17.01.26 01:22:03] CRITICAL: System HANG
[17.01.26 01:22:03] INFO: Component initialized successfully",Watchdog Timeout,CRITICAL,PIVI_SW4110,gen3,False,True,37364,System
LOG_00011,"[26.12.25 01:22:03] ERRMEM: VERSIONINFO: AIVI_SW5244
[26.12.25 01:22:03] Platform: gen3
[26.12.25 01:22:03] Component: Kernel
[26.12.25 01:22:03] CRITICAL: Kernel panic detected
[26.12.25 01:22:03] ERROR: Unable to handle kernel NULL pointer dereference
[26.12.25 01:22:03] TRACE: Exception at address 0x2613
[26.12.25 01:22:03] ERROR: CPU 3 PANIC
[26.12.25 01:22:03] CRITICAL: System halted
[26.12.25 01:22:03] INFO: System running normally
[26.12.25 01:22:03] INFO: Component initialized successfully",Kernel Panic,CRITICAL,AIVI_SW5244,gen3,True,True,18427,System
LOG_00012,"[01.01.26 01:22:03] ERRMEM: VERSIONINFO: PIVI_SW4110
[01.01.26 01:22:03] Platform: gen4
[01.01.26 01:22:03] Component: Audio
[01.01.26 01:22:03] WARNING: High memory usage detected
[01.01.26 01:22:03] ERROR: Heap allocation failed in Audio
[01.01.26 01:22:03] TRACE: malloc returned NULL
[01.01.26 01:22:03] INFO: Available memory: 128 KB / 2048 KB
[01.01.26 01:22:03] ERROR: Memory leak suspected in navigation module
[01.01.26 01:22:03] TRACE: ALLOCATION - size: 1862 bytes
[01.01.26 01:22:03] DEBUG: Processing event queue
[01.01.26 01:22:03] INFO: System running normally
[01.01.26 01:22:03] INFO: Component initialized successfully",Memory Leak,HIGH,PIVI_SW4110,gen4,False,False,38163,Audio
LOG_00013,"[11.01.26 01:22:03] ERRMEM: VERSIONINFO: PIVI_SW4100
[11.01.26 01:22:03] Platform: gen3
[11.01.26 01:22:03] Component: SW_SWUPDATE
[11.01.26 01:22:03] INFO: Starting software update
[11.01.26 01:22:03] WARNING: Update verification failed
[11.01.26 01:22:03] ERROR: Flash write error at block 441
[11.01.26 01:22:03] TRACE: Rolling back to previous version
[11.01.26 01:22:03] CRITICAL: Software UPDATE
[11.01.26 01:22:03] INFO: System running normally
[11.01.26 01:22:03] DEBUG: Processing event queue
[11.01.26 01:22:03] INFO: Component initialized successfully",SW Update Failure,HIGH,PIVI_SW4100,gen3,True,False,22190,SW_SWUPDATE
LOG_00014,"[29.12.25 01:22:03] ERRMEM: VERSIONINFO: PIVI_SW4100
[29.12.25 01:22:03] Platform: gen3
[29.12.25 01:22:03] Component: System
[29.12.25 01:22:03] ERROR: SUCCESS in System
[29.12.25 01:22:03] ERROR: OK in System
[29.12.25 01:22:03] ERROR: SUCCESS in System
[29.12.25 01:22:03] DEBUG: Processing event queue
[29.12.25 01:22:03] INFO: System running normally",No Issue,LOW,PIVI_SW4100,gen3,True,False,49212,System
LOG_00015,"[05.01.26 01:22:03] ERRMEM: VERSIONINFO: PIVI_SW4100
[05.01.26 01:22:03] Platform: gen3
[05.01.26 01:22:03] Component: Unknown
[05.01.26 01:22:03] ERROR: EXCEPTION in Unknown
[05.01.26 01:22:03] ERROR: ERROR in Unknown
[05.01.26 01:22:03] ERROR: WARNING in Unknown
[05.01.26 01:22:03] INFO: System running normally
[05.01.26 01:22:03] DEBUG: Processing event queue",Unknown Issue,MEDIUM,PIVI_SW4100,gen3,True,True,790,Unknown
LOG_00016,"[08.01.26 01:22:03] ERRMEM: VERSIONINFO: PIVI_SW4110
[08.01.26 01:22:03] Platform: gen3
[08.01.26 01:22:03] Component: Network
[08.01.26 01:22:03] WARNING: CAN bus error detected
[08.01.26 01:22:03] ERROR: Frame transmission failed on CAN2
[08.01.26 01:22:03] TRACE: Bus-off state entered
[08.01.26 01:22:03] INFO: Error counter: 167
[08.01.26 01:22:03] ERROR: ERROR on CAN interface
[08.01.26 01:22:03] DEBUG: Processing event queue
[08.01.26 01:22:03] INFO: System running normally",CAN Bus Error,MEDIUM,PIVI_SW4110,gen3,True,True,29385,CAN
LOG_00017,"[20.01.26 01:22:03] ERRMEM: VERSIONINFO: PIVI_SW4100
[20.01.26 01:22:03] Platform: gen3
[20.01.26 01:22:03] Component: Kernel
[20.01.26 01:22:03] CRITICAL: Kernel panic detected
[20.01.26 01:22:03] ERROR: Unable to handle kernel NULL pointer dereference
[20.01.26 01:22:03] TRACE: Exception at address 0x0E8B
[20.01.26 01:22:03] ERROR: CPU 1 KERNEL
[20.01.26 01:22:03] CRITICAL: System halted
[20.01.26 01:22:03] INFO: Component initialized successfully
[20.01.26 01:22:03] DEBUG: Processing event queue
[20.01.26 01:22:03] INFO: System running normally",Kernel Panic,CRITICAL,PIVI_SW4100,gen3,True,True,6124,Kernel
LOG_00018,"[26.12.25 01:22:03] ERRMEM: VERSIONINFO: AIVI_SW5250
[26.12.25 01:22:03] Platform: gen3
[26.12.25 01:22:03] Component: Communication
[26.12.25 01:22:03] ERROR: SOCKET in Communication
[26.12.25 01:22:03] ERROR: SOCKET in Communication
[26.12.25 01:22:03] ERROR: TIMEOUT in Communication
[26.12.25 01:22:03] ERROR: NETWORK in Communication
[26.12.25 01:22:03] ERROR: REFUSED in Communication
[26.12.25 01:22:03] INFO: Component initialized successfully",Network Timeout,LOW,AIVI_SW5250,gen3,False,True,2012,Communication
LOG_00019,"[28.12.25 01:22:03] ERRMEM: VERSIONINFO: AIVI_SW5250
[28.12.25 01:22:03] Platform: gen3
[28.12.25 01:22:03] Component: Communication
[28.12.25 01:22:03] ERROR: SOCKET in Communication
[28.12.25 01:22:03] ERROR: CONNECTION in Communication
[28.12.25 01:22:03] ERROR: TIMEOUT in Communication
[28.12.25 01:22:03] ERROR: CONNECTION in Communication
[28.12.25 01:22:03] ERROR: CONNECTION in Communication
[28.12.25 01:22:03] ERROR: CONNECTION in Communication
[28.12.25 01:22:03] INFO: System running normally
[28.12.25 01:22:03] INFO: Component initialized successfully
[28.12.25 01:22:03] DEBUG: Processing event queue",Network Timeout,LOW,AIVI_SW5250,gen3,False,True,13584,Communication
LOG_00020,"[06.01.26 01:22:03] ERRMEM: VERSIONINFO: PIVI_SW4100
[06.01.26 01:22:03] Platform: gen3
[06.01.26 01:22:03] Component: Power
[06.01.26 01:22:03] WARNING: Task execution time exceeded threshold
[06.01.26 01:22:03] ERROR: WATCHDOG_RESET triggered
[06.01.26 01:22:03] TRACE: System reset due to watchdog timeout
[06.01.26 01:22:03] INFO: Last task: Power_handler
[06.01.26 01:22:03] CRITICAL: System WDT
[06.01.26 01:22:03] DEBUG: Processing event queue
[06.01.26 01:22:03] INFO: System running normally
[06.01.26 01:22:03] INFO: Component initialized successfully",Watchdog Timeout,CRITICAL,PIVI_SW4100,gen3,False,True,27674,Power
LOG_00021,"[23.12.25 01:22:03] ERRMEM: VERSIONINFO: PIVI_SW4110
[23.12.25 01:22:03] Platform: gen3
[23.12.25 01:22:03] Component: System
[23.12.25 01:22:03] INFO: Starting software update
[23.12.25 01:22:03] WARNING: Update verification failed
[23.12.25 01:22:03] ERROR: Flash write error at block 440
[23.12.25 01:22:03] TRACE: Rolling back to previous version
[23.12.25 01:22:03] CRITICAL: Software INSTALLATION
[23.12.25 01:22:03] DEBUG: Processing event queue
[23.12.25 01:22:03] INFO: System running normally
[23.12.25 01:22:03] INFO: Component initialized successfully",SW Update Failure,HIGH,PIVI_SW4110,gen3,True,True,35921,SW_SWUPDATE
LOG_00022,"[05.01.26 01:22:03] ERRMEM: VERSIONINFO: PIVI_SW4110
[05.01.26 01:22:03] Platform: gen4
[05.01.26 01:22:03] Component: FileSystem
[05.01.26 01:22:03] ERROR: MOUNT in FileSystem
[05.01.26 01:22:03] ERROR: READ in FileSystem
[05.01.26 01:22:03] ERROR: CORRUPT in FileSystem
[05.01.26 01:22:03] INFO: Component initialized successfully
[05.01.26 01:22:03] DEBUG: Processing event queue",File System Error,MEDIUM,PIVI_SW4110,gen4,True,True,19275,FileSystem
LOG_00023,"[31.12.25 01:22:03] ERRMEM: VERSIONINFO: AIVI_SW5244
[31.12.25 01:22:03] Platform: gen3
[31.12.25 01:22:03] Component: FileSystem
[31.12.25 01:22:03] ERROR: READ in FileSystem
[31.12.25 01:22:03] ERROR: READ in FileSystem
[31.12.25 01:22:03] ERROR: MOUNT in FileSystem
[31.12.25 01:22:03] ERROR: INODE in FileSystem
[31.12.25 01:22:03] ERROR: FILESYSTEM in FileSystem
[31.12.25 01:22:03] DEBUG: Processing event queue
[31.12.25 01:22:03] INFO: System running normally
[31.12.25 01:22:03] INFO: Component initialized successfully",File System Error,MEDIUM,AIVI_SW5244,gen3,True,False,24018,FileSystem
LOG_00024,"[06.01.26 01:22:03] ERRMEM: VERSIONINFO: AIVI_SW5244
[06.01.26 01:22:03] Platform: gen4
[06.01.26 01:22:03] Component: System
[06.01.26 01:22:03] WARNING: Task execution time exceeded threshold
[06.01.26 01:22:03] ERROR: WATCHDOG_RESET triggered
[06.01.26 01:22:03] TRACE: System reset due to watchdog timeout
[06.01.26 01:22:03] INFO: Last task: System_handler
[06.01.26 01:22:03] CRITICAL: System TIMEOUT
[06.01.26 01:22:03] DEBUG: Processing event queue
[06.01.26 01:22:03] INFO: System running normally",Watchdog Timeout,CRITICAL,AIVI_SW5244,gen4,True,False,5834,System
LOG_00025,"[26.12.25 01:22:03] ERRMEM: VERSIONINFO: PIVI_SW4100
[26.12.25 01:22:03] Platform: gen3
[26.12.25 01:22:03] Component: Navigation
[26.12.25 01:22:03] WARNING: High memory usage detected
[26.12.25 01:22:03] ERROR: Heap allocation failed in Navigation
[26.12.25 01:22:03] TRACE: malloc returned NULL
[26.12.25 01:22:03] INFO: Available memory: 128 KB / 2048 KB
[26.12.25 01:22:03] ERROR: Memory leak suspected in navigation module
[26.12.25 01:22:03] TRACE: FREE - size: 4508 bytes
[26.12.25 01:22:03] DEBUG: Processing event queue
[26.12.25 01:22:03] INFO: System running normally
[26.12.25 01:22:03] INFO: Component initialized successfully",Memory Leak,HIGH,PIVI_SW4100,gen3,False,True,12128,Navigation
LOG_00026,"[07.01.26 01:22:03] ERRMEM: VERSIONINFO: PIVI_SW4110
[07.01.26 01:22:03] Platform: gen4
[07.01.26 01:22:03] Component: CAN
[07.01.26 01:22:03] WARNING: CAN bus error detected
[07.01.26 01:22:03] ERROR: Frame transmission failed on CAN2
[07.01.26 01:22:03] TRACE: Bus-off state entered
[07.01.26 01:22:03] INFO: Error counter: 152
[07.01.26 01:22:03] ERROR: COMMUNICATION on CAN interface
[07.01.26 01:22:03] INFO: Component initialized successfully",CAN Bus Error,MEDIUM,PIVI_SW4110,gen4,False,False,25112,Communication
LOG_00027,"[10.01.26 01:22:03] ERRMEM: VERSIONINFO: PIVI_SW4100
[10.01.26 01:22:03] Platform: gen3
[10.01.26 01:22:03] Component: Power
[10.01.26 01:22:03] WARNING: Task execution time exceeded threshold
[10.01.26 01:22:03] ERROR: WATCHDOG_RESET triggered
[10.01.26 01:22:03] TRACE: System reset due to watchdog timeout
[10.01.26 01:22:03] INFO: Last task: Power_handler
[10.01.26 01:22:03] CRITICAL: System RESET
[10.01.26 01:22:03] INFO: System running normally
[10.01.26 01:22:03] DEBUG: Processing event queue
[10.01.26 01:22:03] INFO: Component initialized successfully",Watchdog Timeout,CRITICAL,PIVI_SW4100,gen3,False,True,22413,System
LOG_00028,"[06.01.26 01:22:03] ERRMEM: VERSIONINFO: PIVI_SW4100
[06.01.26 01:22:03] Platform: gen3
[06.01.26 01:22:03] Component: System
[06.01.26 01:22:03] WARNING: Task execution time exceeded threshold
[06.01.26 01:22:03] ERROR: WATCHDOG_RESET triggered
[06.01.26 01:22:03] TRACE: System reset due to watchdog timeout
[06.01.26 01:22:03] INFO: Last task: System_handler
[06.01.26 01:22:03] CRITICAL: System DEADLOCK
[06.01.26 01:22:03] INFO: Component initialized successfully",Watchdog Timeout,CRITICAL,PIVI_SW4100,gen3,True,False,18543,System
LOG_00029,"[10.01.26 01:22:03] ERRMEM: VERSIONINFO: PIVI_SW4100
[10.01.26 01:22:03] Platform: gen4
[10.01.26 01:22:03] Component: Kernel
[10.01.26 01:22:03] WARNING: Task execution time exceeded threshold
[10.01.26 01:22:03] ERROR: WATCHDOG_RESET triggered
[10.01.26 01:22:03] TRACE: System reset due to watchdog timeout
[10.01.26 01:22:03] INFO: Last task: Kernel_handler
[10.01.26 01:22:03] CRITICAL: System TIMEOUT
[10.01.26 01:22:03] INFO: System running normally
[10.01.26 01:22:03] DEBUG: Processing event queue",Watchdog Timeout,CRITICAL,PIVI_SW4100,gen4,True,True,6856,Kernel
LOG_00030,"[12.01.26 01:22:03] ERRMEM: VERSIONINFO: PIVI_SW4110
[12.01.26 01:22:03] Platform: gen4
[12.01.26 01:22:03] Component: Storage
[12.01.26 01:22:03] ERROR: INODE in Storage
[12.01.26 01:22:03] ERROR: CORRUPT in Storage
[12.01.26 01:22:03] ERROR: INODE in Storage
[12.01.26 01:22:03] ERROR: MOUNT in Storage
[12.01.26 01:22:03] ERROR: MOUNT in Storage
[12.01.26 01:22:03] ERROR: FILESYSTEM in Storage
[12.01.26 01:22:03] INFO: System running normally
[12.01.26 01:22:03] DEBUG: Processing event queue",File System Error,MEDIUM,PIVI_SW4110,gen4,True,False,40591,FileSystem
LOG_00031,"[18.01.26 01:22:03] ERRMEM: VERSIONINFO: PIVI_SW4110
[18.01.26 01:22:03] Platform: gen3
[18.01.26 01:22:03] Component: System
[18.01.26 01:22:03] WARNING: Task execution time exceeded threshold
[18.01.26 01:22:03] ERROR: WATCHDOG_RESET triggered
[18.01.26 01:22:03] TRACE: System reset due to watchdog timeout
[18.01.26 01:22:03] INFO: Last task: System_handler
[18.01.26 01:22:03] CRITICAL: System WDT
[18.01.26 01:22:03] DEBUG: Processing event queue
[18.01.26 01:22:03] INFO: Component initialized successfully
[18.01.26 01:22:03] INFO: System running normally",Watchdog Timeout,CRITICAL,PIVI_SW4110,gen3,False,False,42339,Power
LOG_00032,"[21.01.26 01:22:03] ERRMEM: VERSIONINFO: PIVI_SW4110
[21.01.26 01:22:03] Platform: gen3
[21.01.26 01:22:03] Component: Power
[21.01.26 01:22:03] WARNING: Task execution time exceeded threshold
[21.01.26 01:22:03] ERROR: WATCHDOG_RESET triggered
[21.01.26 01:22:03] TRACE: System reset due to watchdog timeout
[21.01.26 01:22:03] INFO: Last task: Power_handler
[21.01.26 01:22:03] CRITICAL: System TIMEOUT
[21.01.26 01:22:03] DEBUG: Processing event queue
[21.01.26 01:22:03] INFO: System running normally",Watchdog Timeout,CRITICAL,PIVI_SW4110,gen3,True,True,31727,Kernel
LOG_00033,"[08.01.26 01:22:03] ERRMEM: VERSIONINFO: AIVI_SW5244
[08.01.26 01:22:03] Platform: gen3
[08.01.26 01:22:03] Component: Multimedia
[08.01.26 01:22:03] WARNING: High memory usage detected
[08.01.26 01:22:03] ERROR: Heap allocation failed in Multimedia
[08.01.26 01:22:03] TRACE: malloc returned NULL
[08.01.26 01:22:03] INFO: Available memory: 128 KB / 2048 KB
[08.01.26 01:22:03] ERROR: Memory leak suspected in navigation module
[08.01.26 01:22:03] TRACE: HEAP - size: 1054 bytes
[08.01.26 01:22:03] INFO: Component initialized successfully
[08.01.26 01:22:03] INFO: System running normally",Memory Leak,HIGH,AIVI_SW5244,gen3,False,False,9421,Multimedia
LOG_00034,"[10.01.26 01:22:03] ERRMEM: VERSIONINFO: AIVI_SW5250
[10.01.26 01:22:03] Platform: gen4
[10.01.26 01:22:03] Component: Network
[10.01.26 01:22:03] ERROR: TIMEOUT in Network
[10.01.26 01:22:03] ERROR: NETWORK in Network
[10.01.26 01:22:03] ERROR: SOCKET in Network
[10.01.26 01:22:03] ERROR: SOCKET in Network
[10.01.26 01:22:03] ERROR: CONNECTION in Network
[10.01.26 01:22:03] DEBUG: Processing event queue",Network Timeout,LOW,AIVI_SW5250,gen4,True,False,12661,Communication
LOG_00035,"[11.01.26 01:22:03] ERRMEM: VERSIONINFO: AIVI_SW5244
[11.01.26 01:22:03] Platform: gen3
[11.01.26 01:22:03] Component: System
[11.01.26 01:22:03] WARNING: Task execution time exceeded threshold
[11.01.26 01:22:03] ERROR: WATCHDOG_RESET triggered
[11.01.26 01:22:03] TRACE: System reset due to watchdog timeout
[11.01.26 01:22:03] INFO: Last task: System_handler
[11.01.26 01:22:03] CRITICAL: System WDT
[11.01.26 01:22:03] DEBUG: Processing event queue
[11.01.26 01:22:03] INFO: System running normally
[11.01.26 01:22:03] INFO: Component initialized successfully",Watchdog Timeout,CRITICAL,AIVI_SW5244,gen3,False,False,47743,Kernel
LOG_00036,"[27.12.25 01:22:03] ERRMEM: VERSIONINFO: PIVI_SW4100
[27.12.25 01:22:03] Platform: gen3
[27.12.25 01:22:03] Component: Unknown
[27.12.25 01:22:03] ERROR: FAILED in Unknown
[27.12.25 01:22:03] ERROR: FAILED in Unknown
[27.12.25 01:22:03] ERROR: WARNING in Unknown
[27.12.25 01:22:03] INFO: System running normally
[27.12.25 01:22:03] INFO: Component initialized successfully
[27.12.25 01:22:03] DEBUG: Processing event queue",Unknown Issue,MEDIUM,PIVI_SW4100,gen3,True,True,32013,Unknown
LOG_00037,"[06.01.26 01:22:03] ERRMEM: VERSIONINFO: PIVI_SW4100
[06.01.26 01:22:03] Platform: gen3
[06.01.26 01:22:03] Component: Network
[06.01.26 01:22:03] WARNING: CAN bus error detected
[06.01.26 01:22:03] ERROR: Frame transmission failed on CAN2
[06.01.26 01:22:03] TRACE: Bus-off state entered
[06.01.26 01:22:03] INFO: Error counter: 158
[06.01.26 01:22:03] ERROR: FRAME on CAN interface
[06.01.26 01:22:03] INFO: Component initialized successfully
[06.01.26 01:22:03] DEBUG: Processing event queue",CAN Bus Error,MEDIUM,PIVI_SW4100,gen3,False,True,26291,Network
LOG_00038,"[24.12.25 01:22:03] ERRMEM: VERSIONINFO: AIVI_SW5244
[24.12.25 01:22:03] Platform: gen4
[24.12.25 01:22:03] Component: FileSystem
[24.12.25 01:22:03] ERROR: MOUNT in FileSystem
[24.12.25 01:22:03] ERROR: MOUNT in FileSystem
[24.12.25 01:22:03] ERROR: INODE in FileSystem
[24.12.25 01:22:03] ERROR: MOUNT in FileSystem
[24.12.25 01:22:03] ERROR: READ in FileSystem
[24.12.25 01:22:03] ERROR: INODE in FileSystem
[24.12.25 01:22:03] DEBUG: Processing event queue
[24.12.25 01:22:03] INFO: Component initialized successfully",File System Error,MEDIUM,AIVI_SW5244,gen4,False,False,12730,FileSystem
LOG_00039,"[26.12.25 01:22:03] ERRMEM: VERSIONINFO: PIVI_SW4100
[26.12.25 01:22:03] Platform: gen3
[26.12.25 01:22:03] Component: Unknown
[26.12.25 01:22:03] ERROR: FAILED in Unknown
[26.12.25 01:22:03] ERROR: ISSUE in Unknown
[26.12.25 01:22:03] ERROR: ERROR in Unknown
[26.12.25 01:22:03] ERROR: EXCEPTION in Unknown
[26.12.25 01:22:03] ERROR: ERROR in Unknown
[26.12.25 01:22:03] ERROR: EXCEPTION in Unknown
[26.12.25 01:22:03] DEBUG: Processing event queue
[26.12.25 01:22:03] INFO: System running normally
[26.12.25 01:22:03] INFO: Component initialized successfully",Unknown Issue,MEDIUM,PIVI_SW4100,gen3,False,True,17666,Unknown
LOG_00040,"[02.01.26 01:22:03] ERRMEM: VERSIONINFO: AIVI_SW5244
[02.01.26 01:22:03] Platform: gen4
[02.01.26 01:22:03] Component: Communication
[02.01.26 01:22:03] ERROR: REFUSED in Communication
[02.01.26 01:22:03] ERROR: TIMEOUT in Communication
[02.01.26 01:22:03] ERROR: REFUSED in Communication
[02.01.26 01:22:03] ERROR: TCP in Communication
[02.01.26 01:22:03] INFO: System running normally",Network Timeout,LOW,AIVI_SW5244,gen4,True,True,21602,Communication
LOG_00041,"[01.01.26 01:22:03] ERRMEM: VERSIONINFO: PIVI_SW4110
[01.01.26 01:22:03] Platform: gen4
[01.01.26 01:22:03] Component: Unknown
[01.01.26 01:22:03] ERROR: EXCEPTION in Unknown
[01.01.26 01:22:03] ERROR: EXCEPTION in Unknown
[01.01.26 01:22:03] ERROR: FAILED in Unknown
[01.01.26 01:22:03] ERROR: WARNING in Unknown
[01.01.26 01:22:03] DEBUG: Processing event queue
[01.01.26 01:22:03] INFO: Component initialized successfully
[01.01.26 01:22:03] INFO: System running normally",Unknown Issue,MEDIUM,PIVI_SW4110,gen4,True,False,23702,Unknown
LOG_00042,"[31.12.25 01:22:03] ERRMEM: VERSIONINFO: AIVI_SW5250
[31.12.25 01:22:03] Platform: gen3
[31.12.25 01:22:03] Component: Kernel
[31.12.25 01:22:03] WARNING: Task execution time exceeded threshold
[31.12.25 01:22:03] ERROR: WATCHDOG_RESET triggered
[31.12.25 01:22:03] TRACE: System reset due to watchdog timeout
[31.12.25 01:22:03] INFO: Last task: Kernel_handler
[31.12.25 01:22:03] CRITICAL: System RESET
[31.12.25 01:22:03] INFO: Component initialized successfully
[31.12.25 01:22:03] INFO: System running normally
[31.12.25 01:22:03] DEBUG: Processing event queue",Watchdog Timeout,CRITICAL,AIVI_SW5250,gen3,False,False,40339,Power
LOG_00043,"[20.01.26 01:22:03] ERRMEM: VERSIONINFO: PIVI_SW4110
[20.01.26 01:22:03] Platform: gen3
[20.01.26 01:22:03] Component: System
[20.01.26 01:22:03] ERROR: NORMAL in System
[20.01.26 01:22:03] ERROR: COMPLETED in System
[20.01.26 01:22:03] ERROR: SUCCESS in System
[20.01.26 01:22:03] ERROR: NORMAL in System
[20.01.26 01:22:03] INFO: Component initialized successfully
[20.01.26 01:22:03] DEBUG: Processing event queue",No Issue,LOW,PIVI_SW4110,gen3,True,True,19204,System
LOG_00044,"[18.01.26 01:22:03] ERRMEM: VERSIONINFO: PIVI_SW4100
[18.01.26 01:22:03] Platform: gen4
[18.01.26 01:22:03] Component: Hardware
[18.01.26 01:22:03] ERROR: I2C in Hardware
[18.01.26 01:22:03] ERROR: I2C in Hardware
[18.01.26 01:22:03] ERROR: GPIO in Hardware
[18.01.26 01:22:03] INFO: Component initialized successfully
[18.01.26 01:22:03] INFO: System running normally",Hardware Fault,HIGH,PIVI_SW4100,gen4,True,True,10856,Hardware
LOG_00045,"[25.12.25 01:22:03] ERRMEM: VERSIONINFO: AIVI_SW5250
[25.12.25 01:22:03] Platform: gen3
[25.12.25 01:22:03] Component: SW_SWUPDATE
[25.12.25 01:22:03] INFO: Starting software update
[25.12.25 01:22:03] WARNING: Update verification failed
[25.12.25 01:22:03] ERROR: Flash write error at block 942
[25.12.25 01:22:03] TRACE: Rolling back to previous version
[25.12.25 01:22:03] CRITICAL: Software FAILED
[25.12.25 01:22:03] DEBUG: Processing event queue",SW Update Failure,HIGH,AIVI_SW5250,gen3,False,True,18391,System
LOG_00046,"[08.01.26 01:22:03] ERRMEM: VERSIONINFO: PIVI_SW4110
[08.01.26 01:22:03] Platform: gen4
[08.01.26 01:22:03] Component: Kernel
[08.01.26 01:22:03] WARNING: Task execution time exceeded threshold
[08.01.26 01:22:03] ERROR: WATCHDOG_RESET triggered
[08.01.26 01:22:03] TRACE: System reset due to watchdog timeout
[08.01.26 01:22:03] INFO: Last task: Kernel_handler
[08.01.26 01:22:03] CRITICAL: System HANG
[08.01.26 01:22:03] INFO: System running normally",Watchdog Timeout,CRITICAL,PIVI_SW4110,gen4,False,True,5131,System
LOG_00047,"[31.12.25 01:22:03] ERRMEM: VERSIONINFO: PIVI_SW4100
[31.12.25 01:22:03] Platform: gen4
[31.12.25 01:22:03] Component: Navigation
[31.12.25 01:22:03] WARNING: High memory usage detected
[31.12.25 01:22:03] ERROR: Heap allocation failed in Navigation
[31.12.25 01:22:03] TRACE: malloc returned NULL
[31.12.25 01:22:03] INFO: Available memory: 128 KB / 2048 KB
[31.12.25 01:22:03] ERROR: Memory leak suspected in navigation module
[31.12.25 01:22:03] TRACE: FREE - size: 2893 bytes
[31.12.25 01:22:03] DEBUG: Processing event queue
[31.12.25 01:22:03] INFO: Component initialized successfully",Memory Leak,HIGH,PIVI_SW4100,gen4,True,False,1403,Audio
LOG_00048,"[02.01.26 01:22:03] ERRMEM: VERSIONINFO: AIVI_SW5250
[02.01.26 01:22:03] Platform: gen3
[02.01.26 01:22:03] Component: SW_SWUPDATE
[02.01.26 01:22:03] INFO: Starting software update
[02.01.26 01:22:03] WARNING: Update verification failed
[02.01.26 01:22:03] ERROR: Flash write error at block 769
[02.01.26 01:22:03] TRACE: Rolling back to previous version
[02.01.26 01:22:03] CRITICAL: Software INSTALLATION
[02.01.26 01:22:03] INFO: System running normally
[02.01.26 01:22:03] DEBUG: Processing event queue",SW Update Failure,HIGH,AIVI_SW5250,gen3,True,False,19044,SW_SWUPDATE
LOG_00049,"[27.12.25 01:22:03] ERRMEM: VERSIONINFO: AIVI_SW5244
[27.12.25 01:22:03] Platform: gen3
[27.12.25 01:22:03] Component: System
[27.12.25 01:22:03] INFO: Starting software update
[27.12.25 01:22:03] WARNING: Update verification failed
[27.12.25 01:22:03] ERROR: Flash write error at block 403
[27.12.25 01:22:03] TRACE: Rolling back to previous version
[27.12.25 01:22:03] CRITICAL: Software FLASH
[27.12.25 01:22:03] INFO: Component initialized successfully
[27.12.25 01:22:03] DEBUG: Processing event queue",SW Update Failure,HIGH,AIVI_SW5244,gen3,True,True,48885,SW_SWUPDATE
LOG_00050,"[17.01.26 01:22:03] ERRMEM: VERSIONINFO: PIVI_SW4100
[17.01.26 01:22:03] Platform: gen3
[17.01.26 01:22:03] Component: System
[17.01.26 01:22:03] CRITICAL: Kernel panic detected
[17.01.26 01:22:03] ERROR: Unable to handle kernel NULL pointer dereference
[17.01.26 01:22:03] TRACE: Exception at address 0x11B3
[17.01.26 01:22:03] ERROR: CPU 3 FAULT
[17.01.26 01:22:03] CRITICAL: System halted
[17.01.26 01:22:03] INFO: Component initialized successfully",Kernel Panic,CRITICAL,PIVI_SW4100,gen3,False,True,7939,System
LOG_00051,"[23.12.25 01:22:03] ERRMEM: VERSIONINFO: AIVI_SW5244
[23.12.25 01:22:03] Platform: gen4
[23.12.25 01:22:03] Component: Multimedia
[23.12.25 01:22:03] WARNING: High memory usage detected
[23.12.25 01:22:03] ERROR: Heap allocation failed in Multimedia
[23.12.25 01:22:03] TRACE: malloc returned NULL
[23.12.25 01:22:03] INFO: Available memory: 128 KB / 2048 KB
[23.12.25 01:22:03] ERROR: Memory leak suspected in navigation module
[23.12.25 01:22:03] TRACE: FREE - size: 4232 bytes
[23.12.25 01:22:03] INFO: Component initialized successfully
[23.12.25 01:22:03] INFO: System running normally
[23.12.25 01:22:03] DEBUG: Processing event queue",Memory Leak,HIGH,AIVI_SW5244,gen4,False,False,16236,Multimedia
LOG_00052,"[29.12.25 01:22:03] ERRMEM: VERSIONINFO: PIVI_SW4100
[29.12.25 01:22:03] Platform: gen4
[29.12.25 01:22:03] Component: Unknown
[29.12.25 01:22:03] ERROR: ERROR in Unknown
[29.12.25 01:22:03] ERROR: ERROR in Unknown
[29.12.25 01:22:03] ERROR: ISSUE in Unknown
[29.12.25 01:22:03] ERROR: FAILED in Unknown
[29.12.25 01:22:03] ERROR: WARNING in Unknown
[29.12.25 01:22:03] ERROR: ERROR in Unknown
[29.12.25 01:22:03] INFO: Component initialized successfully
[29.12.25 01:22:03] DEBUG: Processing event queue
[29.12.25 01:22:03] INFO: System running normally",Unknown Issue,MEDIUM,PIVI_SW4100,gen4,True,True,1392,Unknown
LOG_00053,"[09.01.26 01:22:03] ERRMEM: VERSIONINFO: AIVI_SW5250
[09.01.26 01:22:03] Platform: gen4
[09.01.26 01:22:03] Component: Unknown
[09.01.26 01:22:03] ERROR: ERROR in Unknown
[09.01.26 01:22:03] ERROR: EXCEPTION in Unknown
[09.01.26 01:22:03] ERROR: WARNING in Unknown
[09.01.26 01:22:03] ERROR: FAILED in Unknown
[09.01.26 01:22:03] ERROR: ERROR in Unknown
[09.01.26 01:22:03] INFO: System running normally
[09.01.26 01:22:03] INFO: Component initialized successfully
[09.01.26 01:22:03] DEBUG: Processing event queue",Unknown Issue,MEDIUM,AIVI_SW5250,gen4,False,True,30343,Unknown
LOG_00054,"[28.12.25 01:22:03] ERRMEM: VERSIONINFO: AIVI_SW5250
[28.12.25 01:22:03] Platform: gen4
[28.12.25 01:22:03] Component: System
[28.12.25 01:22:03] WARNING: Task execution time exceeded threshold
[28.12.25 01:22:03] ERROR: WATCHDOG_RESET triggered
[28.12.25 01:22:03] TRACE: System reset due to watchdog timeout
[28.12.25 01:22:03] INFO: Last task: System_handler
[28.12.25 01:22:03] CRITICAL: System HANG
[28.12.25 01:22:03] INFO: System running normally
[28.12.25 01:22:03] INFO: Component initialized successfully
[28.12.25 01:22:03] DEBUG: Processing event queue",Watchdog Timeout,CRITICAL,AIVI_SW5250,gen4,True,False,25467,Kernel
LOG_00055,"[20.01.26 01:22:03] ERRMEM: VERSIONINFO: AIVI_SW5244
[20.01.26 01:22:03] Platform: gen3
[20.01.26 01:22:03] Component: Unknown
[20.01.26 01:22:03] ERROR: ISSUE in Unknown
[20.01.26 01:22:03] ERROR: FAILED in Unknown
[20.01.26 01:22:03] ERROR: WARNING in Unknown
[20.01.26 01:22:03] ERROR: EXCEPTION in Unknown
[20.01.26 01:22:03] ERROR: FAILED in Unknown
[20.01.26 01:22:03] ERROR: WARNING in Unknown
[20.01.26 01:22:03] INFO: Component initialized successfully",Unknown Issue,MEDIUM,AIVI_SW5244,gen3,False,False,21360,Unknown
LOG_00056,"[16.01.26 01:22:03] ERRMEM: VERSIONINFO: AIVI_SW5250
[16.01.26 01:22:03] Platform: gen4
[16.01.26 01:22:03] Component: Storage
[16.01.26 01:22:03] ERROR: MOUNT in Storage
[16.01.26 01:22:03] ERROR: READ in Storage
[16.01.26 01:22:03] ERROR: CORRUPT in Storage
[16.01.26 01:22:03] ERROR: CORRUPT in Storage
[16.01.26 01:22:03] INFO: Component initialized successfully",File System Error,MEDIUM,AIVI_SW5250,gen4,False,False,31419,FileSystem
LOG_00057,"[22.01.26 01:22:03] ERRMEM: VERSIONINFO: PIVI_SW4110
[22.01.26 01:22:03] Platform: gen3
[22.01.26 01:22:03] Component: System
[22.01.26 01:22:03] ERROR: NORMAL in System
[22.01.26 01:22:03] ERROR: NORMAL in System
[22.01.26 01:22:03] ERROR: OK in System
[22.01.26 01:22:03] ERROR: OK in System
[22.01.26 01:22:03] INFO: Component initialized successfully
[22.01.26 01:22:03] DEBUG: Processing event queue
[22.01.26 01:22:03] INFO: System running normally",No Issue,LOW,PIVI_SW4110,gen3,False,False,36896,System
LOG_00058,"[09.01.26 01:22:03] ERRMEM: VERSIONINFO: AIVI_SW5250
[09.01.26 01:22:03] Platform: gen3
[09.01.26 01:22:03] Component: Hardware
[09.01.26 01:22:03] ERROR: I2C in Hardware
[09.01.26 01:22:03] ERROR: I2C in Hardware
[09.01.26 01:22:03] ERROR: HARDWARE in Hardware
[09.01.26 01:22:03] ERROR: GPIO in Hardware
[09.01.26 01:22:03] ERROR: GPIO in Hardware
[09.01.26 01:22:03] ERROR: FAULT in Hardware
[09.01.26 01:22:03] INFO: System running normally
[09.01.26 01:22:03] DEBUG: Processing event queue
[09.01.26 01:22:03] INFO: Component initialized successfully",Hardware Fault,HIGH,AIVI_SW5250,gen3,True,False,8162,Hardware
LOG_00059,"[31.12.25 01:22:03] ERRMEM: VERSIONINFO: PIVI_SW4110
[31.12.25 01:22:03] Platform: gen3
[31.12.25 01:22:03] Component: Communication
[31.12.25 01:22:03] ERROR: CONNECTION in Communication
[31.12.25 01:22:03] ERROR: CONNECTION in Communication
[31.12.25 01:22:03] ERROR: TCP in Communication
[31.12.25 01:22:03] ERROR: TIMEOUT in Communication
[31.12.25 01:22:03] INFO: System running normally
[31.12.25 01:22:03] DEBUG: Processing event queue
[31.12.25 01:22:03] INFO: Component initialized successfully",Network Timeout,LOW,PIVI_SW4110,gen3,False,True,19846,Communication
LOG_00060,"[24.12.25 01:22:03] ERRMEM: VERSIONINFO: AIVI_SW5244
[24.12.25 01:22:03] Platform: gen3
[24.12.25 01:22:03] Component: System
[24.12.25 01:22:03] ERROR: RUNNING in System
[24.12.25 01:22:03] ERROR: SUCCESS in System
[24.12.25 01:22:03] ERROR: RUNNING in System
[24.12.25 01:22:03] ERROR: COMPLETED in System
[24.12.25 01:22:03] ERROR: NORMAL in System
[24.12.25 01:22:03] INFO: Component initialized successfully
[24.12.25 01:22:03] DEBUG: Processing event queue
[24.12.25 01:22:03] INFO: System running normally",No Issue,LOW,AIVI_SW5244,gen3,False,False,16286,System
LOG_00061,"[20.01.26 01:22:03] ERRMEM: VERSIONINFO: PIVI_SW4110
[20.01.26 01:22:03] Platform: gen4
[20.01.26 01:22:03] Component: System
[20.01.26 01:22:03] WARNING: Task execution time exceeded threshold
[20.01.26 01:22:03] ERROR: WATCHDOG_RESET triggered
[20.01.26 01:22:03] TRACE: System reset due to watchdog timeout
[20.01.26 01:22:03] INFO: Last task: System_handler
[20.01.26 01:22:03] CRITICAL: System DEADLOCK
[20.01.26 01:22:03] DEBUG: Processing event queue
[20.01.26 01:22:03] INFO: Component initialized successfully
[20.01.26 01:22:03] INFO: System running normally",Watchdog Timeout,CRITICAL,PIVI_SW4110,gen4,True,False,33449,Power
LOG_00062,"[27.12.25 01:22:03] ERRMEM: VERSIONINFO: PIVI_SW4100
[27.12.25 01:22:03] Platform: gen4
[27.12.25 01:22:03] Component: Sensors
[27.12.25 01:22:03] ERROR: SENSOR in Sensors
[27.12.25 01:22:03] ERROR: HARDWARE in Sensors
[27.12.25 01:22:03] ERROR: SPI in Sensors
[27.12.25 01:22:03] ERROR: SENSOR in Sensors
[27.12.25 01:22:03] DEBUG: Processing event queue",Hardware Fault,HIGH,PIVI_SW4100,gen4,True,False,31553,Sensors
LOG_00063,"[27.12.25 01:22:03] ERRMEM: VERSIONINFO: AIVI_SW5250
[27.12.25 01:22:03] Platform: gen3
[27.12.25 01:22:03] Component: Unknown
[27.12.25 01:22:03] ERROR: FAILED in Unknown
[27.12.25 01:22:03] ERROR: FAILED in Unknown
[27.12.25 01:22:03] ERROR: FAILED in Unknown
[27.12.25 01:22:03] ERROR: ISSUE in Unknown
[27.12.25 01:22:03] ERROR: ERROR in Unknown
[27.12.25 01:22:03] INFO: Component initialized successfully",Unknown Issue,MEDIUM,AIVI_SW5250,gen3,True,False,37312,Unknown
LOG_00064,"[01.01.26 01:22:03] ERRMEM: VERSIONINFO: PIVI_SW4110
[01.01.26 01:22:03] Platform: gen4
[01.01.26 01:22:03] Component: System
[01.01.26 01:22:03] WARNING: Task execution time exceeded threshold
[01.01.26 01:22:03] ERROR: WATCHDOG_RESET triggered
[01.01.26 01:22:03] TRACE: System reset due to watchdog timeout
[01.01.26 01:22:03] INFO: Last task: System_handler
[01.01.26 01:22:03] CRITICAL: System DEADLOCK
[01.01.26 01:22:03] DEBUG: Processing event queue",Watchdog Timeout,CRITICAL,PIVI_SW4110,gen4,False,False,25568,Kernel
LOG_00065,"[09.01.26 01:22:03] ERRMEM: VERSIONINFO: PIVI_SW4100
[09.01.26 01:22:03] Platform: gen3
[09.01.26 01:22:03] Component: Audio
[09.01.26 01:22:03] WARNING: High memory usage detected
[09.01.26 01:22:03] ERROR: Heap allocation failed in Audio
[09.01.26 01:22:03] TRACE: malloc returned NULL
[09.01.26 01:22:03] INFO: Available memory: 128 KB / 2048 KB
[09.01.26 01:22:03] ERROR: Memory leak suspected in navigation module
[09.01.26 01:22:03] TRACE: MALLOC - size: 450 bytes
[09.01.26 01:22:03] INFO: System running normally",Memory Leak,HIGH,PIVI_SW4100,gen3,False,False,29956,Audio
LOG_00066,"[11.01.26 01:22:03] ERRMEM: VERSIONINFO: AIVI_SW5244
[11.01.26 01:22:03] Platform: gen3
[11.01.26 01:22:03] Component: Communication
[11.01.26 01:22:03] WARNING: CAN bus error detected
[11.01.26 01:22:03] ERROR: Frame transmission failed on CAN2
[11.01.26 01:22:03] TRACE: Bus-off state entered
[11.01.26 01:22:03] INFO: Error counter: 123
[11.01.26 01:22:03] ERROR: COMMUNICATION on CAN interface
[11.01.26 01:22:03] DEBUG: Processing event queue
[11.01.26 01:22:03] INFO: System running normally
[11.01.26 01:22:03] INFO: Component initialized successfully",CAN Bus Error,MEDIUM,AIVI_SW5244,gen3,True,False,2971,Network
LOG_00067,"[11.01.26 01:22:03] ERRMEM: VERSIONINFO: AIVI_SW5250
[11.01.26 01:22:03] Platform: gen4
[11.01.26 01:22:03] Component: Communication
[11.01.26 01:22:03] ERROR: NETWORK in Communication
[11.01.26 01:22:03] ERROR: TIMEOUT in Communication
[11.01.26 01:22:03] ERROR: NETWORK in Communication
[11.01.26 01:22:03] ERROR: NETWORK in Communication
[11.01.26 01:22:03] INFO: Component initialized successfully
[11.01.26 01:22:03] DEBUG: Processing event queue
[11.01.26 01:22:03] INFO: System running normally",Network Timeout,LOW,AIVI_SW5250,gen4,True,True,20373,Network
LOG_00068,"[13.01.26 01:22:03] ERRMEM: VERSIONINFO: PIVI_SW4110
[13.01.26 01:22:03] Platform: gen4
[13.01.26 01:22:03] Component: System
[13.01.26 01:22:03] ERROR: NORMAL in System
[13.01.26 01:22:03] ERROR: SUCCESS in System
[13.01.26 01:22:03] ERROR: RUNNING in System
[13.01.26 01:22:03] ERROR: SUCCESS in System
[13.01.26 01:22:03] DEBUG: Processing event queue",No Issue,LOW,PIVI_SW4110,gen4,True,True,1875,System
LOG_00069,"[13.01.26 01:22:03] ERRMEM: VERSIONINFO: PIVI_SW4100
[13.01.26 01:22:03] Platform: gen4
[13.01.26 01:22:03] Component: SW_SWUPDATE
[13.01.26 01:22:03] INFO: Starting software update
[13.01.26 01:22:03] WARNING: Update verification failed
[13.01.26 01:22:03] ERROR: Flash write error at block 164
[13.01.26 01:22:03] TRACE: Rolling back to previous version
[13.01.26 01:22:03] CRITICAL: Software INSTALLATION
[13.01.26 01:22:03] INFO: Component initialized successfully
[13.01.26 01:22:03] DEBUG: Processing event queue",SW Update Failure,HIGH,PIVI_SW4100,gen4,True,False,35016,System
LOG_00070,"[28.12.25 01:22:03] ERRMEM: VERSIONINFO: PIVI_SW4110
[28.12.25 01:22:03] Platform: gen3
[28.12.25 01:22:03] Component: CAN
[28.12.25 01:22:03] WARNING: CAN bus error detected
[28.12.25 01:22:03] ERROR: Frame transmission failed on CAN2
[28.12.25 01:22:03] TRACE: Bus-off state entered
[28.12.25 01:22:03] INFO: Error counter: 218
[28.12.25 01:22:03] ERROR: COMMUNICATION on CAN interface
[28.12.25 01:22:03] DEBUG: Processing event queue",CAN Bus Error,MEDIUM,PIVI_SW4110,gen3,False,False,47235,Communication
LOG_00071,"[19.01.26 01:22:03] ERRMEM: VERSIONINFO: AIVI_SW5244
[19.01.26 01:22:03] Platform: gen4
[19.01.26 01:22:03] Component: Navigation
[19.01.26 01:22:03] WARNING: High memory usage detected
[19.01.26 01:22:03] ERROR: Heap allocation failed in Navigation
[19.01.26 01:22:03] TRACE: malloc returned NULL
[19.01.26 01:22:03] INFO: Available memory: 128 KB / 2048 KB
[19.01.26 01:22:03] ERROR: Memory leak suspected in navigation module
[19.01.26 01:22:03] TRACE: ALLOCATION - size: 851 bytes
[19.01.26 01:22:03] INFO: System running normally
[19.01.26 01:22:03] INFO: Component initialized successfully",Memory Leak,HIGH,AIVI_SW5244,gen4,True,True,3044,Audio
LOG_00072,"[22.01.26 01:22:03] ERRMEM: VERSIONINFO: AIVI_SW5244
[22.01.26 01:22:03] Platform: gen3
[22.01.26 01:22:03] Component: Storage
[22.01.26 01:22:03] ERROR: INODE in Storage
[22.01.26 01:22:03] ERROR: FILESYSTEM in Storage
[22.01.26 01:22:03] ERROR: INODE in Storage
[22.01.26 01:22:03] ERROR: INODE in Storage
[22.01.26 01:22:03] ERROR: CORRUPT in Storage
[22.01.26 01:22:03] ERROR: MOUNT in Storage
[22.01.26 01:22:03] INFO: System running normally",File System Error,MEDIUM,AIVI_SW5244,gen3,False,True,34544,FileSystem
LOG_00073,"[10.01.26 01:22:03] ERRMEM: VERSIONINFO: AIVI_SW5250
[10.01.26 01:22:03] Platform: gen3
[10.01.26 01:22:03] Component: Communication
[10.01.26 01:22:03] ERROR: TCP in Communication
[10.01.26 01:22:03] ERROR: NETWORK in Communication
[10.01.26 01:22:03] ERROR: TCP in Communication
[10.01.26 01:22:03] ERROR: REFUSED in Communication
[10.01.26 01:22:03] ERROR: SOCKET in Communication
[10.01.26 01:22:03] INFO: System running normally",Network Timeout,LOW,AIVI_SW5250,gen3,True,True,36117,Network
LOG_00074,"[24.12.25 01:22:03] ERRMEM: VERSIONINFO: AIVI_SW5250
[24.12.25 01:22:03] Platform: gen4
[24.12.25 01:22:03] Component: Network
[24.12.25 01:22:03] ERROR: CONNECTION in Network
[24.12.25 01:22:03] ERROR: CONNECTION in Network
[24.12.25 01:22:03] ERROR: REFUSED in Network
[24.12.25 01:22:03] ERROR: CONNECTION in Network
[24.12.25 01:22:03] INFO: System running normally
[24.12.25 01:22:03] INFO: Component initialized successfully
[24.12.25 01:22:03] DEBUG: Processing event queue",Network Timeout,LOW,AIVI_SW5250,gen4,True,False,23075,Network
LOG_00075,"[11.01.26 01:22:03] ERRMEM: VERSIONINFO: AIVI_SW5244
[11.01.26 01:22:03] Platform: gen3
[11.01.26 01:22:03] Component: System
[11.01.26 01:22:03] ERROR: RUNNING in System
[11.01.26 01:22:03] ERROR: COMPLETED in System
[11.01.26 01:22:03] ERROR: COMPLETED in System
[11.01.26 01:22:03] ERROR: NORMAL in System
[11.01.26 01:22:03] ERROR: RUNNING in System
[11.01.26 01:22:03] INFO: System running normally
[11.01.26 01:22:03] INFO: Component initialized successfully",No Issue,LOW,AIVI_SW5244,gen3,False,True,8352,System
LOG_00076,"[15.01.26 01:22:03] ERRMEM: VERSIONINFO: AIVI_SW5250
[15.01.26 01:22:03] Platform: gen4
[15.01.26 01:22:03] Component: SW_SWUPDATE
[15.01.26 01:22:03] INFO: Starting software update
[15.01.26 01:22:03] WARNING: Update verification failed
[15.01.26 01:22:03] ERROR: Flash write error at block 294
[15.01.26 01:22:03] TRACE: Rolling back to previous version
[15.01.26 01:22:03] CRITICAL: Software UPDATE
[15.01.26 01:22:03] INFO: System running normally
[15.01.26 01:22:03] DEBUG: Processing event queue",SW Update Failure,HIGH,AIVI_SW5250,gen4,True,True,37376,System
LOG_00077,"[11.01.26 01:22:03] ERRMEM: VERSIONINFO: PIVI_SW4110
[11.01.26 01:22:03] Platform: gen3
[11.01.26 01:22:03] Component: Hardware
[11.01.26 01:22:03] ERROR: SENSOR in Hardware
[11.01.26 01:22:03] ERROR: HARDWARE in Hardware
[11.01.26 01:22:03] ERROR: I2C in Hardware
[11.01.26 01:22:03] ERROR: SENSOR in Hardware
[11.01.26 01:22:03] INFO: System running normally",Hardware Fault,HIGH,PIVI_SW4110,gen3,False,True,16678,Hardware
LOG_00078,"[22.01.26 01:22:03] ERRMEM: VERSIONINFO: AIVI_SW5244
[22.01.26 01:22:03] Platform: gen3
[22.01.26 01:22:03] Component: Unknown
[22.01.26 01:22:03] ERROR: EXCEPTION in Unknown
[22.01.26 01:22:03] ERROR: EXCEPTION in Unknown
[22.01.26 01:22:03] ERROR: WARNING in Unknown
[22.01.26 01:22:03] ERROR: ERROR in Unknown
[22.01.26 01:22:03] ERROR: ISSUE in Unknown
[22.01.26 01:22:03] DEBUG: Processing event queue
[22.01.26 01:22:03] INFO: Component initialized successfully",Unknown Issue,MEDIUM,AIVI_SW5244,gen3,True,False,45875,Unknown
LOG_00079,"[17.01.26 01:22:03] ERRMEM: VERSIONINFO: AIVI_SW5250
[17.01.26 01:22:03] Platform: gen3
[17.01.26 01:22:03] Component: Multimedia
[17.01.26 01:22:03] WARNING: High memory usage detected
[17.01.26 01:22:03] ERROR: Heap allocation failed in Multimedia
[17.01.26 01:22:03] TRACE: malloc returned NULL
[17.01.26 01:22:03] INFO: Available memory: 128 KB / 2048 KB
[17.01.26 01:22:03] ERROR: Memory leak suspected in navigation module
[17.01.26 01:22:03] TRACE: FREE - size: 4359 bytes
[17.01.26 01:22:03] DEBUG: Processing event queue
[17.01.26 01:22:03] INFO: System running normally
[17.01.26 01:22:03] INFO: Component initialized successfully",Memory Leak,HIGH,AIVI_SW5250,gen3,True,True,13152,Multimedia
LOG_00080,"[09.01.26 01:22:03] ERRMEM: VERSIONINFO: AIVI_SW5244
[09.01.26 01:22:03] Platform: gen4
[09.01.26 01:22:03] Component: System
[09.01.26 01:22:03] ERROR: RUNNING in System
[09.01.26 01:22:03] ERROR: SUCCESS in System
[09.01.26 01:22:03] ERROR: RUNNING in System
[09.01.26 01:22:03] ERROR: NORMAL in System
[09.01.26 01:22:03] ERROR: OK in System
[09.01.26 01:22:03] INFO: Component initialized successfully",No Issue,LOW,AIVI_SW5244,gen4,True,True,37711,System
LOG_00081,"[20.01.26 01:22:03] ERRMEM: VERSIONINFO: AIVI_SW5244
[20.01.26 01:22:03] Platform: gen4
[20.01.26 01:22:03] Component: Network
[20.01.26 01:22:03] WARNING: CAN bus error detected
[20.01.26 01:22:03] ERROR: Frame transmission failed on CAN2
[20.01.26 01:22:03] TRACE: Bus-off state entered
[20.01.26 01:22:03] INFO: Error counter: 148
[20.01.26 01:22:03] ERROR: COMMUNICATION on CAN interface
[20.01.26 01:22:03] DEBUG: Processing event queue",CAN Bus Error,MEDIUM,AIVI_SW5244,gen4,True,True,47532,CAN
LOG_00082,"[11.01.26 01:22:03] ERRMEM: VERSIONINFO: PIVI_SW4100
[11.01.26 01:22:03] Platform: gen4
[11.01.26 01:22:03] Component: CAN
[11.01.26 01:22:03] WARNING: CAN bus error detected
[11.01.26 01:22:03] ERROR: Frame transmission failed on CAN2
[11.01.26 01:22:03] TRACE: Bus-off state entered
[11.01.26 01:22:03] INFO: Error counter: 17
[11.01.26 01:22:03] ERROR: ARBITRATION on CAN interface
[11.01.26 01:22:03] INFO: Component initialized successfully
[11.01.26 01:22:03] DEBUG: Processing event queue
[11.01.26 01:22:03] INFO: System running normally",CAN Bus Error,MEDIUM,PIVI_SW4100,gen4,True,True,27746,Network
LOG_00083,"[11.01.26 01:22:03] ERRMEM: VERSIONINFO: AIVI_SW5244
[11.01.26 01:22:03] Platform: gen3
[11.01.26 01:22:03] Component: Multimedia
[11.01.26 01:22:03] WARNING: High memory usage detected
[11.01.26 01:22:03] ERROR: Heap allocation failed in Multimedia
[11.01.26 01:22:03] TRACE: malloc returned NULL
[11.01.26 01:22:03] INFO: Available memory: 128 KB / 2048 KB
[11.01.26 01:22:03] ERROR: Memory leak suspected in navigation module
[11.01.26 01:22:03] TRACE: FREE - size: 4791 bytes
[11.01.26 01:22:03] INFO: System running normally
[11.01.26 01:22:03] DEBUG: Processing event queue
[11.01.26 01:22:03] INFO: Component initialized successfully",Memory Leak,HIGH,AIVI_SW5244,gen3,False,False,45001,Audio
LOG_00084,"[20.01.26 01:22:03] ERRMEM: VERSIONINFO: PIVI_SW4110
[20.01.26 01:22:03] Platform: gen3
[20.01.26 01:22:03] Component: FileSystem
[20.01.26 01:22:03] ERROR: INODE in FileSystem
[20.01.26 01:22:03] ERROR: CORRUPT in FileSystem
[20.01.26 01:22:03] ERROR: MOUNT in FileSystem
[20.01.26 01:22:03] ERROR: READ in FileSystem
[20.01.26 01:22:03] ERROR: CORRUPT in FileSystem
[20.01.26 01:22:03] INFO: System running normally",File System Error,MEDIUM,PIVI_SW4110,gen3,False,True,41678,Storage
LOG_00085,"[27.12.25 01:22:03] ERRMEM: VERSIONINFO: AIVI_SW5250
[27.12.25 01:22:03] Platform: gen3
[27.12.25 01:22:03] Component: Communication
[27.12.25 01:22:03] WARNING: CAN bus error detected
[27.12.25 01:22:03] ERROR: Frame transmission failed on CAN2
[27.12.25 01:22:03] TRACE: Bus-off state entered
[27.12.25 01:22:03] INFO: Error counter: 64
[27.12.25 01:22:03] ERROR: FRAME on CAN interface
[27.12.25 01:22:03] DEBUG: Processing event queue
[27.12.25 01:22:03] INFO: System running normally",CAN Bus Error,MEDIUM,AIVI_SW5250,gen3,True,True,18077,CAN
LOG_00086,"[20.01.26 01:22:03] ERRMEM: VERSIONINFO: PIVI_SW4110
[20.01.26 01:22:03] Platform: gen3
[20.01.26 01:22:03] Component: Kernel
[20.01.26 01:22:03] WARNING: Task execution time exceeded threshold
[20.01.26 01:22:03] ERROR: WATCHDOG_RESET triggered
[20.01.26 01:22:03] TRACE: System reset due to watchdog timeout
[20.01.26 01:22:03] INFO: Last task: Kernel_handler
[20.01.26 01:22:03] CRITICAL: System WATCHDOG
[20.01.26 01:22:03] DEBUG: Processing event queue
[20.01.26 01:22:03] INFO: System running normally
[20.01.26 01:22:03] INFO: Component initialized successfully",Watchdog Timeout,CRITICAL,PIVI_SW4110,gen3,True,True,20788,Power
LOG_00087,"[02.01.26 01:22:03] ERRMEM: VERSIONINFO: AIVI_SW5250
[02.01.26 01:22:03] Platform: gen4
[02.01.26 01:22:03] Component: Communication
[02.01.26 01:22:03] ERROR: TCP in Communication
[02.01.26 01:22:03] ERROR: CONNECTION in Communication
[02.01.26 01:22:03] ERROR: REFUSED in Communication
[02.01.26 01:22:03] ERROR: NETWORK in Communication
[02.01.26 01:22:03] ERROR: CONNECTION in Communication
[02.01.26 01:22:03] ERROR: CONNECTION in Communication
[02.01.26 01:22:03] INFO: System running normally
[02.01.26 01:22:03] DEBUG: Processing event queue",Network Timeout,LOW,AIVI_SW5250,gen4,False,True,36294,Network
LOG_00088,"[13.01.26 01:22:03] ERRMEM: VERSIONINFO: AIVI_SW5244
[13.01.26 01:22:03] Platform: gen3
[13.01.26 01:22:03] Component: Power
[13.01.26 01:22:03] WARNING: Task execution time exceeded threshold
[13.01.26 01:22:03] ERROR: WATCHDOG_RESET triggered
[13.01.26 01:22:03] TRACE: System reset due to watchdog timeout
[13.01.26 01:22:03] INFO: Last task: Power_handler
[13.01.26 01:22:03] CRITICAL: System TIMEOUT
[13.01.26 01:22:03] DEBUG: Processing event queue",Watchdog Timeout,CRITICAL,AIVI_SW5244,gen3,False,False,15891,System
LOG_00089,"[30.12.25 01:22:03] ERRMEM: VERSIONINFO: PIVI_SW4100
[30.12.25 01:22:03] Platform: gen3
[30.12.25 01:22:03] Component: Network
[30.12.25 01:22:03] WARNING: CAN bus error detected
[30.12.25 01:22:03] ERROR: Frame transmission failed on CAN2
[30.12.25 01:22:03] TRACE: Bus-off state entered
[30.12.25 01:22:03] INFO: Error counter: 59
[30.12.25 01:22:03] ERROR: CAN on CAN interface
[30.12.25 01:22:03] DEBUG: Processing event queue
[30.12.25 01:22:03] INFO: Component initialized successfully",CAN Bus Error,MEDIUM,PIVI_SW4100,gen3,False,True,45354,Communication
LOG_00090,"[06.01.26 01:22:03] ERRMEM: VERSIONINFO: PIVI_SW4100
[06.01.26 01:22:03] Platform: gen3
[06.01.26 01:22:03] Component: Kernel
[06.01.26 01:22:03] CRITICAL: Kernel panic detected
[06.01.26 01:22:03] ERROR: Unable to handle kernel NULL pointer dereference
[06.01.26 01:22:03] TRACE: Exception at address 0x04A7
[06.01.26 01:22:03] ERROR: CPU 2 KERNEL
[06.01.26 01:22:03] CRITICAL: System halted
[06.01.26 01:22:03] INFO: Component initialized successfully
[06.01.26 01:22:03] INFO: System running normally",Kernel Panic,CRITICAL,PIVI_SW4100,gen3,False,False,20034,System
LOG_00091,"[12.01.26 01:22:03] ERRMEM: VERSIONINFO: AIVI_SW5244
[12.01.26 01:22:03] Platform: gen3
[12.01.26 01:22:03] Component: Multimedia
[12.01.26 01:22:03] WARNING: High memory usage detected
[12.01.26 01:22:03] ERROR: Heap allocation failed in Multimedia
[12.01.26 01:22:03] TRACE: malloc returned NULL
[12.01.26 01:22:03] INFO: Available memory: 128 KB / 2048 KB
[12.01.26 01:22:03] ERROR: Memory leak suspected in navigation module
[12.01.26 01:22:03] TRACE: HEAP - size: 2140 bytes
[12.01.26 01:22:03] DEBUG: Processing event queue",Memory Leak,HIGH,AIVI_SW5244,gen3,False,False,19728,Navigation
LOG_00092,"[26.12.25 01:22:03] ERRMEM: VERSIONINFO: AIVI_SW5250
[26.12.25 01:22:03] Platform: gen4
[26.12.25 01:22:03] Component: Unknown
[26.12.25 01:22:03] ERROR: WARNING in Unknown
[26.12.25 01:22:03] ERROR: EXCEPTION in Unknown
[26.12.25 01:22:03] ERROR: FAILED in Unknown
[26.12.25 01:22:03] ERROR: ISSUE in Unknown
[26.12.25 01:22:03] ERROR: EXCEPTION in Unknown
[26.12.25 01:22:03] DEBUG: Processing event queue
[26.12.25 01:22:03] INFO: System running normally",Unknown Issue,MEDIUM,AIVI_SW5250,gen4,False,False,44896,Unknown
LOG_00093,"[31.12.25 01:22:03] ERRMEM: VERSIONINFO: AIVI_SW5244
[31.12.25 01:22:03] Platform: gen3
[31.12.25 01:22:03] Component: Sensors
[31.12.25 01:22:03] ERROR: HARDWARE in Sensors
[31.12.25 01:22:03] ERROR: I2C in Sensors
[31.12.25 01:22:03] ERROR: HARDWARE in Sensors
[31.12.25 01:22:03] ERROR: SPI in Sensors
[31.12.25 01:22:03] ERROR: HARDWARE in Sensors
[31.12.25 01:22:03] DEBUG: Processing event queue
[31.12.25 01:22:03] INFO: System running normally",Hardware Fault,HIGH,AIVI_SW5244,gen3,False,True,44716,Hardware
LOG_00094,"[04.01.26 01:22:03] ERRMEM: VERSIONINFO: PIVI_SW4100
[04.01.26 01:22:03] Platform: gen3
[04.01.26 01:22:03] Component: Unknown
[04.01.26 01:22:03] ERROR: ERROR in Unknown
[04.01.26 01:22:03] ERROR: ERROR in Unknown
[04.01.26 01:22:03] ERROR: EXCEPTION in Unknown
[04.01.26 01:22:03] ERROR: ISSUE in Unknown
[04.01.26 01:22:03] ERROR: ERROR in Unknown
[04.01.26 01:22:03] ERROR: FAILED in Unknown
[04.01.26 01:22:03] INFO: Component initialized successfully",Unknown Issue,MEDIUM,PIVI_SW4100,gen3,True,False,47303,Unknown
LOG_00095,"[09.01.26 01:22:03] ERRMEM: VERSIONINFO: PIVI_SW4100
[09.01.26 01:22:03] Platform: gen4
[09.01.26 01:22:03] Component: System
[09.01.26 01:22:03] INFO: Starting software update
[09.01.26 01:22:03] WARNING: Update verification failed
[09.01.26 01:22:03] ERROR: Flash write error at block 235
[09.01.26 01:22:03] TRACE: Rolling back to previous version
[09.01.26 01:22:03] CRITICAL: Software INSTALLATION
[09.01.26 01:22:03] INFO: System running normally",SW Update Failure,HIGH,PIVI_SW4100,gen4,False,True,31554,System
LOG_00096,"[19.01.26 01:22:03] ERRMEM: VERSIONINFO: PIVI_SW4110
[19.01.26 01:22:03] Platform: gen3
[19.01.26 01:22:03] Component: System
[19.01.26 01:22:03] ERROR: SUCCESS in System
[19.01.26 01:22:03] ERROR: NORMAL in System
[19.01.26 01:22:03] ERROR: OK in System
[19.01.26 01:22:03] ERROR: SUCCESS in System
[19.01.26 01:22:03] ERROR: SUCCESS in System
[19.01.26 01:22:03] ERROR: OK in System
[19.01.26 01:22:03] DEBUG: Processing event queue
[19.01.26 01:22:03] INFO: System running normally",No Issue,LOW,PIVI_SW4110,gen3,True,False,15443,System
LOG_00097,"[05.01.26 01:22:03] ERRMEM: VERSIONINFO: AIVI_SW5244
[05.01.26 01:22:03] Platform: gen3
[05.01.26 01:22:03] Component: Communication
[05.01.26 01:22:03] WARNING: CAN bus error detected
[05.01.26 01:22:03] ERROR: Frame transmission failed on CAN2
[05.01.26 01:22:03] TRACE: Bus-off state entered
[05.01.26 01:22:03] INFO: Error counter: 191
[05.01.26 01:22:03] ERROR: ARBITRATION on CAN interface
[05.01.26 01:22:03] INFO: Component initialized successfully
[05.01.26 01:22:03] INFO: System running normally
[05.01.26 01:22:03] DEBUG: Processing event queue",CAN Bus Error,MEDIUM,AIVI_SW5244,gen3,True,True,36945,Network
LOG_00098,"[21.01.26 01:22:03] ERRMEM: VERSIONINFO: AIVI_SW5250
[21.01.26 01:22:03] Platform: gen3
[21.01.26 01:22:03] Component: FileSystem
[21.01.26 01:22:03] ERROR: FILESYSTEM in FileSystem
[21.01.26 01:22:03] ERROR: FILESYSTEM in FileSystem
[21.01.26 01:22:03] ERROR: READ in FileSystem
[21.01.26 01:22:03] ERROR: READ in FileSystem
[21.01.26 01:22:03] ERROR: READ in FileSystem
[21.01.26 01:22:03] ERROR: DISK in FileSystem
[21.01.26 01:22:03] DEBUG: Processing event queue",File System Error,MEDIUM,AIVI_SW5250,gen3,False,False,13237,FileSystem
LOG_00099,"[12.01.26 01:22:03] ERRMEM: VERSIONINFO: AIVI_SW5250
[12.01.26 01:22:03] Platform: gen3
[12.01.26 01:22:03] Component: System
[12.01.26 01:22:03] CRITICAL: Kernel panic detected
[12.01.26 01:22:03] ERROR: Unable to handle kernel NULL pointer dereference
[12.01.26 01:22:03] TRACE: Exception at address 0x0DAB
[12.01.26 01:22:03] ERROR: CPU 3 EXCEPTION
[12.01.26 01:22:03] CRITICAL: System halted
[12.01.26 01:22:03] DEBUG: Processing event queue",Kernel Panic,CRITICAL,AIVI_SW5250,gen3,False,False,20241,System
LOG_00100,"[06.01.26 01:22:03] ERRMEM: VERSIONINFO: AIVI_SW5250
[06.01.26 01:22:03] Platform: gen4
[06.01.26 01:22:03] Component: System
[06.01.26 01:22:03] INFO: Starting software update
[06.01.26 01:22:03] WARNING: Update verification failed
[06.01.26 01:22:03] ERROR: Flash write error at block 616
[06.01.26 01:22:03] TRACE: Rolling back to previous version
[06.01.26 01:22:03] CRITICAL: Software FLASH
[06.01.26 01:22:03] INFO: Component initialized successfully",SW Update Failure,HIGH,AIVI_SW5250,gen4,True,True,39090,SW_SWUPDATE
LOG_00101,"[20.01.26 01:22:03] ERRMEM: VERSIONINFO: PIVI_SW4100
[20.01.26 01:22:03] Platform: gen3
[20.01.26 01:22:03] Component: System
[20.01.26 01:22:03] ERROR: SUCCESS in System
[20.01.26 01:22:03] ERROR: NORMAL in System
[20.01.26 01:22:03] ERROR: RUNNING in System
[20.01.26 01:22:03] ERROR: SUCCESS in System
[20.01.26 01:22:03] ERROR: COMPLETED in System
[20.01.26 01:22:03] INFO: System running normally
[20.01.26 01:22:03] DEBUG: Processing event queue",No Issue,LOW,PIVI_SW4100,gen3,True,True,49714,System
LOG_00102,"[29.12.25 01:22:03] ERRMEM: VERSIONINFO: PIVI_SW4100
[29.12.25 01:22:03] Platform: gen4
[29.12.25 01:22:03] Component: Navigation
[29.12.25 01:22:03] WARNING: High memory usage detected
[29.12.25 01:22:03] ERROR: Heap allocation failed in Navigation
[29.12.25 01:22:03] TRACE: malloc returned NULL
[29.12.25 01:22:03] INFO: Available memory: 128 KB / 2048 KB
[29.12.25 01:22:03] ERROR: Memory leak suspected in navigation module
[29.12.25 01:22:03] TRACE: ALLOCATION - size: 2385 bytes
[29.12.25 01:22:03] INFO: Component initialized successfully",Memory Leak,HIGH,PIVI_SW4100,gen4,True,True,47948,Multimedia
LOG_00103,"[15.01.26 01:22:03] ERRMEM: VERSIONINFO: AIVI_SW5250
[15.01.26 01:22:03] Platform: gen4
[15.01.26 01:22:03] Component: System
[15.01.26 01:22:03] ERROR: NORMAL in System
[15.01.26 01:22:03] ERROR: COMPLETED in System
[15.01.26 01:22:03] ERROR: COMPLETED in System
[15.01.26 01:22:03] ERROR: COMPLETED in System
[15.01.26 01:22:03] ERROR: NORMAL in System
[15.01.26 01:22:03] ERROR: SUCCESS in System
[15.01.26 01:22:03] INFO: Component initialized successfully",No Issue,LOW,AIVI_SW5250,gen4,False,True,35097,System
LOG_00104,"[01.01.26 01:22:03] ERRMEM: VERSIONINFO: PIVI_SW4100
[01.01.26 01:22:03] Platform: gen4
[01.01.26 01:22:03] Component: Network
[01.01.26 01:22:03] ERROR: NETWORK in Network
[01.01.26 01:22:03] ERROR: TIMEOUT in Network
[01.01.26 01:22:03] ERROR: REFUSED in Network
[01.01.26 01:22:03] ERROR: NETWORK in Network
[01.01.26 01:22:03] DEBUG: Processing event queue",Network Timeout,LOW,PIVI_SW4100,gen4,True,False,18287,Communication
LOG_00105,"[31.12.25 01:22:03] ERRMEM: VERSIONINFO: PIVI_SW4100
[31.12.25 01:22:03] Platform: gen3
[31.12.25 01:22:03] Component: Unknown
[31.12.25 01:22:03] ERROR: ISSUE in Unknown
[31.12.25 01:22:03] ERROR: ERROR in Unknown
[31.12.25 01:22:03] ERROR: ERROR in Unknown
[31.12.25 01:22:03] ERROR: ERROR in Unknown
[31.12.25 01:22:03] INFO: Component initialized successfully
[31.12.25 01:22:03] DEBUG: Processing event queue",Unknown Issue,MEDIUM,PIVI_SW4100,gen3,True,False,7900,Unknown
LOG_00106,"[26.12.25 01:22:03] ERRMEM: VERSIONINFO: AIVI_SW5244
[26.12.25 01:22:03] Platform: gen4
[26.12.25 01:22:03] Component: Network
[26.12.25 01:22:03] WARNING: CAN bus error detected
[26.12.25 01:22:03] ERROR: Frame transmission failed on CAN2
[26.12.25 01:22:03] TRACE: Bus-off state entered
[26.12.25 01:22:03] INFO: Error counter: 235
[26.12.25 01:22:03] ERROR: ARBITRATION on CAN interface
[26.12.25 01:22:03] INFO: Component initialized successfully",CAN Bus Error,MEDIUM,AIVI_SW5244,gen4,True,False,22367,Network
LOG_00107,"[23.12.25 01:22:03] ERRMEM: VERSIONINFO: PIVI_SW4110
[23.12.25 01:22:03] Platform: gen4
[23.12.25 01:22:03] Component: SW_SWUPDATE
[23.12.25 01:22:03] INFO: Starting software update
[23.12.25 01:22:03] WARNING: Update verification failed
[23.12.25 01:22:03] ERROR: Flash write error at block 621
[23.12.25 01:22:03] TRACE: Rolling back to previous version
[23.12.25 01:22:03] CRITICAL: Software UPDATE
[23.12.25 01:22:03] INFO: Component initialized successfully",SW Update Failure,HIGH,PIVI_SW4110,gen4,False,True,23788,System
LOG_00108,"[02.01.26 01:22:03] ERRMEM: VERSIONINFO: PIVI_SW4100
[02.01.26 01:22:03] Platform: gen4
[02.01.26 01:22:03] Component: Audio
[02.01.26 01:22:03] WARNING: High memory usage detected
[02.01.26 01:22:03] ERROR: Heap allocation failed in Audio
[02.01.26 01:22:03] TRACE: malloc returned NULL
[02.01.26 01:22:03] INFO: Available memory: 128 KB / 2048 KB
[02.01.26 01:22:03] ERROR: Memory leak suspected in navigation module
[02.01.26 01:22:03] TRACE: LEAK - size: 3404 bytes
[02.01.26 01:22:03] INFO: System running normally
[02.01.26 01:22:03] DEBUG: Processing event queue",Memory Leak,HIGH,PIVI_SW4100,gen4,False,True,8948,Audio
LOG_00109,"[29.12.25 01:22:03] ERRMEM: VERSIONINFO: AIVI_SW5250
[29.12.25 01:22:03] Platform: gen4
[29.12.25 01:22:03] Component: System
[29.12.25 01:22:03] ERROR: COMPLETED in System
[29.12.25 01:22:03] ERROR: NORMAL in System
[29.12.25 01:22:03] ERROR: NORMAL in System
[29.12.25 01:22:03] ERROR: COMPLETED in System
[29.12.25 01:22:03] ERROR: COMPLETED in System
[29.12.25 01:22:03] ERROR: COMPLETED in System
[29.12.25 01:22:03] DEBUG: Processing event queue
[29.12.25 01:22:03] INFO: System running normally",No Issue,LOW,AIVI_SW5250,gen4,False,False,16164,System
LOG_00110,"[14.01.26 01:22:03] ERRMEM: VERSIONINFO: PIVI_SW4100
[14.01.26 01:22:03] Platform: gen4
[14.01.26 01:22:03] Component: Communication
[14.01.26 01:22:03] ERROR: TCP in Communication
[14.01.26 01:22:03] ERROR: TIMEOUT in Communication
[14.01.26 01:22:03] ERROR: TCP in Communication
[14.01.26 01:22:03] ERROR: REFUSED in Communication
[14.01.26 01:22:03] ERROR: TIMEOUT in Communication
[14.01.26 01:22:03] ERROR: CONNECTION in Communication
[14.01.26 01:22:03] DEBUG: Processing event queue",Network Timeout,LOW,PIVI_SW4100,gen4,True,False,8610,Network
LOG_00111,"[04.01.26 01:22:03] ERRMEM: VERSIONINFO: PIVI_SW4110
[04.01.26 01:22:03] Platform: gen3
[04.01.26 01:22:03] Component: Communication
[04.01.26 01:22:03] ERROR: TIMEOUT in Communication
[04.01.26 01:22:03] ERROR: SOCKET in Communication
[04.01.26 01:22:03] ERROR: NETWORK in Communication
[04.01.26 01:22:03] ERROR: SOCKET in Communication
[04.01.26 01:22:03] ERROR: CONNECTION in Communication
[04.01.26 01:22:03] ERROR: TCP in Communication
[04.01.26 01:22:03] INFO: Component initialized successfully
[04.01.26 01:22:03] DEBUG: Processing event queue",Network Timeout,LOW,PIVI_SW4110,gen3,False,True,47044,Network
LOG_00112,"[26.12.25 01:22:03] ERRMEM: VERSIONINFO: PIVI_SW4100
[26.12.25 01:22:03] Platform: gen4
[26.12.25 01:22:03] Component: Unknown
[26.12.25 01:22:03] ERROR: ERROR in Unknown
[26.12.25 01:22:03] ERROR: ERROR in Unknown
[26.12.25 01:22:03] ERROR: ISSUE in Unknown
[26.12.25 01:22:03] INFO: Component initialized successfully
[26.12.25 01:22:03] DEBUG: Processing event queue
[26.12.25 01:22:03] INFO: System running normally",Unknown Issue,MEDIUM,PIVI_SW4100,gen4,True,False,6477,Unknown
LOG_00113,"[10.01.26 01:22:03] ERRMEM: VERSIONINFO: AIVI_SW5244
[10.01.26 01:22:03] Platform: gen3
[10.01.26 01:22:03] Component: Navigation
[10.01.26 01:22:03] WARNING: High memory usage detected
[10.01.26 01:22:03] ERROR: Heap allocation failed in Navigation
[10.01.26 01:22:03] TRACE: malloc returned NULL
[10.01.26 01:22:03] INFO: Available memory: 128 KB / 2048 KB
[10.01.26 01:22:03] ERROR: Memory leak suspected in navigation module
[10.01.26 01:22:03] TRACE: ALLOCATION - size: 365 bytes
[10.01.26 01:22:03] INFO: Component initialized successfully",Memory Leak,HIGH,AIVI_SW5244,gen3,False,False,4493,Navigation
LOG_00114,"[20.01.26 01:22:03] ERRMEM: VERSIONINFO: AIVI_SW5250
[20.01.26 01:22:03] Platform: gen3
[20.01.26 01:22:03] Component: Unknown
[20.01.26 01:22:03] ERROR: WARNING in Unknown
[20.01.26 01:22:03] ERROR: EXCEPTION in Unknown
[20.01.26 01:22:03] ERROR: ERROR in Unknown
[20.01.26 01:22:03] INFO: Component initialized successfully
[20.01.26 01:22:03] DEBUG: Processing event queue
[20.01.26 01:22:03] INFO: System running normally",Unknown Issue,MEDIUM,AIVI_SW5250,gen3,False,False,28134,Unknown
LOG_00115,"[22.01.26 01:22:03] ERRMEM: VERSIONINFO: AIVI_SW5244
[22.01.26 01:22:03] Platform: gen4
[22.01.26 01:22:03] Component: Unknown
[22.01.26 01:22:03] ERROR: WARNING in Unknown
[22.01.26 01:22:03] ERROR: EXCEPTION in Unknown
[22.01.26 01:22:03] ERROR: FAILED in Unknown
[22.01.26 01:22:03] ERROR: EXCEPTION in Unknown
[22.01.26 01:22:03] DEBUG: Processing event queue",Unknown Issue,MEDIUM,AIVI_SW5244,gen4,True,True,22102,Unknown
LOG_00116,"[23.12.25 01:22:03] ERRMEM: VERSIONINFO: AIVI_SW5244
[23.12.25 01:22:03] Platform: gen4
[23.12.25 01:22:03] Component: Network
[23.12.25 01:22:03] ERROR: TCP in Network
[23.12.25 01:22:03] ERROR: SOCKET in Network
[23.12.25 01:22:03] ERROR: SOCKET in Network
[23.12.25 01:22:03] ERROR: CONNECTION in Network
[23.12.25 01:22:03] ERROR: NETWORK in Network
[23.12.25 01:22:03] DEBUG: Processing event queue",Network Timeout,LOW,AIVI_SW5244,gen4,True,True,22972,Communication
LOG_00117,"[17.01.26 01:22:03] ERRMEM: VERSIONINFO: AIVI_SW5244
[17.01.26 01:22:03] Platform: gen4
[17.01.26 01:22:03] Component: Power
[17.01.26 01:22:03] WARNING: Task execution time exceeded threshold
[17.01.26 01:22:03] ERROR: WATCHDOG_RESET triggered
[17.01.26 01:22:03] TRACE: System reset due to watchdog timeout
[17.01.26 01:22:03] INFO: Last task: Power_handler
[17.01.26 01:22:03] CRITICAL: System TIMEOUT
[17.01.26 01:22:03] DEBUG: Processing event queue
[17.01.26 01:22:03] INFO: Component initialized successfully
[17.01.26 01:22:03] INFO: System running normally",Watchdog Timeout,CRITICAL,AIVI_SW5244,gen4,True,False,26696,Kernel
LOG_00118,"[31.12.25 01:22:03] ERRMEM: VERSIONINFO: PIVI_SW4100
[31.12.25 01:22:03] Platform: gen3
[31.12.25 01:22:03] Component: Kernel
[31.12.25 01:22:03] WARNING: Task execution time exceeded threshold
[31.12.25 01:22:03] ERROR: WATCHDOG_RESET triggered
[31.12.25 01:22:03] TRACE: System reset due to watchdog timeout
[31.12.25 01:22:03] INFO: Last task: Kernel_handler
[31.12.25 01:22:03] CRITICAL: System TIMEOUT
[31.12.25 01:22:03] DEBUG: Processing event queue",Watchdog Timeout,CRITICAL,PIVI_SW4100,gen3,True,True,33588,Power
LOG_00119,"[09.01.26 01:22:03] ERRMEM: VERSIONINFO: PIVI_SW4110
[09.01.26 01:22:03] Platform: gen3
[09.01.26 01:22:03] Component: Hardware
[09.01.26 01:22:03] ERROR: GPIO in Hardware
[09.01.26 01:22:03] ERROR: SPI in Hardware
[09.01.26 01:22:03] ERROR: HARDWARE in Hardware
[09.01.26 01:22:03] ERROR: GPIO in Hardware
[09.01.26 01:22:03] INFO: Component initialized successfully
[09.01.26 01:22:03] DEBUG: Processing event queue
[09.01.26 01:22:03] INFO: System running normally",Hardware Fault,HIGH,PIVI_SW4110,gen3,False,True,1629,Sensors
LOG_00120,"[15.01.26 01:22:03] ERRMEM: VERSIONINFO: PIVI_SW4110
[15.01.26 01:22:03] Platform: gen3
[15.01.26 01:22:03] Component: Audio
[15.01.26 01:22:03] WARNING: High memory usage detected
[15.01.26 01:22:03] ERROR: Heap allocation failed in Audio
[15.01.26 01:22:03] TRACE: malloc returned NULL
[15.01.26 01:22:03] INFO: Available memory: 128 KB / 2048 KB
[15.01.26 01:22:03] ERROR: Memory leak suspected in navigation module
[15.01.26 01:22:03] TRACE: MEMORY - size: 2755 bytes
[15.01.26 01:22:03] INFO: System running normally
[15.01.26 01:22:03] DEBUG: Processing event queue",Memory Leak,HIGH,PIVI_SW4110,gen3,False,True,7349,Navigation
LOG_00121,"[25.12.25 01:22:03] ERRMEM: VERSIONINFO: PIVI_SW4110
[25.12.25 01:22:03] Platform: gen4
[25.12.25 01:22:03] Component: Navigation
[25.12.25 01:22:03] WARNING: High memory usage detected
[25.12.25 01:22:03] ERROR: Heap allocation failed in Navigation
[25.12.25 01:22:03] TRACE: malloc returned NULL
[25.12.25 01:22:03] INFO: Available memory: 128 KB / 2048 KB
[25.12.25 01:22:03] ERROR: Memory leak suspected in navigation module
[25.12.25 01:22:03] TRACE: MEMORY - size: 1336 bytes
[25.12.25 01:22:03] DEBUG: Processing event queue
[25.12.25 01:22:03] INFO: System running normally",Memory Leak,HIGH,PIVI_SW4110,gen4,True,False,16919,Multimedia
LOG_00122,"[30.12.25 01:22:03] ERRMEM: VERSIONINFO: PIVI_SW4100
[30.12.25 01:22:03] Platform: gen3
[30.12.25 01:22:03] Component: System
[30.12.25 01:22:03] ERROR: RUNNING in System
[30.12.25 01:22:03] ERROR: NORMAL in System
[30.12.25 01:22:03] ERROR: RUNNING in System
[30.12.25 01:22:03] ERROR: SUCCESS in System
[30.12.25 01:22:03] INFO: Component initialized successfully
[30.12.25 01:22:03] INFO: System running normally
[30.12.25 01:22:03] DEBUG: Processing event queue",No Issue,LOW,PIVI_SW4100,gen3,True,False,8982,System
LOG_00123,"[31.12.25 01:22:03] ERRMEM: VERSIONINFO: AIVI_SW5250
[31.12.25 01:22:03] Platform: gen3
[31.12.25 01:22:03] Component: System
[31.12.25 01:22:03] CRITICAL: Kernel panic detected
[31.12.25 01:22:03] ERROR: Unable to handle kernel NULL pointer dereference
[31.12.25 01:22:03] TRACE: Exception at address 0x089F
[31.12.25 01:22:03] ERROR: CPU 3 PANIC
[31.12.25 01:22:03] CRITICAL: System halted
[31.12.25 01:22:03] INFO: Component initialized successfully",Kernel Panic,CRITICAL,AIVI_SW5250,gen3,True,True,14949,Kernel
LOG_00124,"[25.12.25 01:22:03] ERRMEM: VERSIONINFO: PIVI_SW4100
[25.12.25 01:22:03] Platform: gen3
[25.12.25 01:22:03] Component: Communication
[25.12.25 01:22:03] WARNING: CAN bus error detected
[25.12.25 01:22:03] ERROR: Frame transmission failed on CAN2
[25.12.25 01:22:03] TRACE: Bus-off state entered
[25.12.25 01:22:03] INFO: Error counter: 191
[25.12.25 01:22:03] ERROR: FRAME on CAN interface
[25.12.25 01:22:03] INFO: System running normally
[25.12.25 01:22:03] INFO: Component initialized successfully
[25.12.25 01:22:03] DEBUG: Processing event queue",CAN Bus Error,MEDIUM,PIVI_SW4100,gen3,True,True,31732,CAN
LOG_00125,"[12.01.26 01:22:03] ERRMEM: VERSIONINFO: PIVI_SW4110
[12.01.26 01:22:03] Platform: gen4
[12.01.26 01:22:03] Component: Kernel
[12.01.26 01:22:03] WARNING: Task execution time exceeded threshold
[12.01.26 01:22:03] ERROR: WATCHDOG_RESET triggered
[12.01.26 01:22:03] TRACE: System reset due to watchdog timeout
[12.01.26 01:22:03] INFO: Last task: Kernel_handler
[12.01.26 01:22:03] CRITICAL: System TIMEOUT
[12.01.26 01:22:03] INFO: Component initialized successfully",Watchdog Timeout,CRITICAL,PIVI_SW4110,gen4,True,True,673,Kernel
LOG_00126,"[18.01.26 01:22:03] ERRMEM: VERSIONINFO: PIVI_SW4100
[18.01.26 01:22:03] Platform: gen4
[18.01.26 01:22:03] Component: Kernel
[18.01.26 01:22:03] WARNING: Task execution time exceeded threshold
[18.01.26 01:22:03] ERROR: WATCHDOG_RESET triggered
[18.01.26 01:22:03] TRACE: System reset due to watchdog timeout
[18.01.26 01:22:03] INFO: Last task: Kernel_handler
[18.01.26 01:22:03] CRITICAL: System HANG
[18.01.26 01:22:03] DEBUG: Processing event queue",Watchdog Timeout,CRITICAL,PIVI_SW4100,gen4,False,False,41417,Power
LOG_00127,"[26.12.25 01:22:03] ERRMEM: VERSIONINFO: PIVI_SW4110
[26.12.25 01:22:03] Platform: gen4
[26.12.25 01:22:03] Component: Storage
[26.12.25 01:22:03] ERROR: INODE in Storage
[26.12.25 01:22:03] ERROR: DISK in Storage
[26.12.25 01:22:03] ERROR: INODE in Storage
[26.12.25 01:22:03] ERROR: CORRUPT in Storage
[26.12.25 01:22:03] ERROR: CORRUPT in Storage
[26.12.25 01:22:03] ERROR: DISK in Storage
[26.12.25 01:22:03] DEBUG: Processing event queue
[26.12.25 01:22:03] INFO: Component initialized successfully",File System Error,MEDIUM,PIVI_SW4110,gen4,True,False,10749,Storage
LOG_00128,"[28.12.25 01:22:03] ERRMEM: VERSIONINFO: AIVI_SW5250
[28.12.25 01:22:03] Platform: gen4
[28.12.25 01:22:03] Component: SW_SWUPDATE
[28.12.25 01:22:03] INFO: Starting software update
[28.12.25 01:22:03] WARNING: Update verification failed
[28.12.25 01:22:03] ERROR: Flash write error at block 504
[28.12.25 01:22:03] TRACE: Rolling back to previous version
[28.12.25 01:22:03] CRITICAL: Software UPDATE
[28.12.25 01:22:03] INFO: System running normally
[28.12.25 01:22:03] INFO: Component initialized successfully",SW Update Failure,HIGH,AIVI_SW5250,gen4,False,True,27021,SW_SWUPDATE
LOG_00129,"[05.01.26 01:22:03] ERRMEM: VERSIONINFO: PIVI_SW4110
[05.01.26 01:22:03] Platform: gen3
[05.01.26 01:22:03] Component: Navigation
[05.01.26 01:22:03] WARNING: High memory usage detected
[05.01.26 01:22:03] ERROR: Heap allocation failed in Navigation
[05.01.26 01:22:03] TRACE: malloc returned NULL
[05.01.26 01:22:03] INFO: Available memory: 128 KB / 2048 KB
[05.01.26 01:22:03] ERROR: Memory leak suspected in navigation module
[05.01.26 01:22:03] TRACE: OOM - size: 1499 bytes
[05.01.26 01:22:03] INFO: Component initialized successfully
[05.01.26 01:22:03] INFO: System running normally",Memory Leak,HIGH,PIVI_SW4110,gen3,False,True,24696,Multimedia
LOG_00130,"[26.12.25 01:22:03] ERRMEM: VERSIONINFO: PIVI_SW4110
[26.12.25 01:22:03] Platform: gen4
[26.12.25 01:22:03] Component: Storage
[26.12.25 01:22:03] ERROR: DISK in Storage
[26.12.25 01:22:03] ERROR: CORRUPT in Storage
[26.12.25 01:22:03] ERROR: CORRUPT in Storage
[26.12.25 01:22:03] ERROR: MOUNT in Storage
[26.12.25 01:22:03] INFO: System running normally
[26.12.25 01:22:03] INFO: Component initialized successfully
[26.12.25 01:22:03] DEBUG: Processing event queue",File System Error,MEDIUM,PIVI_SW4110,gen4,True,False,27070,FileSystem
LOG_00131,"[12.01.26 01:22:03] ERRMEM: VERSIONINFO: PIVI_SW4110
[12.01.26 01:22:03] Platform: gen4
[12.01.26 01:22:03] Component: Communication
[12.01.26 01:22:03] ERROR: REFUSED in Communication
[12.01.26 01:22:03] ERROR: REFUSED in Communication
[12.01.26 01:22:03] ERROR: NETWORK in Communication
[12.01.26 01:22:03] ERROR: TIMEOUT in Communication
[12.01.26 01:22:03] ERROR: NETWORK in Communication
[12.01.26 01:22:03] ERROR: SOCKET in Communication
[12.01.26 01:22:03] INFO: Component initialized successfully
[12.01.26 01:22:03] DEBUG: Processing event queue
[12.01.26 01:22:03] INFO: System running normally",Network Timeout,LOW,PIVI_SW4110,gen4,True,False,11715,Communication
LOG_00132,"[20.01.26 01:22:03] ERRMEM: VERSIONINFO: PIVI_SW4100
[20.01.26 01:22:03] Platform: gen4
[20.01.26 01:22:03] Component: Network
[20.01.26 01:22:03] WARNING: CAN bus error detected
[20.01.26 01:22:03] ERROR: Frame transmission failed on CAN2
[20.01.26 01:22:03] TRACE: Bus-off state entered
[20.01.26 01:22:03] INFO: Error counter: 38
[20.01.26 01:22:03] ERROR: BUS on CAN interface
[20.01.26 01:22:03] INFO: Component initialized successfully
[20.01.26 01:22:03] INFO: System running normally
[20.01.26 01:22:03] DEBUG: Processing event queue",CAN Bus Error,MEDIUM,PIVI_SW4100,gen4,False,False,14942,Network
LOG_00133,"[05.01.26 01:22:03] ERRMEM: VERSIONINFO: PIVI_SW4110
[05.01.26 01:22:03] Platform: gen4
[05.01.26 01:22:03] Component: Navigation
[05.01.26 01:22:03] WARNING: High memory usage detected
[05.01.26 01:22:03] ERROR: Heap allocation failed in Navigation
[05.01.26 01:22:03] TRACE: malloc returned NULL
[05.01.26 01:22:03] INFO: Available memory: 128 KB / 2048 KB
[05.01.26 01:22:03] ERROR: Memory leak suspected in navigation module
[05.01.26 01:22:03] TRACE: MEMORY - size: 3133 bytes
[05.01.26 01:22:03] DEBUG: Processing event queue",Memory Leak,HIGH,PIVI_SW4110,gen4,False,True,16381,Multimedia
LOG_00134,"[18.01.26 01:22:03] ERRMEM: VERSIONINFO: AIVI_SW5250
[18.01.26 01:22:03] Platform: gen3
[18.01.26 01:22:03] Component: System
[18.01.26 01:22:03] ERROR: OK in System
[18.01.26 01:22:03] ERROR: NORMAL in System
[18.01.26 01:22:03] ERROR: COMPLETED in System
[18.01.26 01:22:03] ERROR: SUCCESS in System
[18.01.26 01:22:03] ERROR: NORMAL in System
[18.01.26 01:22:03] ERROR: COMPLETED in System
[18.01.26 01:22:03] INFO: System running normally
[18.01.26 01:22:03] INFO: Component initialized successfully",No Issue,LOW,AIVI_SW5250,gen3,False,False,48037,System
LOG_00135,"[01.01.26 01:22:03] ERRMEM: VERSIONINFO: PIVI_SW4100
[01.01.26 01:22:03] Platform: gen4
[01.01.26 01:22:03] Component: Communication
[01.01.26 01:22:03] WARNING: CAN bus error detected
[01.01.26 01:22:03] ERROR: Frame transmission failed on CAN2
[01.01.26 01:22:03] TRACE: Bus-off state entered
[01.01.26 01:22:03] INFO: Error counter: 116
[01.01.26 01:22:03] ERROR: ERROR on CAN interface
[01.01.26 01:22:03] INFO: Component initialized successfully
[01.01.26 01:22:03] INFO: System running normally",CAN Bus Error,MEDIUM,PIVI_SW4100,gen4,True,True,34943,CAN
LOG_00136,"[22.01.26 01:22:03] ERRMEM: VERSIONINFO: AIVI_SW5250
[22.01.26 01:22:03] Platform: gen4
[22.01.26 01:22:03] Component: System
[22.01.26 01:22:03] ERROR: RUNNING in System
[22.01.26 01:22:03] ERROR: NORMAL in System
[22.01.26 01:22:03] ERROR: SUCCESS in System
[22.01.26 01:22:03] ERROR: OK in System
[22.01.26 01:22:03] DEBUG: Processing event queue
[22.01.26 01:22:03] INFO: Component initialized successfully
[22.01.26 01:22:03] INFO: System running normally",No Issue,LOW,AIVI_SW5250,gen4,False,False,24815,System
LOG_00137,"[19.01.26 01:22:03] ERRMEM: VERSIONINFO: AIVI_SW5244
[19.01.26 01:22:03] Platform: gen3
[19.01.26 01:22:03] Component: Unknown
[19.01.26 01:22:03] ERROR: EXCEPTION in Unknown
[19.01.26 01:22:03] ERROR: WARNING in Unknown
[19.01.26 01:22:03] ERROR: EXCEPTION in Unknown
[19.01.26 01:22:03] ERROR: EXCEPTION in Unknown
[19.01.26 01:22:03] ERROR: EXCEPTION in Unknown
[19.01.26 01:22:03] ERROR: ISSUE in Unknown
[19.01.26 01:22:03] DEBUG: Processing event queue
[19.01.26 01:22:03] INFO: System running normally
[19.01.26 01:22:03] INFO: Component initialized successfully",Unknown Issue,MEDIUM,AIVI_SW5244,gen3,True,False,30572,Unknown
LOG_00138,"[15.01.26 01:22:03] ERRMEM: VERSIONINFO: PIVI_SW4110
[15.01.26 01:22:03] Platform: gen3
[15.01.26 01:22:03] Component: Kernel
[15.01.26 01:22:03] CRITICAL: Kernel panic detected
[15.01.26 01:22:03] ERROR: Unable to handle kernel NULL pointer dereference
[15.01.26 01:22:03] TRACE: Exception at address 0x12B2
[15.01.26 01:22:03] ERROR: CPU 1 KERNEL
[15.01.26 01:22:03] CRITICAL: System halted
[15.01.26 01:22:03] INFO: System running normally
[15.01.26 01:22:03] INFO: Component initialized successfully
[15.01.26 01:22:03] DEBUG: Processing event queue",Kernel Panic,CRITICAL,PIVI_SW4110,gen3,True,False,27146,Kernel
LOG_00139,"[24.12.25 01:22:03] ERRMEM: VERSIONINFO: PIVI_SW4100
[24.12.25 01:22:03] Platform: gen4
[24.12.25 01:22:03] Component: Network
[24.12.25 01:22:03] ERROR: SOCKET in Network
[24.12.25 01:22:03] ERROR: NETWORK in Network
[24.12.25 01:22:03] ERROR: SOCKET in Network
[24.12.25 01:22:03] ERROR: TIMEOUT in Network
[24.12.25 01:22:03] INFO: Component initialized successfully
[24.12.25 01:22:03] INFO: System running normally",Network Timeout,LOW,PIVI_SW4100,gen4,False,True,45661,Communication
LOG_00140,"[27.12.25 01:22:03] ERRMEM: VERSIONINFO: AIVI_SW5250
[27.12.25 01:22:03] Platform: gen3
[27.12.25 01:22:03] Component: Kernel
[27.12.25 01:22:03] CRITICAL: Kernel panic detected
[27.12.25 01:22:03] ERROR: Unable to handle kernel NULL pointer dereference
[27.12.25 01:22:03] TRACE: Exception at address 0x0422
[27.12.25 01:22:03] ERROR: CPU 0 EXCEPTION
[27.12.25 01:22:03] CRITICAL: System halted
[27.12.25 01:22:03] INFO: System running normally
[27.12.25 01:22:03] DEBUG: Processing event queue",Kernel Panic,CRITICAL,AIVI_SW5250,gen3,True,False,48434,System
LOG_00141,"[29.12.25 01:22:03] ERRMEM: VERSIONINFO: PIVI_SW4110
[29.12.25 01:22:03] Platform: gen3
[29.12.25 01:22:03] Component: Network
[29.12.25 01:22:03] ERROR: REFUSED in Network
[29.12.25 01:22:03] ERROR: REFUSED in Network
[29.12.25 01:22:03] ERROR: SOCKET in Network
[29.12.25 01:22:03] ERROR: CONNECTION in Network
[29.12.25 01:22:03] INFO: Component initialized successfully
[29.12.25 01:22:03] DEBUG: Processing event queue",Network Timeout,LOW,PIVI_SW4110,gen3,False,False,27798,Network
LOG_00142,"[22.01.26 01:22:03] ERRMEM: VERSIONINFO: PIVI_SW4110
[22.01.26 01:22:03] Platform: gen4
[22.01.26 01:22:03] Component: Communication
[22.01.26 01:22:03] ERROR: TCP in Communication
[22.01.26 01:22:03] ERROR: SOCKET in Communication
[22.01.26 01:22:03] ERROR: CONNECTION in Communication
[22.01.26 01:22:03] ERROR: NETWORK in Communication
[22.01.26 01:22:03] ERROR: TIMEOUT in Communication
[22.01.26 01:22:03] ERROR: REFUSED in Communication
[22.01.26 01:22:03] INFO: Component initialized successfully
[22.01.26 01:22:03] DEBUG: Processing event queue
[22.01.26 01:22:03] INFO: System running normally",Network Timeout,LOW,PIVI_SW4110,gen4,True,True,28933,Communication
LOG_00143,"[10.01.26 01:22:03] ERRMEM: VERSIONINFO: PIVI_SW4110
[10.01.26 01:22:03] Platform: gen3
[10.01.26 01:22:03] Component: Network
[10.01.26 01:22:03] ERROR: NETWORK in Network
[10.01.26 01:22:03] ERROR: NETWORK in Network
[10.01.26 01:22:03] ERROR: REFUSED in Network
[10.01.26 01:22:03] ERROR: TCP in Network
[10.01.26 01:22:03] ERROR: CONNECTION in Network
[10.01.26 01:22:03] DEBUG: Processing event queue
[10.01.26 01:22:03] INFO: System running normally",Network Timeout,LOW,PIVI_SW4110,gen3,True,False,2869,Communication
LOG_00144,"[13.01.26 01:22:03] ERRMEM: VERSIONINFO: AIVI_SW5244
[13.01.26 01:22:03] Platform: gen3
[13.01.26 01:22:03] Component: SW_SWUPDATE
[13.01.26 01:22:03] INFO: Starting software update
[13.01.26 01:22:03] WARNING: Update verification failed
[13.01.26 01:22:03] ERROR: Flash write error at block 700
[13.01.26 01:22:03] TRACE: Rolling back to previous version
[13.01.26 01:22:03] CRITICAL: Software UPGRADE
[13.01.26 01:22:03] DEBUG: Processing event queue
[13.01.26 01:22:03] INFO: System running normally",SW Update Failure,HIGH,AIVI_SW5244,gen3,True,False,30370,SW_SWUPDATE
LOG_00145,"[05.01.26 01:22:03] ERRMEM: VERSIONINFO: PIVI_SW4110
[05.01.26 01:22:03] Platform: gen3
[05.01.26 01:22:03] Component: Audio
[05.01.26 01:22:03] WARNING: High memory usage detected
[05.01.26 01:22:03] ERROR: Heap allocation failed in Audio
[05.01.26 01:22:03] TRACE: malloc returned NULL
[05.01.26 01:22:03] INFO: Available memory: 128 KB / 2048 KB
[05.01.26 01:22:03] ERROR: Memory leak suspected in navigation module
[05.01.26 01:22:03] TRACE: MEMORY - size: 3607 bytes
[05.01.26 01:22:03] INFO: Component initialized successfully
[05.01.26 01:22:03] INFO: System running normally",Memory Leak,HIGH,PIVI_SW4110,gen3,True,False,10458,Multimedia
LOG_00146,"[27.12.25 01:22:03] ERRMEM: VERSIONINFO: PIVI_SW4100
[27.12.25 01:22:03] Platform: gen4
[27.12.25 01:22:03] Component: Multimedia
[27.12.25 01:22:03] WARNING: High memory usage detected
[27.12.25 01:22:03] ERROR: Heap allocation failed in Multimedia
[27.12.25 01:22:03] TRACE: malloc returned NULL
[27.12.25 01:22:03] INFO: Available memory: 128 KB / 2048 KB
[27.12.25 01:22:03] ERROR: Memory leak suspected in navigation module
[27.12.25 01:22:03] TRACE: ALLOCATION - size: 891 bytes
[27.12.25 01:22:03] INFO: System running normally
[27.12.25 01:22:03] INFO: Component initialized successfully",Memory Leak,HIGH,PIVI_SW4100,gen4,True,True,28307,Audio
LOG_00147,"[19.01.26 01:22:03] ERRMEM: VERSIONINFO: AIVI_SW5250
[19.01.26 01:22:03] Platform: gen4
[19.01.26 01:22:03] Component: Kernel
[19.01.26 01:22:03] WARNING: Task execution time exceeded threshold
[19.01.26 01:22:03] ERROR: WATCHDOG_RESET triggered
[19.01.26 01:22:03] TRACE: System reset due to watchdog timeout
[19.01.26 01:22:03] INFO: Last task: Kernel_handler
[19.01.26 01:22:03] CRITICAL: System HANG
[19.01.26 01:22:03] DEBUG: Processing event queue
[19.01.26 01:22:03] INFO: System running normally
[19.01.26 01:22:03] INFO: Component initialized successfully",Watchdog Timeout,CRITICAL,AIVI_SW5250,gen4,False,False,42227,Kernel
LOG_00148,"[16.01.26 01:22:03] ERRMEM: VERSIONINFO: AIVI_SW5250
[16.01.26 01:22:03] Platform: gen3
[16.01.26 01:22:03] Component: System
[16.01.26 01:22:03] ERROR: SUCCESS in System
[16.01.26 01:22:03] ERROR: OK in System
[16.01.26 01:22:03] ERROR: RUNNING in System
[16.01.26 01:22:03] ERROR: SUCCESS in System
[16.01.26 01:22:03] ERROR: OK in System
[16.01.26 01:22:03] INFO: Component initialized successfully",No Issue,LOW,AIVI_SW5250,gen3,False,False,10233,System
LOG_00149,"[13.01.26 01:22:03] ERRMEM: VERSIONINFO: AIVI_SW5250
[13.01.26 01:22:03] Platform: gen4
[13.01.26 01:22:03] Component: Network
[13.01.26 01:22:03] WARNING: CAN bus error detected
[13.01.26 01:22:03] ERROR: Frame transmission failed on CAN2
[13.01.26 01:22:03] TRACE: Bus-off state entered
[13.01.26 01:22:03] INFO: Error counter: 77
[13.01.26 01:22:03] ERROR: COMMUNICATION on CAN interface
[13.01.26 01:22:03] DEBUG: Processing event queue
[13.01.26 01:22:03] INFO: System running normally",CAN Bus Error,MEDIUM,AIVI_SW5250,gen4,True,False,36081,CAN
LOG_00150,"[01.01.26 01:22:03] ERRMEM: VERSIONINFO: AIVI_SW5244
[01.01.26 01:22:03] Platform: gen4
[01.01.26 01:22:03] Component: FileSystem
[01.01.26 01:22:03] ERROR: DISK in FileSystem
[01.01.26 01:22:03] ERROR: CORRUPT in FileSystem
[01.01.26 01:22:03] ERROR: FILESYSTEM in FileSystem
[01.01.26 01:22:03] ERROR: READ in FileSystem
[01.01.26 01:22:03] ERROR: FILESYSTEM in FileSystem
[01.01.26 01:22:03] INFO: System running normally
[01.01.26 01:22:03] DEBUG: Processing event queue
[01.01.26 01:22:03] INFO: Component initialized successfully",File System Error,MEDIUM,AIVI_SW5244,gen4,False,True,27955,FileSystem
LOG_00151,"[18.01.26 01:22:03] ERRMEM: VERSIONINFO: PIVI_SW4100
[18.01.26 01:22:03] Platform: gen3
[18.01.26 01:22:03] Component: CAN
[18.01.26 01:22:03] WARNING: CAN bus error detected
[18.01.26 01:22:03] ERROR: Frame transmission failed on CAN2
[18.01.26 01:22:03] TRACE: Bus-off state entered
[18.01.26 01:22:03] INFO: Error counter: 143
[18.01.26 01:22:03] ERROR: ERROR on CAN interface
[18.01.26 01:22:03] INFO: Component initialized successfully",CAN Bus Error,MEDIUM,PIVI_SW4100,gen3,False,True,11087,Communication
LOG_00152,"[14.01.26 01:22:03] ERRMEM: VERSIONINFO: AIVI_SW5250
[14.01.26 01:22:03] Platform: gen4
[14.01.26 01:22:03] Component: Unknown
[14.01.26 01:22:03] ERROR: WARNING in Unknown
[14.01.26 01:22:03] ERROR: EXCEPTION in Unknown
[14.01.26 01:22:03] ERROR: ERROR in Unknown
[14.01.26 01:22:03] INFO: Component initialized successfully
[14.01.26 01:22:03] DEBUG: Processing event queue",Unknown Issue,MEDIUM,AIVI_SW5250,gen4,False,True,36838,Unknown
LOG_00153,"[29.12.25 01:22:03] ERRMEM: VERSIONINFO: PIVI_SW4110
[29.12.25 01:22:03] Platform: gen4
[29.12.25 01:22:03] Component: Power
[29.12.25 01:22:03] WARNING: Task execution time exceeded threshold
[29.12.25 01:22:03] ERROR: WATCHDOG_RESET triggered
[29.12.25 01:22:03] TRACE: System reset due to watchdog timeout
[29.12.25 01:22:03] INFO: Last task: Power_handler
[29.12.25 01:22:03] CRITICAL: System RESET
[29.12.25 01:22:03] INFO: Component initialized successfully
[29.12.25 01:22:03] INFO: System running normally",Watchdog Timeout,CRITICAL,PIVI_SW4110,gen4,False,False,34741,Power
LOG_00154,"[11.01.26 01:22:03] ERRMEM: VERSIONINFO: PIVI_SW4100
[11.01.26 01:22:03] Platform: gen4
[11.01.26 01:22:03] Component: System
[11.01.26 01:22:03] WARNING: Task execution time exceeded threshold
[11.01.26 01:22:03] ERROR: WATCHDOG_RESET triggered
[11.01.26 01:22:03] TRACE: System reset due to watchdog timeout
[11.01.26 01:22:03] INFO: Last task: System_handler
[11.01.26 01:22:03] CRITICAL: System WATCHDOG
[11.01.26 01:22:03] DEBUG: Processing event queue
[11.01.26 01:22:03] INFO: System running normally",Watchdog Timeout,CRITICAL,PIVI_SW4100,gen4,True,True,49664,System
LOG_00155,"[02.01.26 01:22:03] ERRMEM: VERSIONINFO: PIVI_SW4100
[02.01.26 01:22:03] Platform: gen3
[02.01.26 01:22:03] Component: FileSystem
[02.01.26 01:22:03] ERROR: MOUNT in FileSystem
[02.01.26 01:22:03] ERROR: DISK in FileSystem
[02.01.26 01:22:03] ERROR: FILESYSTEM in FileSystem
[02.01.26 01:22:03] INFO: System running normally
[02.01.26 01:22:03] DEBUG: Processing event queue
[02.01.26 01:22:03] INFO: Component initialized successfully",File System Error,MEDIUM,PIVI_SW4100,gen3,False,True,7696,FileSystem
LOG_00156,"[20.01.26 01:22:03] ERRMEM: VERSIONINFO: PIVI_SW4110
[20.01.26 01:22:03] Platform: gen3
[20.01.26 01:22:03] Component: System
[20.01.26 01:22:03] WARNING: Task execution time exceeded threshold
[20.01.26 01:22:03] ERROR: WATCHDOG_RESET triggered
[20.01.26 01:22:03] TRACE: System reset due to watchdog timeout
[20.01.26 01:22:03] INFO: Last task: System_handler
[20.01.26 01:22:03] CRITICAL: System RESET
[20.01.26 01:22:03] INFO: System running normally
[20.01.26 01:22:03] DEBUG: Processing event queue",Watchdog Timeout,CRITICAL,PIVI_SW4110,gen3,False,False,26735,Power
LOG_00157,"[06.01.26 01:22:03] ERRMEM: VERSIONINFO: PIVI_SW4110
[06.01.26 01:22:03] Platform: gen4
[06.01.26 01:22:03] Component: System
[06.01.26 01:22:03] ERROR: COMPLETED in System
[06.01.26 01:22:03] ERROR: COMPLETED in System
[06.01.26 01:22:03] ERROR: NORMAL in System
[06.01.26 01:22:03] ERROR: OK in System
[06.01.26 01:22:03] ERROR: NORMAL in System
[06.01.26 01:22:03] INFO: Component initialized successfully",No Issue,LOW,PIVI_SW4110,gen4,False,False,44047,System
LOG_00158,"[29.12.25 01:22:03] ERRMEM: VERSIONINFO: AIVI_SW5244
[29.12.25 01:22:03] Platform: gen4
[29.12.25 01:22:03] Component: Storage
[29.12.25 01:22:03] ERROR: INODE in Storage
[29.12.25 01:22:03] ERROR: MOUNT in Storage
[29.12.25 01:22:03] ERROR: READ in Storage
[29.12.25 01:22:03] ERROR: DISK in Storage
[29.12.25 01:22:03] ERROR: CORRUPT in Storage
[29.12.25 01:22:03] INFO: System running normally",File System Error,MEDIUM,AIVI_SW5244,gen4,True,False,33560,FileSystem
LOG_00159,"[17.01.26 01:22:03] ERRMEM: VERSIONINFO: PIVI_SW4100
[17.01.26 01:22:03] Platform: gen3
[17.01.26 01:22:03] Component: Sensors
[17.01.26 01:22:03] ERROR: HARDWARE in Sensors
[17.01.26 01:22:03] ERROR: GPIO in Sensors
[17.01.26 01:22:03] ERROR: I2C in Sensors
[17.01.26 01:22:03] ERROR: I2C in Sensors
[17.01.26 01:22:03] ERROR: SENSOR in Sensors
[17.01.26 01:22:03] ERROR: SENSOR in Sensors
[17.01.26 01:22:03] INFO: System running normally
[17.01.26 01:22:03] INFO: Component initialized successfully",Hardware Fault,HIGH,PIVI_SW4100,gen3,False,False,21455,Sensors
LOG_00160,"[29.12.25 01:22:03] ERRMEM: VERSIONINFO: AIVI_SW5250
[29.12.25 01:22:03] Platform: gen4
[29.12.25 01:22:03] Component: System
[29.12.25 01:22:03] ERROR: COMPLETED in System
[29.12.25 01:22:03] ERROR: SUCCESS in System
[29.12.25 01:22:03] ERROR: SUCCESS in System
[29.12.25 01:22:03] ERROR: OK in System
[29.12.25 01:22:03] INFO: System running normally
[29.12.25 01:22:03] INFO: Component initialized successfully",No Issue,LOW,AIVI_SW5250,gen4,True,False,19468,System
LOG_00161,"[19.01.26 01:22:03] ERRMEM: VERSIONINFO: AIVI_SW5244
[19.01.26 01:22:03] Platform: gen4
[19.01.26 01:22:03] Component: SW_SWUPDATE
[19.01.26 01:22:03] INFO: Starting software update
[19.01.26 01:22:03] WARNING: Update verification failed
[19.01.26 01:22:03] ERROR: Flash write error at block 485
[19.01.26 01:22:03] TRACE: Rolling back to previous version
[19.01.26 01:22:03] CRITICAL: Software UPGRADE
[19.01.26 01:22:03] DEBUG: Processing event queue
[19.01.26 01:22:03] INFO: System running normally
[19.01.26 01:22:03] INFO: Component initialized successfully",SW Update Failure,HIGH,AIVI_SW5244,gen4,False,False,14337,SW_SWUPDATE
LOG_00162,"[03.01.26 01:22:03] ERRMEM: VERSIONINFO: PIVI_SW4100
[03.01.26 01:22:03] Platform: gen3
[03.01.26 01:22:03] Component: Unknown
[03.01.26 01:22:03] ERROR: EXCEPTION in Unknown
[03.01.26 01:22:03] ERROR: ISSUE in Unknown
[03.01.26 01:22:03] ERROR: FAILED in Unknown
[03.01.26 01:22:03] INFO: System running normally
[03.01.26 01:22:03] INFO: Component initialized successfully
[03.01.26 01:22:03] DEBUG: Processing event queue",Unknown Issue,MEDIUM,PIVI_SW4100,gen3,True,True,24475,Unknown
LOG_00163,"[17.01.26 01:22:03] ERRMEM: VERSIONINFO: AIVI_SW5250
[17.01.26 01:22:03] Platform: gen4
[17.01.26 01:22:03] Component: Unknown
[17.01.26 01:22:03] ERROR: EXCEPTION in Unknown
[17.01.26 01:22:03] ERROR: ERROR in Unknown
[17.01.26 01:22:03] ERROR: WARNING in Unknown
[17.01.26 01:22:03] ERROR: EXCEPTION in Unknown
[17.01.26 01:22:03] ERROR: FAILED in Unknown
[17.01.26 01:22:03] DEBUG: Processing event queue
[17.01.26 01:22:03] INFO: System running normally",Unknown Issue,MEDIUM,AIVI_SW5250,gen4,False,False,2338,Unknown
LOG_00164,"[02.01.26 01:22:03] ERRMEM: VERSIONINFO: PIVI_SW4100
[02.01.26 01:22:03] Platform: gen3
[02.01.26 01:22:03] Component: Multimedia
[02.01.26 01:22:03] WARNING: High memory usage detected
[02.01.26 01:22:03] ERROR: Heap allocation failed in Multimedia
[02.01.26 01:22:03] TRACE: malloc returned NULL
[02.01.26 01:22:03] INFO: Available memory: 128 KB / 2048 KB
[02.01.26 01:22:03] ERROR: Memory leak suspected in navigation module
[02.01.26 01:22:03] TRACE: OOM - size: 2975 bytes
[02.01.26 01:22:03] DEBUG: Processing event queue
[02.01.26 01:22:03] INFO: Component initialized successfully
[02.01.26 01:22:03] INFO: System running normally",Memory Leak,HIGH,PIVI_SW4100,gen3,False,False,981,Multimedia
LOG_00165,"[15.01.26 01:22:03] ERRMEM: VERSIONINFO: AIVI_SW5250
[15.01.26 01:22:03] Platform: gen3
[15.01.26 01:22:03] Component: System
[15.01.26 01:22:03] INFO: Starting software update
[15.01.26 01:22:03] WARNING: Update verification failed
[15.01.26 01:22:03] ERROR: Flash write error at block 723
[15.01.26 01:22:03] TRACE: Rolling back to previous version
[15.01.26 01:22:03] CRITICAL: Software VERSION
[15.01.26 01:22:03] INFO: Component initialized successfully
[15.01.26 01:22:03] DEBUG: Processing event queue
[15.01.26 01:22:03] INFO: System running normally",SW Update Failure,HIGH,AIVI_SW5250,gen3,False,False,20319,System
LOG_00166,"[18.01.26 01:22:03] ERRMEM: VERSIONINFO: AIVI_SW5250
[18.01.26 01:22:03] Platform: gen4
[18.01.26 01:22:03] Component: Communication
[18.01.26 01:22:03] ERROR: REFUSED in Communication
[18.01.26 01:22:03] ERROR: CONNECTION in Communication
[18.01.26 01:22:03] ERROR: SOCKET in Communication
[18.01.26 01:22:03] DEBUG: Processing event queue
[18.01.26 01:22:03] INFO: System running normally",Network Timeout,LOW,AIVI_SW5250,gen4,False,False,44727,Communication
LOG_00167,"[01.01.26 01:22:03] ERRMEM: VERSIONINFO: AIVI_SW5244
[01.01.26 01:22:03] Platform: gen4
[01.01.26 01:22:03] Component: Kernel
[01.01.26 01:22:03] CRITICAL: Kernel panic detected
[01.01.26 01:22:03] ERROR: Unable to handle kernel NULL pointer dereference
[01.01.26 01:22:03] TRACE: Exception at address 0x0640
[01.01.26 01:22:03] ERROR: CPU 1 KERNEL
[01.01.26 01:22:03] CRITICAL: System halted
[01.01.26 01:22:03] INFO: Component initialized successfully
[01.01.26 01:22:03] DEBUG: Processing event queue",Kernel Panic,CRITICAL,AIVI_SW5244,gen4,True,False,31165,Kernel
LOG_00168,"[31.12.25 01:22:03] ERRMEM: VERSIONINFO: PIVI_SW4100
[31.12.25 01:22:03] Platform: gen4
[31.12.25 01:22:03] Component: Kernel
[31.12.25 01:22:03] WARNING: Task execution time exceeded threshold
[31.12.25 01:22:03] ERROR: WATCHDOG_RESET triggered
[31.12.25 01:22:03] TRACE: System reset due to watchdog timeout
[31.12.25 01:22:03] INFO: Last task: Kernel_handler
[31.12.25 01:22:03] CRITICAL: System HANG
[31.12.25 01:22:03] DEBUG: Processing event queue
[31.12.25 01:22:03] INFO: System running normally",Watchdog Timeout,CRITICAL,PIVI_SW4100,gen4,False,False,544,Kernel
LOG_00169,"[19.01.26 01:22:03] ERRMEM: VERSIONINFO: AIVI_SW5244
[19.01.26 01:22:03] Platform: gen4
[19.01.26 01:22:03] Component: FileSystem
[19.01.26 01:22:03] ERROR: INODE in FileSystem
[19.01.26 01:22:03] ERROR: MOUNT in FileSystem
[19.01.26 01:22:03] ERROR: MOUNT in FileSystem
[19.01.26 01:22:03] ERROR: MOUNT in FileSystem
[19.01.26 01:22:03] DEBUG: Processing event queue
[19.01.26 01:22:03] INFO: System running normally
[19.01.26 01:22:03] INFO: Component initialized successfully",File System Error,MEDIUM,AIVI_SW5244,gen4,False,True,27089,FileSystem
LOG_00170,"[09.01.26 01:22:03] ERRMEM: VERSIONINFO: AIVI_SW5244
[09.01.26 01:22:03] Platform: gen3
[09.01.26 01:22:03] Component: Multimedia
[09.01.26 01:22:03] WARNING: High memory usage detected
[09.01.26 01:22:03] ERROR: Heap allocation failed in Multimedia
[09.01.26 01:22:03] TRACE: malloc returned NULL
[09.01.26 01:22:03] INFO: Available memory: 128 KB / 2048 KB
[09.01.26 01:22:03] ERROR: Memory leak suspected in navigation module
[09.01.26 01:22:03] TRACE: HEAP - size: 3234 bytes
[09.01.26 01:22:03] INFO: System running normally
[09.01.26 01:22:03] INFO: Component initialized successfully",Memory Leak,HIGH,AIVI_SW5244,gen3,False,True,34338,Navigation
LOG_00171,"[30.12.25 01:22:03] ERRMEM: VERSIONINFO: PIVI_SW4110
[30.12.25 01:22:03] Platform: gen3
[30.12.25 01:22:03] Component: Unknown
[30.12.25 01:22:03] ERROR: WARNING in Unknown
[30.12.25 01:22:03] ERROR: FAILED in Unknown
[30.12.25 01:22:03] ERROR: ISSUE in Unknown
[30.12.25 01:22:03] ERROR: ERROR in Unknown
[30.12.25 01:22:03] ERROR: ISSUE in Unknown
[30.12.25 01:22:03] ERROR: ISSUE in Unknown
[30.12.25 01:22:03] INFO: Component initialized successfully
[30.12.25 01:22:03] DEBUG: Processing event queue",Unknown Issue,MEDIUM,PIVI_SW4110,gen3,False,False,22015,Unknown
LOG_00172,"[05.01.26 01:22:03] ERRMEM: VERSIONINFO: AIVI_SW5244
[05.01.26 01:22:03] Platform: gen3
[05.01.26 01:22:03] Component: System
[05.01.26 01:22:03] CRITICAL: Kernel panic detected
[05.01.26 01:22:03] ERROR: Unable to handle kernel NULL pointer dereference
[05.01.26 01:22:03] TRACE: Exception at address 0x1C35
[05.01.26 01:22:03] ERROR: CPU 2 FAULT
[05.01.26 01:22:03] CRITICAL: System halted
[05.01.26 01:22:03] DEBUG: Processing event queue
[05.01.26 01:22:03] INFO: Component initialized successfully
[05.01.26 01:22:03] INFO: System running normally",Kernel Panic,CRITICAL,AIVI_SW5244,gen3,False,False,20776,Kernel
LOG_00173,"[06.01.26 01:22:03] ERRMEM: VERSIONINFO: PIVI_SW4100
[06.01.26 01:22:03] Platform: gen4
[06.01.26 01:22:03] Component: CAN
[06.01.26 01:22:03] WARNING: CAN bus error detected
[06.01.26 01:22:03] ERROR: Frame transmission failed on CAN2
[06.01.26 01:22:03] TRACE: Bus-off state entered
[06.01.26 01:22:03] INFO: Error counter: 216
[06.01.26 01:22:03] ERROR: ARBITRATION on CAN interface
[06.01.26 01:22:03] DEBUG: Processing event queue
[06.01.26 01:22:03] INFO: Component initialized successfully
[06.01.26 01:22:03] INFO: System running normally",CAN Bus Error,MEDIUM,PIVI_SW4100,gen4,True,False,37926,Network
LOG_00174,"[27.12.25 01:22:03] ERRMEM: VERSIONINFO: AIVI_SW5250
[27.12.25 01:22:03] Platform: gen3
[27.12.25 01:22:03] Component: Navigation
[27.12.25 01:22:03] WARNING: High memory usage detected
[27.12.25 01:22:03] ERROR: Heap allocation failed in Navigation
[27.12.25 01:22:03] TRACE: malloc returned NULL
[27.12.25 01:22:03] INFO: Available memory: 128 KB / 2048 KB
[27.12.25 01:22:03] ERROR: Memory leak suspected in navigation module
[27.12.25 01:22:03] TRACE: HEAP - size: 2299 bytes
[27.12.25 01:22:03] DEBUG: Processing event queue",Memory Leak,HIGH,AIVI_SW5250,gen3,True,True,19669,Audio
LOG_00175,"[05.01.26 01:22:03] ERRMEM: VERSIONINFO: PIVI_SW4110
[05.01.26 01:22:03] Platform: gen3
[05.01.26 01:22:03] Component: Power
[05.01.26 01:22:03] WARNING: Task execution time exceeded threshold
[05.01.26 01:22:03] ERROR: WATCHDOG_RESET triggered
[05.01.26 01:22:03] TRACE: System reset due to watchdog timeout
[05.01.26 01:22:03] INFO: Last task: Power_handler
[05.01.26 01:22:03] CRITICAL: System HANG
[05.01.26 01:22:03] INFO: Component initialized successfully
[05.01.26 01:22:03] INFO: System running normally
[05.01.26 01:22:03] DEBUG: Processing event queue",Watchdog Timeout,CRITICAL,PIVI_SW4110,gen3,True,True,1615,System
LOG_00176,"[30.12.25 01:22:03] ERRMEM: VERSIONINFO: AIVI_SW5250
[30.12.25 01:22:03] Platform: gen3
[30.12.25 01:22:03] Component: System
[30.12.25 01:22:03] ERROR: OK in System
[30.12.25 01:22:03] ERROR: SUCCESS in System
[30.12.25 01:22:03] ERROR: COMPLETED in System
[30.12.25 01:22:03] ERROR: SUCCESS in System
[30.12.25 01:22:03] ERROR: RUNNING in System
[30.12.25 01:22:03] INFO: Component initialized successfully
[30.12.25 01:22:03] DEBUG: Processing event queue
[30.12.25 01:22:03] INFO: System running normally",No Issue,LOW,AIVI_SW5250,gen3,True,True,10318,System
LOG_00177,"[28.12.25 01:22:03] ERRMEM: VERSIONINFO: AIVI_SW5250
[28.12.25 01:22:03] Platform: gen3
[28.12.25 01:22:03] Component: Audio
[28.12.25 01:22:03] WARNING: High memory usage detected
[28.12.25 01:22:03] ERROR: Heap allocation failed in Audio
[28.12.25 01:22:03] TRACE: malloc returned NULL
[28.12.25 01:22:03] INFO: Available memory: 128 KB / 2048 KB
[28.12.25 01:22:03] ERROR: Memory leak suspected in navigation module
[28.12.25 01:22:03] TRACE: OOM - size: 1557 bytes
[28.12.25 01:22:03] DEBUG: Processing event queue
[28.12.25 01:22:03] INFO: System running normally",Memory Leak,HIGH,AIVI_SW5250,gen3,False,True,4360,Audio
LOG_00178,"[09.01.26 01:22:03] ERRMEM: VERSIONINFO: PIVI_SW4100
[09.01.26 01:22:03] Platform: gen3
[09.01.26 01:22:03] Component: Unknown
[09.01.26 01:22:03] ERROR: WARNING in Unknown
[09.01.26 01:22:03] ERROR: WARNING in Unknown
[09.01.26 01:22:03] ERROR: FAILED in Unknown
[09.01.26 01:22:03] ERROR: FAILED in Unknown
[09.01.26 01:22:03] ERROR: EXCEPTION in Unknown
[09.01.26 01:22:03] ERROR: EXCEPTION in Unknown
[09.01.26 01:22:03] INFO: System running normally
[09.01.26 01:22:03] DEBUG: Processing event queue",Unknown Issue,MEDIUM,PIVI_SW4100,gen3,False,True,14006,Unknown
LOG_00179,"[16.01.26 01:22:03] ERRMEM: VERSIONINFO: PIVI_SW4110
[16.01.26 01:22:03] Platform: gen3
[16.01.26 01:22:03] Component: System
[16.01.26 01:22:03] ERROR: RUNNING in System
[16.01.26 01:22:03] ERROR: OK in System
[16.01.26 01:22:03] ERROR: RUNNING in System
[16.01.26 01:22:03] ERROR: OK in System
[16.01.26 01:22:03] ERROR: RUNNING in System
[16.01.26 01:22:03] INFO: Component initialized successfully
[16.01.26 01:22:03] INFO: System running normally",No Issue,LOW,PIVI_SW4110,gen3,True,False,22749,System
LOG_00180,"[15.01.26 01:22:03] ERRMEM: VERSIONINFO: AIVI_SW5244
[15.01.26 01:22:03] Platform: gen3
[15.01.26 01:22:03] Component: System
[15.01.26 01:22:03] ERROR: SUCCESS in System
[15.01.26 01:22:03] ERROR: NORMAL in System
[15.01.26 01:22:03] ERROR: SUCCESS in System
[15.01.26 01:22:03] ERROR: NORMAL in System
[15.01.26 01:22:03] ERROR: COMPLETED in System
[15.01.26 01:22:03] ERROR: RUNNING in System
[15.01.26 01:22:03] INFO: Component initialized successfully",No Issue,LOW,AIVI_SW5244,gen3,True,True,47070,System
LOG_00181,"[21.01.26 01:22:03] ERRMEM: VERSIONINFO: AIVI_SW5250
[21.01.26 01:22:03] Platform: gen4
[21.01.26 01:22:03] Component: System
[21.01.26 01:22:03] WARNING: Task execution time exceeded threshold
[21.01.26 01:22:03] ERROR: WATCHDOG_RESET triggered
[21.01.26 01:22:03] TRACE: System reset due to watchdog timeout
[21.01.26 01:22:03] INFO: Last task: System_handler
[21.01.26 01:22:03] CRITICAL: System TIMEOUT
[21.01.26 01:22:03] INFO: Component initialized successfully
[21.01.26 01:22:03] DEBUG: Processing event queue",Watchdog Timeout,CRITICAL,AIVI_SW5250,gen4,True,False,12733,Kernel
LOG_00182,"[07.01.26 01:22:03] ERRMEM: VERSIONINFO: PIVI_SW4100
[07.01.26 01:22:03] Platform: gen3
[07.01.26 01:22:03] Component: SW_SWUPDATE
[07.01.26 01:22:03] INFO: Starting software update
[07.01.26 01:22:03] WARNING: Update verification failed
[07.01.26 01:22:03] ERROR: Flash write error at block 496
[07.01.26 01:22:03] TRACE: Rolling back to previous version
[07.01.26 01:22:03] CRITICAL: Software FAILED
[07.01.26 01:22:03] INFO: Component initialized successfully
[07.01.26 01:22:03] DEBUG: Processing event queue
[07.01.26 01:22:03] INFO: System running normally",SW Update Failure,HIGH,PIVI_SW4100,gen3,False,True,28941,SW_SWUPDATE
LOG_00183,"[05.01.26 01:22:03] ERRMEM: VERSIONINFO: AIVI_SW5250
[05.01.26 01:22:03] Platform: gen3
[05.01.26 01:22:03] Component: System
[05.01.26 01:22:03] WARNING: Task execution time exceeded threshold
[05.01.26 01:22:03] ERROR: WATCHDOG_RESET triggered
[05.01.26 01:22:03] TRACE: System reset due to watchdog timeout
[05.01.26 01:22:03] INFO: Last task: System_handler
[05.01.26 01:22:03] CRITICAL: System WDT
[05.01.26 01:22:03] DEBUG: Processing event queue
[05.01.26 01:22:03] INFO: System running normally
[05.01.26 01:22:03] INFO: Component initialized successfully",Watchdog Timeout,CRITICAL,AIVI_SW5250,gen3,True,True,19908,Power
LOG_00184,"[26.12.25 01:22:03] ERRMEM: VERSIONINFO: AIVI_SW5244
[26.12.25 01:22:03] Platform: gen3
[26.12.25 01:22:03] Component: Hardware
[26.12.25 01:22:03] ERROR: GPIO in Hardware
[26.12.25 01:22:03] ERROR: FAULT in Hardware
[26.12.25 01:22:03] ERROR: I2C in Hardware
[26.12.25 01:22:03] DEBUG: Processing event queue",Hardware Fault,HIGH,AIVI_SW5244,gen3,True,False,14214,Sensors
LOG_00185,"[18.01.26 01:22:03] ERRMEM: VERSIONINFO: PIVI_SW4110
[18.01.26 01:22:03] Platform: gen4
[18.01.26 01:22:03] Component: Communication
[18.01.26 01:22:03] ERROR: TCP in Communication
[18.01.26 01:22:03] ERROR: SOCKET in Communication
[18.01.26 01:22:03] ERROR: TCP in Communication
[18.01.26 01:22:03] INFO: System running normally",Network Timeout,LOW,PIVI_SW4110,gen4,True,False,12875,Communication
LOG_00186,"[12.01.26 01:22:03] ERRMEM: VERSIONINFO: PIVI_SW4100
[12.01.26 01:22:03] Platform: gen4
[12.01.26 01:22:03] Component: System
[12.01.26 01:22:03] ERROR: SUCCESS in System
[12.01.26 01:22:03] ERROR: SUCCESS in System
[12.01.26 01:22:03] ERROR: NORMAL in System
[12.01.26 01:22:03] ERROR: OK in System
[12.01.26 01:22:03] INFO: System running normally
[12.01.26 01:22:03] DEBUG: Processing event queue
[12.01.26 01:22:03] INFO: Component initialized successfully",No Issue,LOW,PIVI_SW4100,gen4,False,True,23586,System
LOG_00187,"[04.01.26 01:22:03] ERRMEM: VERSIONINFO: PIVI_SW4100
[04.01.26 01:22:03] Platform: gen3
[04.01.26 01:22:03] Component: Network
[04.01.26 01:22:03] ERROR: NETWORK in Network
[04.01.26 01:22:03] ERROR: REFUSED in Network
[04.01.26 01:22:03] ERROR: REFUSED in Network
[04.01.26 01:22:03] ERROR: REFUSED in Network
[04.01.26 01:22:03] DEBUG: Processing event queue
[04.01.26 01:22:03] INFO: System running normally",Network Timeout,LOW,PIVI_SW4100,gen3,False,False,33308,Communication
LOG_00188,"[08.01.26 01:22:03] ERRMEM: VERSIONINFO: PIVI_SW4110
[08.01.26 01:22:03] Platform: gen4
[08.01.26 01:22:03] Component: SW_SWUPDATE
[08.01.26 01:22:03] INFO: Starting software update
[08.01.26 01:22:03] WARNING: Update verification failed
[08.01.26 01:22:03] ERROR: Flash write error at block 497
[08.01.26 01:22:03] TRACE: Rolling back to previous version
[08.01.26 01:22:03] CRITICAL: Software VERSION
[08.01.26 01:22:03] INFO: Component initialized successfully
[08.01.26 01:22:03] DEBUG: Processing event queue
[08.01.26 01:22:03] INFO: System running normally",SW Update Failure,HIGH,PIVI_SW4110,gen4,True,True,46638,System
LOG_00189,"[02.01.26 01:22:03] ERRMEM: VERSIONINFO: PIVI_SW4110
[02.01.26 01:22:03] Platform: gen3
[02.01.26 01:22:03] Component: SW_SWUPDATE
[02.01.26 01:22:03] INFO: Starting software update
[02.01.26 01:22:03] WARNING: Update verification failed
[02.01.26 01:22:03] ERROR: Flash write error at block 717
[02.01.26 01:22:03] TRACE: Rolling back to previous version
[02.01.26 01:22:03] CRITICAL: Software VERSION
[02.01.26 01:22:03] INFO: System running normally
[02.01.26 01:22:03] INFO: Component initialized successfully",SW Update Failure,HIGH,PIVI_SW4110,gen3,False,False,40732,SW_SWUPDATE
LOG_00190,"[03.01.26 01:22:03] ERRMEM: VERSIONINFO: PIVI_SW4100
[03.01.26 01:22:03] Platform: gen4
[03.01.26 01:22:03] Component: Sensors
[03.01.26 01:22:03] ERROR: FAULT in Sensors
[03.01.26 01:22:03] ERROR: HARDWARE in Sensors
[03.01.26 01:22:03] ERROR: I2C in Sensors
[03.01.26 01:22:03] INFO: System running normally
[03.01.26 01:22:03] INFO: Component initialized successfully
[03.01.26 01:22:03] DEBUG: Processing event queue",Hardware Fault,HIGH,PIVI_SW4100,gen4,True,False,12542,Hardware
LOG_00191,"[27.12.25 01:22:03] ERRMEM: VERSIONINFO: AIVI_SW5250
[27.12.25 01:22:03] Platform: gen3
[27.12.25 01:22:03] Component: Navigation
[27.12.25 01:22:03] WARNING: High memory usage detected
[27.12.25 01:22:03] ERROR: Heap allocation failed in Navigation
[27.12.25 01:22:03] TRACE: malloc returned NULL
[27.12.25 01:22:03] INFO: Available memory: 128 KB / 2048 KB
[27.12.25 01:22:03] ERROR: Memory leak suspected in navigation module
[27.12.25 01:22:03] TRACE: HEAP - size: 152 bytes
[27.12.25 01:22:03] INFO: System running normally
[27.12.25 01:22:03] DEBUG: Processing event queue
[27.12.25 01:22:03] INFO: Component initialized successfully",Memory Leak,HIGH,AIVI_SW5250,gen3,True,False,30742,Navigation
LOG_00192,"[20.01.26 01:22:03] ERRMEM: VERSIONINFO: PIVI_SW4110
[20.01.26 01:22:03] Platform: gen3
[20.01.26 01:22:03] Component: Audio
[20.01.26 01:22:03] WARNING: High memory usage detected
[20.01.26 01:22:03] ERROR: Heap allocation failed in Audio
[20.01.26 01:22:03] TRACE: malloc returned NULL
[20.01.26 01:22:03] INFO: Available memory: 128 KB / 2048 KB
[20.01.26 01:22:03] ERROR: Memory leak suspected in navigation module
[20.01.26 01:22:03] TRACE: HEAP - size: 1082 bytes
[20.01.26 01:22:03] INFO: Component initialized successfully",Memory Leak,HIGH,PIVI_SW4110,gen3,True,True,4588,Multimedia
LOG_00193,"[05.01.26 01:22:03] ERRMEM: VERSIONINFO: AIVI_SW5244
[05.01.26 01:22:03] Platform: gen3
[05.01.26 01:22:03] Component: Multimedia
[05.01.26 01:22:03] WARNING: High memory usage detected
[05.01.26 01:22:03] ERROR: Heap allocation failed in Multimedia
[05.01.26 01:22:03] TRACE: malloc returned NULL
[05.01.26 01:22:03] INFO: Available memory: 128 KB / 2048 KB
[05.01.26 01:22:03] ERROR: Memory leak suspected in navigation module
[05.01.26 01:22:03] TRACE: OOM - size: 2071 bytes
[05.01.26 01:22:03] DEBUG: Processing event queue",Memory Leak,HIGH,AIVI_SW5244,gen3,False,False,17330,Navigation
LOG_00194,"[17.01.26 01:22:03] ERRMEM: VERSIONINFO: AIVI_SW5244
[17.01.26 01:22:03] Platform: gen4
[17.01.26 01:22:03] Component: Unknown
[17.01.26 01:22:03] ERROR: ISSUE in Unknown
[17.01.26 01:22:03] ERROR: ISSUE in Unknown
[17.01.26 01:22:03] ERROR: WARNING in Unknown
[17.01.26 01:22:03] ERROR: ISSUE in Unknown
[17.01.26 01:22:03] INFO: System running normally
[17.01.26 01:22:03] INFO: Component initialized successfully
[17.01.26 01:22:03] DEBUG: Processing event queue",Unknown Issue,MEDIUM,AIVI_SW5244,gen4,True,True,3014,Unknown
LOG_00195,"[03.01.26 01:22:03] ERRMEM: VERSIONINFO: PIVI_SW4100
[03.01.26 01:22:03] Platform: gen4
[03.01.26 01:22:03] Component: SW_SWUPDATE
[03.01.26 01:22:03] INFO: Starting software update
[03.01.26 01:22:03] WARNING: Update verification failed
[03.01.26 01:22:03] ERROR: Flash write error at block 472
[03.01.26 01:22:03] TRACE: Rolling back to previous version
[03.01.26 01:22:03] CRITICAL: Software FAILED
[03.01.26 01:22:03] DEBUG: Processing event queue
[03.01.26 01:22:03] INFO: System running normally
[03.01.26 01:22:03] INFO: Component initialized successfully",SW Update Failure,HIGH,PIVI_SW4100,gen4,True,True,10978,System
LOG_00196,"[28.12.25 01:22:03] ERRMEM: VERSIONINFO: AIVI_SW5244
[28.12.25 01:22:03] Platform: gen3
[28.12.25 01:22:03] Component: Network
[28.12.25 01:22:03] ERROR: REFUSED in Network
[28.12.25 01:22:03] ERROR: TCP in Network
[28.12.25 01:22:03] ERROR: TIMEOUT in Network
[28.12.25 01:22:03] ERROR: REFUSED in Network
[28.12.25 01:22:03] ERROR: REFUSED in Network
[28.12.25 01:22:03] ERROR: NETWORK in Network
[28.12.25 01:22:03] DEBUG: Processing event queue
[28.12.25 01:22:03] INFO: Component initialized successfully
[28.12.25 01:22:03] INFO: System running normally",Network Timeout,LOW,AIVI_SW5244,gen3,True,False,41733,Network
LOG_00197,"[27.12.25 01:22:03] ERRMEM: VERSIONINFO: AIVI_SW5250
[27.12.25 01:22:03] Platform: gen3
[27.12.25 01:22:03] Component: Audio
[27.12.25 01:22:03] WARNING: High memory usage detected
[27.12.25 01:22:03] ERROR: Heap allocation failed in Audio
[27.12.25 01:22:03] TRACE: malloc returned NULL
[27.12.25 01:22:03] INFO: Available memory: 128 KB / 2048 KB
[27.12.25 01:22:03] ERROR: Memory leak suspected in navigation module
[27.12.25 01:22:03] TRACE: OOM - size: 3876 bytes
[27.12.25 01:22:03] INFO: System running normally
[27.12.25 01:22:03] INFO: Component initialized successfully",Memory Leak,HIGH,AIVI_SW5250,gen3,True,True,5876,Multimedia
LOG_00198,"[03.01.26 01:22:03] ERRMEM: VERSIONINFO: AIVI_SW5250
[03.01.26 01:22:03] Platform: gen4
[03.01.26 01:22:03] Component: System
[03.01.26 01:22:03] ERROR: COMPLETED in System
[03.01.26 01:22:03] ERROR: COMPLETED in System
[03.01.26 01:22:03] ERROR: OK in System
[03.01.26 01:22:03] ERROR: RUNNING in System
[03.01.26 01:22:03] INFO: System running normally
[03.01.26 01:22:03] INFO: Component initialized successfully",No Issue,LOW,AIVI_SW5250,gen4,False,True,15359,System
LOG_00199,"[23.12.25 01:22:03] ERRMEM: VERSIONINFO: AIVI_SW5250
[23.12.25 01:22:03] Platform: gen3
[23.12.25 01:22:03] Component: Audio
[23.12.25 01:22:03] WARNING: High memory usage detected
[23.12.25 01:22:03] ERROR: Heap allocation failed in Audio
[23.12.25 01:22:03] TRACE: malloc returned NULL
[23.12.25 01:22:03] INFO: Available memory: 128 KB / 2048 KB
[23.12.25 01:22:03] ERROR: Memory leak suspected in navigation module
[23.12.25 01:22:03] TRACE: LEAK - size: 4584 bytes
[23.12.25 01:22:03] DEBUG: Processing event queue
[23.12.25 01:22:03] INFO: System running normally",Memory Leak,HIGH,AIVI_SW5250,gen3,False,True,36926,Audio
LOG_00200,"[27.12.25 01:22:03] ERRMEM: VERSIONINFO: AIVI_SW5244
[27.12.25 01:22:03] Platform: gen3
[27.12.25 01:22:03] Component: System
[27.12.25 01:22:03] ERROR: SUCCESS in System
[27.12.25 01:22:03] ERROR: NORMAL in System
[27.12.25 01:22:03] ERROR: NORMAL in System
[27.12.25 01:22:03] ERROR: NORMAL in System
[27.12.25 01:22:03] INFO: Component initialized successfully
[27.12.25 01:22:03] INFO: System running normally",No Issue,LOW,AIVI_SW5244,gen3,False,True,23501,System
LOG_00201,"[01.01.26 01:22:03] ERRMEM: VERSIONINFO: PIVI_SW4110
[01.01.26 01:22:03] Platform: gen4
[01.01.26 01:22:03] Component: SW_SWUPDATE
[01.01.26 01:22:03] INFO: Starting software update
[01.01.26 01:22:03] WARNING: Update verification failed
[01.01.26 01:22:03] ERROR: Flash write error at block 355
[01.01.26 01:22:03] TRACE: Rolling back to previous version
[01.01.26 01:22:03] CRITICAL: Software FAILED
[01.01.26 01:22:03] DEBUG: Processing event queue
[01.01.26 01:22:03] INFO: Component initialized successfully",SW Update Failure,HIGH,PIVI_SW4110,gen4,True,False,16580,System
LOG_00202,"[16.01.26 01:22:03] ERRMEM: VERSIONINFO: AIVI_SW5244
[16.01.26 01:22:03] Platform: gen3
[16.01.26 01:22:03] Component: Storage
[16.01.26 01:22:03] ERROR: INODE in Storage
[16.01.26 01:22:03] ERROR: MOUNT in Storage
[16.01.26 01:22:03] ERROR: INODE in Storage
[16.01.26 01:22:03] ERROR: FILESYSTEM in Storage
[16.01.26 01:22:03] ERROR: CORRUPT in Storage
[16.01.26 01:22:03] DEBUG: Processing event queue
[16.01.26 01:22:03] INFO: System running normally
[16.01.26 01:22:03] INFO: Component initialized successfully",File System Error,MEDIUM,AIVI_SW5244,gen3,False,True,44837,Storage
LOG_00203,"[22.01.26 01:22:03] ERRMEM: VERSIONINFO: PIVI_SW4100
[22.01.26 01:22:03] Platform: gen4
[22.01.26 01:22:03] Component: Network
[22.01.26 01:22:03] ERROR: SOCKET in Network
[22.01.26 01:22:03] ERROR: CONNECTION in Network
[22.01.26 01:22:03] ERROR: CONNECTION in Network
[22.01.26 01:22:03] ERROR: NETWORK in Network
[22.01.26 01:22:03] ERROR: TCP in Network
[22.01.26 01:22:03] INFO: Component initialized successfully
[22.01.26 01:22:03] INFO: System running normally",Network Timeout,LOW,PIVI_SW4100,gen4,False,False,24682,Communication
LOG_00204,"[08.01.26 01:22:03] ERRMEM: VERSIONINFO: AIVI_SW5250
[08.01.26 01:22:03] Platform: gen4
[08.01.26 01:22:03] Component: Unknown
[08.01.26 01:22:03] ERROR: ISSUE in Unknown
[08.01.26 01:22:03] ERROR: FAILED in Unknown
[08.01.26 01:22:03] ERROR: ERROR in Unknown
[08.01.26 01:22:03] INFO: System running normally
[08.01.26 01:22:03] INFO: Component initialized successfully
[08.01.26 01:22:03] DEBUG: Processing event queue",Unknown Issue,MEDIUM,AIVI_SW5250,gen4,False,False,20389,Unknown
LOG_00205,"[17.01.26 01:22:03] ERRMEM: VERSIONINFO: PIVI_SW4110
[17.01.26 01:22:03] Platform: gen3
[17.01.26 01:22:03] Component: Network
[17.01.26 01:22:03] ERROR: TCP in Network
[17.01.26 01:22:03] ERROR: TCP in Network
[17.01.26 01:22:03] ERROR: CONNECTION in Network
[17.01.26 01:22:03] ERROR: SOCKET in Network
[17.01.26 01:22:03] INFO: Component initialized successfully
[17.01.26 01:22:03] INFO: System running normally
[17.01.26 01:22:03] DEBUG: Processing event queue",Network Timeout,LOW,PIVI_SW4110,gen3,False,False,33966,Network
LOG_00206,"[02.01.26 01:22:03] ERRMEM: VERSIONINFO: AIVI_SW5250
[02.01.26 01:22:03] Platform: gen4
[02.01.26 01:22:03] Component: Network
[02.01.26 01:22:03] ERROR: CONNECTION in Network
[02.01.26 01:22:03] ERROR: TIMEOUT in Network
[02.01.26 01:22:03] ERROR: SOCKET in Network
[02.01.26 01:22:03] DEBUG: Processing event queue",Network Timeout,LOW,AIVI_SW5250,gen4,False,False,15756,Communication
LOG_00207,"[21.01.26 01:22:03] ERRMEM: VERSIONINFO: PIVI_SW4100
[21.01.26 01:22:03] Platform: gen3
[21.01.26 01:22:03] Component: Communication
[21.01.26 01:22:03] ERROR: CONNECTION in Communication
[21.01.26 01:22:03] ERROR: TCP in Communication
[21.01.26 01:22:03] ERROR: SOCKET in Communication
[21.01.26 01:22:03] ERROR: NETWORK in Communication
[21.01.26 01:22:03] DEBUG: Processing event queue",Network Timeout,LOW,PIVI_SW4100,gen3,False,False,24185,Communication
LOG_00208,"[07.01.26 01:22:03] ERRMEM: VERSIONINFO: AIVI_SW5244
[07.01.26 01:22:03] Platform: gen4
[07.01.26 01:22:03] Component: Network
[07.01.26 01:22:03] WARNING: CAN bus error detected
[07.01.26 01:22:03] ERROR: Frame transmission failed on CAN2
[07.01.26 01:22:03] TRACE: Bus-off state entered
[07.01.26 01:22:03] INFO: Error counter: 30
[07.01.26 01:22:03] ERROR: ARBITRATION on CAN interface
[07.01.26 01:22:03] INFO: Component initialized successfully
[07.01.26 01:22:03] DEBUG: Processing event queue
[07.01.26 01:22:03] INFO: System running normally",CAN Bus Error,MEDIUM,AIVI_SW5244,gen4,False,False,49288,Network
LOG_00209,"[29.12.25 01:22:03] ERRMEM: VERSIONINFO: AIVI_SW5244
[29.12.25 01:22:03] Platform: gen3
[29.12.25 01:22:03] Component: Audio
[29.12.25 01:22:03] WARNING: High memory usage detected
[29.12.25 01:22:03] ERROR: Heap allocation failed in Audio
[29.12.25 01:22:03] TRACE: malloc returned NULL
[29.12.25 01:22:03] INFO: Available memory: 128 KB / 2048 KB
[29.12.25 01:22:03] ERROR: Memory leak suspected in navigation module
[29.12.25 01:22:03] TRACE: LEAK - size: 1096 bytes
[29.12.25 01:22:03] INFO: System running normally",Memory Leak,HIGH,AIVI_SW5244,gen3,True,False,2017,Navigation
LOG_00210,"[22.01.26 01:22:03] ERRMEM: VERSIONINFO: PIVI_SW4110
[22.01.26 01:22:03] Platform: gen3
[22.01.26 01:22:03] Component: CAN
[22.01.26 01:22:03] WARNING: CAN bus error detected
[22.01.26 01:22:03] ERROR: Frame transmission failed on CAN2
[22.01.26 01:22:03] TRACE: Bus-off state entered
[22.01.26 01:22:03] INFO: Error counter: 172
[22.01.26 01:22:03] ERROR: BUS on CAN interface
[22.01.26 01:22:03] INFO: Component initialized successfully
[22.01.26 01:22:03] DEBUG: Processing event queue",CAN Bus Error,MEDIUM,PIVI_SW4110,gen3,True,True,8994,Network
LOG_00211,"[12.01.26 01:22:03] ERRMEM: VERSIONINFO: PIVI_SW4100
[12.01.26 01:22:03] Platform: gen3
[12.01.26 01:22:03] Component: Communication
[12.01.26 01:22:03] WARNING: CAN bus error detected
[12.01.26 01:22:03] ERROR: Frame transmission failed on CAN2
[12.01.26 01:22:03] TRACE: Bus-off state entered
[12.01.26 01:22:03] INFO: Error counter: 104
[12.01.26 01:22:03] ERROR: ARBITRATION on CAN interface
[12.01.26 01:22:03] INFO: Component initialized successfully",CAN Bus Error,MEDIUM,PIVI_SW4100,gen3,False,False,25813,Communication
LOG_00212,"[11.01.26 01:22:03] ERRMEM: VERSIONINFO: PIVI_SW4110
[11.01.26 01:22:03] Platform: gen4
[11.01.26 01:22:03] Component: FileSystem
[11.01.26 01:22:03] ERROR: INODE in FileSystem
[11.01.26 01:22:03] ERROR: FILESYSTEM in FileSystem
[11.01.26 01:22:03] ERROR: DISK in FileSystem
[11.01.26 01:22:03] ERROR: READ in FileSystem
[11.01.26 01:22:03] ERROR: DISK in FileSystem
[11.01.26 01:22:03] INFO: System running normally",File System Error,MEDIUM,PIVI_SW4110,gen4,False,True,25691,FileSystem
LOG_00213,"[10.01.26 01:22:03] ERRMEM: VERSIONINFO: PIVI_SW4100
[10.01.26 01:22:03] Platform: gen3
[10.01.26 01:22:03] Component: Power
[10.01.26 01:22:03] WARNING: Task execution time exceeded threshold
[10.01.26 01:22:03] ERROR: WATCHDOG_RESET triggered
[10.01.26 01:22:03] TRACE: System reset due to watchdog timeout
[10.01.26 01:22:03] INFO: Last task: Power_handler
[10.01.26 01:22:03] CRITICAL: System RESET
[10.01.26 01:22:03] INFO: Component initialized successfully",Watchdog Timeout,CRITICAL,PIVI_SW4100,gen3,False,False,13435,System
LOG_00214,"[25.12.25 01:22:03] ERRMEM: VERSIONINFO: PIVI_SW4110
[25.12.25 01:22:03] Platform: gen4
[25.12.25 01:22:03] Component: Kernel
[25.12.25 01:22:03] CRITICAL: Kernel panic detected
[25.12.25 01:22:03] ERROR: Unable to handle kernel NULL pointer dereference
[25.12.25 01:22:03] TRACE: Exception at address 0x1C7E
[25.12.25 01:22:03] ERROR: CPU 2 EXCEPTION
[25.12.25 01:22:03] CRITICAL: System halted
[25.12.25 01:22:03] DEBUG: Processing event queue",Kernel Panic,CRITICAL,PIVI_SW4110,gen4,False,False,2345,Kernel
LOG_00215,"[15.01.26 01:22:03] ERRMEM: VERSIONINFO: PIVI_SW4100
[15.01.26 01:22:03] Platform: gen3
[15.01.26 01:22:03] Component: System
[15.01.26 01:22:03] ERROR: OK in System
[15.01.26 01:22:03] ERROR: OK in System
[15.01.26 01:22:03] ERROR: OK in System
[15.01.26 01:22:03] ERROR: OK in System
[15.01.26 01:22:03] ERROR: COMPLETED in System
[15.01.26 01:22:03] ERROR: COMPLETED in System
[15.01.26 01:22:03] INFO: System running normally",No Issue,LOW,PIVI_SW4100,gen3,True,True,46702,System
LOG_00216,"[07.01.26 01:22:03] ERRMEM: VERSIONINFO: AIVI_SW5250
[07.01.26 01:22:03] Platform: gen4
[07.01.26 01:22:03] Component: Navigation
[07.01.26 01:22:03] WARNING: High memory usage detected
[07.01.26 01:22:03] ERROR: Heap allocation failed in Navigation
[07.01.26 01:22:03] TRACE: malloc returned NULL
[07.01.26 01:22:03] INFO: Available memory: 128 KB / 2048 KB
[07.01.26 01:22:03] ERROR: Memory leak suspected in navigation module
[07.01.26 01:22:03] TRACE: LEAK - size: 273 bytes
[07.01.26 01:22:03] DEBUG: Processing event queue
[07.01.26 01:22:03] INFO: Component initialized successfully
[07.01.26 01:22:03] INFO: System running normally",Memory Leak,HIGH,AIVI_SW5250,gen4,False,False,6791,Audio
LOG_00217,"[03.01.26 01:22:03] ERRMEM: VERSIONINFO: PIVI_SW4100
[03.01.26 01:22:03] Platform: gen3
[03.01.26 01:22:03] Component: System
[03.01.26 01:22:03] WARNING: Task execution time exceeded threshold
[03.01.26 01:22:03] ERROR: WATCHDOG_RESET triggered
[03.01.26 01:22:03] TRACE: System reset due to watchdog timeout
[03.01.26 01:22:03] INFO: Last task: System_handler
[03.01.26 01:22:03] CRITICAL: System RESET
[03.01.26 01:22:03] DEBUG: Processing event queue
[03.01.26 01:22:03] INFO: Component initialized successfully",Watchdog Timeout,CRITICAL,PIVI_SW4100,gen3,True,False,21728,Power
LOG_00218,"[31.12.25 01:22:03] ERRMEM: VERSIONINFO: PIVI_SW4100
[31.12.25 01:22:03] Platform: gen3
[31.12.25 01:22:03] Component: Multimedia
[31.12.25 01:22:03] WARNING: High memory usage detected
[31.12.25 01:22:03] ERROR: Heap allocation failed in Multimedia
[31.12.25 01:22:03] TRACE: malloc returned NULL
[31.12.25 01:22:03] INFO: Available memory: 128 KB / 2048 KB
[31.12.25 01:22:03] ERROR: Memory leak suspected in navigation module
[31.12.25 01:22:03] TRACE: LEAK - size: 3812 bytes
[31.12.25 01:22:03] DEBUG: Processing event queue",Memory Leak,HIGH,PIVI_SW4100,gen3,False,False,32196,Multimedia
LOG_00219,"[25.12.25 01:22:03] ERRMEM: VERSIONINFO: AIVI_SW5250
[25.12.25 01:22:03] Platform: gen3
[25.12.25 01:22:03] Component: Power
[25.12.25 01:22:03] WARNING: Task execution time exceeded threshold
[25.12.25 01:22:03] ERROR: WATCHDOG_RESET triggered
[25.12.25 01:22:03] TRACE: System reset due to watchdog timeout
[25.12.25 01:22:03] INFO: Last task: Power_handler
[25.12.25 01:22:03] CRITICAL: System RESET
[25.12.25 01:22:03] INFO: Component initialized successfully",Watchdog Timeout,CRITICAL,AIVI_SW5250,gen3,False,True,41494,System
LOG_00220,"[14.01.26 01:22:03] ERRMEM: VERSIONINFO: PIVI_SW4110
[14.01.26 01:22:03] Platform: gen3
[14.01.26 01:22:03] Component: Communication
[14.01.26 01:22:03] WARNING: CAN bus error detected
[14.01.26 01:22:03] ERROR: Frame transmission failed on CAN2
[14.01.26 01:22:03] TRACE: Bus-off state entered
[14.01.26 01:22:03] INFO: Error counter: 109
[14.01.26 01:22:03] ERROR: FRAME on CAN interface
[14.01.26 01:22:03] INFO: Component initialized successfully",CAN Bus Error,MEDIUM,PIVI_SW4110,gen3,False,True,44096,CAN
LOG_00221,"[08.01.26 01:22:03] ERRMEM: VERSIONINFO: PIVI_SW4100
[08.01.26 01:22:03] Platform: gen4
[08.01.26 01:22:03] Component: Sensors
[08.01.26 01:22:03] ERROR: I2C in Sensors
[08.01.26 01:22:03] ERROR: HARDWARE in Sensors
[08.01.26 01:22:03] ERROR: FAULT in Sensors
[08.01.26 01:22:03] INFO: System running normally
[08.01.26 01:22:03] DEBUG: Processing event queue",Hardware Fault,HIGH,PIVI_SW4100,gen4,False,False,38039,Sensors
LOG_00222,"[30.12.25 01:22:03] ERRMEM: VERSIONINFO: PIVI_SW4110
[30.12.25 01:22:03] Platform: gen4
[30.12.25 01:22:03] Component: Audio
[30.12.25 01:22:03] WARNING: High memory usage detected
[30.12.25 01:22:03] ERROR: Heap allocation failed in Audio
[30.12.25 01:22:03] TRACE: malloc returned NULL
[30.12.25 01:22:03] INFO: Available memory: 128 KB / 2048 KB
[30.12.25 01:22:03] ERROR: Memory leak suspected in navigation module
[30.12.25 01:22:03] TRACE: FREE - size: 717 bytes
[30.12.25 01:22:03] INFO: Component initialized successfully",Memory Leak,HIGH,PIVI_SW4110,gen4,True,False,37955,Navigation
LOG_00223,"[11.01.26 01:22:03] ERRMEM: VERSIONINFO: AIVI_SW5250
[11.01.26 01:22:03] Platform: gen3
[11.01.26 01:22:03] Component: Power
[11.01.26 01:22:03] WARNING: Task execution time exceeded threshold
[11.01.26 01:22:03] ERROR: WATCHDOG_RESET triggered
[11.01.26 01:22:03] TRACE: System reset due to watchdog timeout
[11.01.26 01:22:03] INFO: Last task: Power_handler
[11.01.26 01:22:03] CRITICAL: System WDT
[11.01.26 01:22:03] INFO: Component initialized successfully
[11.01.26 01:22:03] INFO: System running normally",Watchdog Timeout,CRITICAL,AIVI_SW5250,gen3,False,True,26507,Power
LOG_00224,"[22.01.26 01:22:03] ERRMEM: VERSIONINFO: AIVI_SW5244
[22.01.26 01:22:03] Platform: gen3
[22.01.26 01:22:03] Component: Hardware
[22.01.26 01:22:03] ERROR: SPI in Hardware
[22.01.26 01:22:03] ERROR: HARDWARE in Hardware
[22.01.26 01:22:03] ERROR: GPIO in Hardware
[22.01.26 01:22:03] ERROR: GPIO in Hardware
[22.01.26 01:22:03] ERROR: SPI in Hardware
[22.01.26 01:22:03] INFO: System running normally
[22.01.26 01:22:03] INFO: Component initialized successfully",Hardware Fault,HIGH,AIVI_SW5244,gen3,False,True,5151,Hardware
LOG_00225,"[18.01.26 01:22:03] ERRMEM: VERSIONINFO: PIVI_SW4100
[18.01.26 01:22:03] Platform: gen3
[18.01.26 01:22:03] Component: Network
[18.01.26 01:22:03] ERROR: NETWORK in Network
[18.01.26 01:22:03] ERROR: SOCKET in Network
[18.01.26 01:22:03] ERROR: NETWORK in Network
[18.01.26 01:22:03] INFO: Component initialized successfully
[18.01.26 01:22:03] INFO: System running normally",Network Timeout,LOW,PIVI_SW4100,gen3,False,True,28181,Network
LOG_00226,"[04.01.26 01:22:03] ERRMEM: VERSIONINFO: AIVI_SW5250
[04.01.26 01:22:03] Platform: gen4
[04.01.26 01:22:03] Component: System
[04.01.26 01:22:03] ERROR: NORMAL in System
[04.01.26 01:22:03] ERROR: RUNNING in System
[04.01.26 01:22:03] ERROR: SUCCESS in System
[04.01.26 01:22:03] ERROR: COMPLETED in System
[04.01.26 01:22:03] ERROR: COMPLETED in System
[04.01.26 01:22:03] INFO: System running normally
[04.01.26 01:22:03] DEBUG: Processing event queue",No Issue,LOW,AIVI_SW5250,gen4,False,True,12877,System
LOG_00227,"[09.01.26 01:22:03] ERRMEM: VERSIONINFO: PIVI_SW4110
[09.01.26 01:22:03] Platform: gen3
[09.01.26 01:22:03] Component: System
[09.01.26 01:22:03] INFO: Starting software update
[09.01.26 01:22:03] WARNING: Update verification failed
[09.01.26 01:22:03] ERROR: Flash write error at block 635
[09.01.26 01:22:03] TRACE: Rolling back to previous version
[09.01.26 01:22:03] CRITICAL: Software FLASH
[09.01.26 01:22:03] DEBUG: Processing event queue
[09.01.26 01:22:03] INFO: System running normally",SW Update Failure,HIGH,PIVI_SW4110,gen3,False,True,23972,System
LOG_00228,"[03.01.26 01:22:03] ERRMEM: VERSIONINFO: PIVI_SW4110
[03.01.26 01:22:03] Platform: gen3
[03.01.26 01:22:03] Component: SW_SWUPDATE
[03.01.26 01:22:03] INFO: Starting software update
[03.01.26 01:22:03] WARNING: Update verification failed
[03.01.26 01:22:03] ERROR: Flash write error at block 875
[03.01.26 01:22:03] TRACE: Rolling back to previous version
[03.01.26 01:22:03] CRITICAL: Software INSTALLATION
[03.01.26 01:22:03] INFO: Component initialized successfully
[03.01.26 01:22:03] DEBUG: Processing event queue",SW Update Failure,HIGH,PIVI_SW4110,gen3,False,False,38285,System
LOG_00229,"[13.01.26 01:22:03] ERRMEM: VERSIONINFO: AIVI_SW5244
[13.01.26 01:22:03] Platform: gen3
[13.01.26 01:22:03] Component: Unknown
[13.01.26 01:22:03] ERROR: FAILED in Unknown
[13.01.26 01:22:03] ERROR: FAILED in Unknown
[13.01.26 01:22:03] ERROR: EXCEPTION in Unknown
[13.01.26 01:22:03] ERROR: ISSUE in Unknown
[13.01.26 01:22:03] ERROR: EXCEPTION in Unknown
[13.01.26 01:22:03] ERROR: FAILED in Unknown
[13.01.26 01:22:03] INFO: Component initialized successfully",Unknown Issue,MEDIUM,AIVI_SW5244,gen3,False,True,38133,Unknown
LOG_00230,"[20.01.26 01:22:03] ERRMEM: VERSIONINFO: AIVI_SW5244
[20.01.26 01:22:03] Platform: gen4
[20.01.26 01:22:03] Component: Power
[20.01.26 01:22:03] WARNING: Task execution time exceeded threshold
[20.01.26 01:22:03] ERROR: WATCHDOG_RESET triggered
[20.01.26 01:22:03] TRACE: System reset due to watchdog timeout
[20.01.26 01:22:03] INFO: Last task: Power_handler
[20.01.26 01:22:03] CRITICAL: System WATCHDOG
[20.01.26 01:22:03] INFO: Component initialized successfully
[20.01.26 01:22:03] DEBUG: Processing event queue
[20.01.26 01:22:03] INFO: System running normally",Watchdog Timeout,CRITICAL,AIVI_SW5244,gen4,False,False,10576,Power
LOG_00231,"[14.01.26 01:22:03] ERRMEM: VERSIONINFO: PIVI_SW4110
[14.01.26 01:22:03] Platform: gen3
[14.01.26 01:22:03] Component: Network
[14.01.26 01:22:03] ERROR: CONNECTION in Network
[14.01.26 01:22:03] ERROR: TIMEOUT in Network
[14.01.26 01:22:03] ERROR: NETWORK in Network
[14.01.26 01:22:03] ERROR: CONNECTION in Network
[14.01.26 01:22:03] ERROR: TCP in Network
[14.01.26 01:22:03] ERROR: TIMEOUT in Network
[14.01.26 01:22:03] DEBUG: Processing event queue",Network Timeout,LOW,PIVI_SW4110,gen3,True,True,12902,Network
LOG_00232,"[30.12.25 01:22:03] ERRMEM: VERSIONINFO: AIVI_SW5250
[30.12.25 01:22:03] Platform: gen3
[30.12.25 01:22:03] Component: Audio
[30.12.25 01:22:03] WARNING: High memory usage detected
[30.12.25 01:22:03] ERROR: Heap allocation failed in Audio
[30.12.25 01:22:03] TRACE: malloc returned NULL
[30.12.25 01:22:03] INFO: Available memory: 128 KB / 2048 KB
[30.12.25 01:22:03] ERROR: Memory leak suspected in navigation module
[30.12.25 01:22:03] TRACE: LEAK - size: 1920 bytes
[30.12.25 01:22:03] INFO: Component initialized successfully",Memory Leak,HIGH,AIVI_SW5250,gen3,True,True,8485,Multimedia
LOG_00233,"[16.01.26 01:22:03] ERRMEM: VERSIONINFO: PIVI_SW4100
[16.01.26 01:22:03] Platform: gen3
[16.01.26 01:22:03] Component: System
[16.01.26 01:22:03] WARNING: Task execution time exceeded threshold
[16.01.26 01:22:03] ERROR: WATCHDOG_RESET triggered
[16.01.26 01:22:03] TRACE: System reset due to watchdog timeout
[16.01.26 01:22:03] INFO: Last task: System_handler
[16.01.26 01:22:03] CRITICAL: System HANG
[16.01.26 01:22:03] DEBUG: Processing event queue
[16.01.26 01:22:03] INFO: System running normally",Watchdog Timeout,CRITICAL,PIVI_SW4100,gen3,True,False,25256,Kernel
LOG_00234,"[26.12.25 01:22:03] ERRMEM: VERSIONINFO: AIVI_SW5250
[26.12.25 01:22:03] Platform: gen3
[26.12.25 01:22:03] Component: Storage
[26.12.25 01:22:03] ERROR: READ in Storage
[26.12.25 01:22:03] ERROR: READ in Storage
[26.12.25 01:22:03] ERROR: FILESYSTEM in Storage
[26.12.25 01:22:03] ERROR: MOUNT in Storage
[26.12.25 01:22:03] ERROR: INODE in Storage
[26.12.25 01:22:03] ERROR: FILESYSTEM in Storage
[26.12.25 01:22:03] DEBUG: Processing event queue
[26.12.25 01:22:03] INFO: Component initialized successfully
[26.12.25 01:22:03] INFO: System running normally",File System Error,MEDIUM,AIVI_SW5250,gen3,True,False,11684,FileSystem
LOG_00235,"[23.12.25 01:22:03] ERRMEM: VERSIONINFO: PIVI_SW4100
[23.12.25 01:22:03] Platform: gen4
[23.12.25 01:22:03] Component: System
[23.12.25 01:22:03] WARNING: Task execution time exceeded threshold
[23.12.25 01:22:03] ERROR: WATCHDOG_RESET triggered
[23.12.25 01:22:03] TRACE: System reset due to watchdog timeout
[23.12.25 01:22:03] INFO: Last task: System_handler
[23.12.25 01:22:03] CRITICAL: System DEADLOCK
[23.12.25 01:22:03] INFO: System running normally
[23.12.25 01:22:03] INFO: Component initialized successfully",Watchdog Timeout,CRITICAL,PIVI_SW4100,gen4,True,True,3706,Kernel
LOG_00236,"[21.01.26 01:22:03] ERRMEM: VERSIONINFO: PIVI_SW4100
[21.01.26 01:22:03] Platform: gen4
[21.01.26 01:22:03] Component: SW_SWUPDATE
[21.01.26 01:22:03] INFO: Starting software update
[21.01.26 01:22:03] WARNING: Update verification failed
[21.01.26 01:22:03] ERROR: Flash write error at block 429
[21.01.26 01:22:03] TRACE: Rolling back to previous version
[21.01.26 01:22:03] CRITICAL: Software FAILED
[21.01.26 01:22:03] INFO: System running normally
[21.01.26 01:22:03] INFO: Component initialized successfully
[21.01.26 01:22:03] DEBUG: Processing event queue",SW Update Failure,HIGH,PIVI_SW4100,gen4,False,True,36217,System
LOG_00237,"[15.01.26 01:22:03] ERRMEM: VERSIONINFO: PIVI_SW4110
[15.01.26 01:22:03] Platform: gen3
[15.01.26 01:22:03] Component: Communication
[15.01.26 01:22:03] WARNING: CAN bus error detected
[15.01.26 01:22:03] ERROR: Frame transmission failed on CAN2
[15.01.26 01:22:03] TRACE: Bus-off state entered
[15.01.26 01:22:03] INFO: Error counter: 179
[15.01.26 01:22:03] ERROR: COMMUNICATION on CAN interface
[15.01.26 01:22:03] INFO: System running normally",CAN Bus Error,MEDIUM,PIVI_SW4110,gen3,False,True,44917,Communication
LOG_00238,"[01.01.26 01:22:03] ERRMEM: VERSIONINFO: PIVI_SW4100
[01.01.26 01:22:03] Platform: gen4
[01.01.26 01:22:03] Component: Multimedia
[01.01.26 01:22:03] WARNING: High memory usage detected
[01.01.26 01:22:03] ERROR: Heap allocation failed in Multimedia
[01.01.26 01:22:03] TRACE: malloc returned NULL
[01.01.26 01:22:03] INFO: Available memory: 128 KB / 2048 KB
[01.01.26 01:22:03] ERROR: Memory leak suspected in navigation module
[01.01.26 01:22:03] TRACE: FREE - size: 981 bytes
[01.01.26 01:22:03] INFO: System running normally
[01.01.26 01:22:03] DEBUG: Processing event queue",Memory Leak,HIGH,PIVI_SW4100,gen4,True,False,30718,Audio
LOG_00239,"[01.01.26 01:22:03] ERRMEM: VERSIONINFO: AIVI_SW5250
[01.01.26 01:22:03] Platform: gen3
[01.01.26 01:22:03] Component: Power
[01.01.26 01:22:03] WARNING: Task execution time exceeded threshold
[01.01.26 01:22:03] ERROR: WATCHDOG_RESET triggered
[01.01.26 01:22:03] TRACE: System reset due to watchdog timeout
[01.01.26 01:22:03] INFO: Last task: Power_handler
[01.01.26 01:22:03] CRITICAL: System HANG
[01.01.26 01:22:03] DEBUG: Processing event queue
[01.01.26 01:22:03] INFO: Component initialized successfully",Watchdog Timeout,CRITICAL,AIVI_SW5250,gen3,True,True,17400,System
LOG_00240,"[30.12.25 01:22:03] ERRMEM: VERSIONINFO: PIVI_SW4100
[30.12.25 01:22:03] Platform: gen4
[30.12.25 01:22:03] Component: System
[30.12.25 01:22:03] ERROR: SUCCESS in System
[30.12.25 01:22:03] ERROR: NORMAL in System
[30.12.25 01:22:03] ERROR: RUNNING in System
[30.12.25 01:22:03] INFO: System running normally
[30.12.25 01:22:03] INFO: Component initialized successfully",No Issue,LOW,PIVI_SW4100,gen4,False,True,2799,System
LOG_00241,"[06.01.26 01:22:03] ERRMEM: VERSIONINFO: AIVI_SW5244
[06.01.26 01:22:03] Platform: gen4
[06.01.26 01:22:03] Component: Storage
[06.01.26 01:22:03] ERROR: CORRUPT in Storage
[06.01.26 01:22:03] ERROR: CORRUPT in Storage
[06.01.26 01:22:03] ERROR: MOUNT in Storage
[06.01.26 01:22:03] DEBUG: Processing event queue
[06.01.26 01:22:03] INFO: Component initialized successfully
[06.01.26 01:22:03] INFO: System running normally",File System Error,MEDIUM,AIVI_SW5244,gen4,True,True,34850,Storage
LOG_00242,"[25.12.25 01:22:03] ERRMEM: VERSIONINFO: PIVI_SW4100
[25.12.25 01:22:03] Platform: gen4
[25.12.25 01:22:03] Component: System
[25.12.25 01:22:03] ERROR: COMPLETED in System
[25.12.25 01:22:03] ERROR: COMPLETED in System
[25.12.25 01:22:03] ERROR: RUNNING in System
[25.12.25 01:22:03] DEBUG: Processing event queue",No Issue,LOW,PIVI_SW4100,gen4,True,True,5423,System
LOG_00243,"[27.12.25 01:22:03] ERRMEM: VERSIONINFO: AIVI_SW5250
[27.12.25 01:22:03] Platform: gen4
[27.12.25 01:22:03] Component: System
[27.12.25 01:22:03] ERROR: SUCCESS in System
[27.12.25 01:22:03] ERROR: COMPLETED in System
[27.12.25 01:22:03] ERROR: OK in System
[27.12.25 01:22:03] DEBUG: Processing event queue
[27.12.25 01:22:03] INFO: Component initialized successfully
[27.12.25 01:22:03] INFO: System running normally",No Issue,LOW,AIVI_SW5250,gen4,False,True,23676,System
LOG_00244,"[07.01.26 01:22:03] ERRMEM: VERSIONINFO: AIVI_SW5250
[07.01.26 01:22:03] Platform: gen4
[07.01.26 01:22:03] Component: Sensors
[07.01.26 01:22:03] ERROR: HARDWARE in Sensors
[07.01.26 01:22:03] ERROR: SENSOR in Sensors
[07.01.26 01:22:03] ERROR: GPIO in Sensors
[07.01.26 01:22:03] ERROR: I2C in Sensors
[07.01.26 01:22:03] ERROR: I2C in Sensors
[07.01.26 01:22:03] INFO: Component initialized successfully
[07.01.26 01:22:03] INFO: System running normally",Hardware Fault,HIGH,AIVI_SW5250,gen4,True,True,4838,Sensors
LOG_00245,"[14.01.26 01:22:03] ERRMEM: VERSIONINFO: AIVI_SW5250
[14.01.26 01:22:03] Platform: gen3
[14.01.26 01:22:03] Component: Network
[14.01.26 01:22:03] WARNING: CAN bus error detected
[14.01.26 01:22:03] ERROR: Frame transmission failed on CAN2
[14.01.26 01:22:03] TRACE: Bus-off state entered
[14.01.26 01:22:03] INFO: Error counter: 97
[14.01.26 01:22:03] ERROR: ERROR on CAN interface
[14.01.26 01:22:03] INFO: Component initialized successfully",CAN Bus Error,MEDIUM,AIVI_SW5250,gen3,False,True,19318,Network
LOG_00246,"[14.01.26 01:22:03] ERRMEM: VERSIONINFO: PIVI_SW4100
[14.01.26 01:22:03] Platform: gen4
[14.01.26 01:22:03] Component: Network
[14.01.26 01:22:03] ERROR: REFUSED in Network
[14.01.26 01:22:03] ERROR: SOCKET in Network
[14.01.26 01:22:03] ERROR: TIMEOUT in Network
[14.01.26 01:22:03] ERROR: TIMEOUT in Network
[14.01.26 01:22:03] ERROR: REFUSED in Network
[14.01.26 01:22:03] DEBUG: Processing event queue
[14.01.26 01:22:03] INFO: System running normally
[14.01.26 01:22:03] INFO: Component initialized successfully",Network Timeout,LOW,PIVI_SW4100,gen4,False,True,35340,Network
LOG_00247,"[11.01.26 01:22:03] ERRMEM: VERSIONINFO: PIVI_SW4100
[11.01.26 01:22:03] Platform: gen4
[11.01.26 01:22:03] Component: Unknown
[11.01.26 01:22:03] ERROR: FAILED in Unknown
[11.01.26 01:22:03] ERROR: EXCEPTION in Unknown
[11.01.26 01:22:03] ERROR: ISSUE in Unknown
[11.01.26 01:22:03] ERROR: FAILED in Unknown
[11.01.26 01:22:03] ERROR: FAILED in Unknown
[11.01.26 01:22:03] ERROR: EXCEPTION in Unknown
[11.01.26 01:22:03] INFO: System running normally",Unknown Issue,MEDIUM,PIVI_SW4100,gen4,True,False,46550,Unknown
LOG_00248,"[17.01.26 01:22:03] ERRMEM: VERSIONINFO: PIVI_SW4100
[17.01.26 01:22:03] Platform: gen4
[17.01.26 01:22:03] Component: FileSystem
[17.01.26 01:22:03] ERROR: INODE in FileSystem
[17.01.26 01:22:03] ERROR: FILESYSTEM in FileSystem
[17.01.26 01:22:03] ERROR: INODE in FileSystem
[17.01.26 01:22:03] ERROR: DISK in FileSystem
[17.01.26 01:22:03] ERROR: CORRUPT in FileSystem
[17.01.26 01:22:03] INFO: Component initialized successfully
[17.01.26 01:22:03] INFO: System running normally",File System Error,MEDIUM,PIVI_SW4100,gen4,True,True,27029,Storage
LOG_00249,"[14.01.26 01:22:03] ERRMEM: VERSIONINFO: AIVI_SW5244
[14.01.26 01:22:03] Platform: gen3
[14.01.26 01:22:03] Component: Audio
[14.01.26 01:22:03] WARNING: High memory usage detected
[14.01.26 01:22:03] ERROR: Heap allocation failed in Audio
[14.01.26 01:22:03] TRACE: malloc returned NULL
[14.01.26 01:22:03] INFO: Available memory: 128 KB / 2048 KB
[14.01.26 01:22:03] ERROR: Memory leak suspected in navigation module
[14.01.26 01:22:03] TRACE: HEAP - size: 2845 bytes
[14.01.26 01:22:03] INFO: Component initialized successfully
[14.01.26 01:22:03] DEBUG: Processing event queue",Memory Leak,HIGH,AIVI_SW5244,gen3,False,False,4435,Multimedia
LOG_00250,"[12.01.26 01:22:03] ERRMEM: VERSIONINFO: PIVI_SW4110
[12.01.26 01:22:03] Platform: gen4
[12.01.26 01:22:03] Component: FileSystem
[12.01.26 01:22:03] ERROR: READ in FileSystem
[12.01.26 01:22:03] ERROR: MOUNT in FileSystem
[12.01.26 01:22:03] ERROR: MOUNT in FileSystem
[12.01.26 01:22:03] DEBUG: Processing event queue
[12.01.26 01:22:03] INFO: Component initialized successfully
[12.01.26 01:22:03] INFO: System running normally",File System Error,MEDIUM,PIVI_SW4110,gen4,False,False,16300,Storage
LOG_00251,"[23.12.25 01:22:03] ERRMEM: VERSIONINFO: AIVI_SW5250
[23.12.25 01:22:03] Platform: gen4
[23.12.25 01:22:03] Component: Kernel
[23.12.25 01:22:03] CRITICAL: Kernel panic detected
[23.12.25 01:22:03] ERROR: Unable to handle kernel NULL pointer dereference
[23.12.25 01:22:03] TRACE: Exception at address 0x21A4
[23.12.25 01:22:03] ERROR: CPU 2 KERNEL
[23.12.25 01:22:03] CRITICAL: System halted
[23.12.25 01:22:03] INFO: Component initialized successfully
[23.12.25 01:22:03] INFO: System running normally
[23.12.25 01:22:03] DEBUG: Processing event queue",Kernel Panic,CRITICAL,AIVI_SW5250,gen4,False,False,11317,Kernel
LOG_00252,"[25.12.25 01:22:03] ERRMEM: VERSIONINFO: PIVI_SW4100
[25.12.25 01:22:03] Platform: gen3
[25.12.25 01:22:03] Component: System
[25.12.25 01:22:03] ERROR: COMPLETED in System
[25.12.25 01:22:03] ERROR: SUCCESS in System
[25.12.25 01:22:03] ERROR: COMPLETED in System
[25.12.25 01:22:03] INFO: Component initialized successfully
[25.12.25 01:22:03] INFO: System running normally",No Issue,LOW,PIVI_SW4100,gen3,False,False,28472,System
LOG_00253,"[29.12.25 01:22:03] ERRMEM: VERSIONINFO: AIVI_SW5250
[29.12.25 01:22:03] Platform: gen4
[29.12.25 01:22:03] Component: Communication
[29.12.25 01:22:03] ERROR: CONNECTION in Communication
[29.12.25 01:22:03] ERROR: REFUSED in Communication
[29.12.25 01:22:03] ERROR: SOCKET in Communication
[29.12.25 01:22:03] ERROR: TIMEOUT in Communication
[29.12.25 01:22:03] ERROR: CONNECTION in Communication
[29.12.25 01:22:03] INFO: System running normally
[29.12.25 01:22:03] DEBUG: Processing event queue",Network Timeout,LOW,AIVI_SW5250,gen4,False,True,10790,Network
LOG_00254,"[13.01.26 01:22:03] ERRMEM: VERSIONINFO: PIVI_SW4110
[13.01.26 01:22:03] Platform: gen4
[13.01.26 01:22:03] Component: Storage
[13.01.26 01:22:03] ERROR: CORRUPT in Storage
[13.01.26 01:22:03] ERROR: DISK in Storage
[13.01.26 01:22:03] ERROR: MOUNT in Storage
[13.01.26 01:22:03] ERROR: CORRUPT in Storage
[13.01.26 01:22:03] ERROR: CORRUPT in Storage
[13.01.26 01:22:03] ERROR: READ in Storage
[13.01.26 01:22:03] INFO: System running normally",File System Error,MEDIUM,PIVI_SW4110,gen4,False,False,34112,FileSystem
LOG_00255,"[23.12.25 01:22:03] ERRMEM: VERSIONINFO: AIVI_SW5244
[23.12.25 01:22:03] Platform: gen3
[23.12.25 01:22:03] Component: Multimedia
[23.12.25 01:22:03] WARNING: High memory usage detected
[23.12.25 01:22:03] ERROR: Heap allocation failed in Multimedia
[23.12.25 01:22:03] TRACE: malloc returned NULL
[23.12.25 01:22:03] INFO: Available memory: 128 KB / 2048 KB
[23.12.25 01:22:03] ERROR: Memory leak suspected in navigation module
[23.12.25 01:22:03] TRACE: MEMORY - size: 3245 bytes
[23.12.25 01:22:03] INFO: Component initialized successfully
[23.12.25 01:22:03] DEBUG: Processing event queue
[23.12.25 01:22:03] INFO: System running normally",Memory Leak,HIGH,AIVI_SW5244,gen3,True,True,18951,Multimedia
LOG_00256,"[16.01.26 01:22:03] ERRMEM: VERSIONINFO: PIVI_SW4110
[16.01.26 01:22:03] Platform: gen4
[16.01.26 01:22:03] Component: System
[16.01.26 01:22:03] INFO: Starting software update
[16.01.26 01:22:03] WARNING: Update verification failed
[16.01.26 01:22:03] ERROR: Flash write error at block 923
[16.01.26 01:22:03] TRACE: Rolling back to previous version
[16.01.26 01:22:03] CRITICAL: Software UPGRADE
[16.01.26 01:22:03] INFO: Component initialized successfully
[16.01.26 01:22:03] INFO: System running normally
[16.01.26 01:22:03] DEBUG: Processing event queue",SW Update Failure,HIGH,PIVI_SW4110,gen4,True,True,36091,System
LOG_00257,"[06.01.26 01:22:03] ERRMEM: VERSIONINFO: PIVI_SW4110
[06.01.26 01:22:03] Platform: gen4
[06.01.26 01:22:03] Component: Network
[06.01.26 01:22:03] ERROR: CONNECTION in Network
[06.01.26 01:22:03] ERROR: REFUSED in Network
[06.01.26 01:22:03] ERROR: TIMEOUT in Network
[06.01.26 01:22:03] ERROR: SOCKET in Network
[06.01.26 01:22:03] ERROR: CONNECTION in Network
[06.01.26 01:22:03] INFO: Component initialized successfully",Network Timeout,LOW,PIVI_SW4110,gen4,False,False,16303,Network
LOG_00258,"[06.01.26 01:22:03] ERRMEM: VERSIONINFO: PIVI_SW4100
[06.01.26 01:22:03] Platform: gen3
[06.01.26 01:22:03] Component: Hardware
[06.01.26 01:22:03] ERROR: SENSOR in Hardware
[06.01.26 01:22:03] ERROR: FAULT in Hardware
[06.01.26 01:22:03] ERROR: FAULT in Hardware
[06.01.26 01:22:03] ERROR: I2C in Hardware
[06.01.26 01:22:03] ERROR: HARDWARE in Hardware
[06.01.26 01:22:03] ERROR: I2C in Hardware
[06.01.26 01:22:03] DEBUG: Processing event queue
[06.01.26 01:22:03] INFO: System running normally",Hardware Fault,HIGH,PIVI_SW4100,gen3,True,True,37133,Hardware
LOG_00259,"[30.12.25 01:22:03] ERRMEM: VERSIONINFO: PIVI_SW4110
[30.12.25 01:22:03] Platform: gen3
[30.12.25 01:22:03] Component: System
[30.12.25 01:22:03] ERROR: COMPLETED in System
[30.12.25 01:22:03] ERROR: OK in System
[30.12.25 01:22:03] ERROR: NORMAL in System
[30.12.25 01:22:03] ERROR: SUCCESS in System
[30.12.25 01:22:03] INFO: System running normally
[30.12.25 01:22:03] INFO: Component initialized successfully
[30.12.25 01:22:03] DEBUG: Processing event queue",No Issue,LOW,PIVI_SW4110,gen3,False,False,1679,System
LOG_00260,"[28.12.25 01:22:03] ERRMEM: VERSIONINFO: PIVI_SW4110
[28.12.25 01:22:03] Platform: gen3
[28.12.25 01:22:03] Component: Communication
[28.12.25 01:22:03] WARNING: CAN bus error detected
[28.12.25 01:22:03] ERROR: Frame transmission failed on CAN2
[28.12.25 01:22:03] TRACE: Bus-off state entered
[28.12.25 01:22:03] INFO: Error counter: 161
[28.12.25 01:22:03] ERROR: ERROR on CAN interface
[28.12.25 01:22:03] INFO: System running normally
[28.12.25 01:22:03] INFO: Component initialized successfully",CAN Bus Error,MEDIUM,PIVI_SW4110,gen3,False,True,9626,Network
LOG_00261,"[28.12.25 01:22:03] ERRMEM: VERSIONINFO: PIVI_SW4110
[28.12.25 01:22:03] Platform: gen3
[28.12.25 01:22:03] Component: Hardware
[28.12.25 01:22:03] ERROR: SENSOR in Hardware
[28.12.25 01:22:03] ERROR: FAULT in Hardware
[28.12.25 01:22:03] ERROR: HARDWARE in Hardware
[28.12.25 01:22:03] INFO: System running normally
[28.12.25 01:22:03] INFO: Component initialized successfully
[28.12.25 01:22:03] DEBUG: Processing event queue",Hardware Fault,HIGH,PIVI_SW4110,gen3,False,True,43114,Hardware
LOG_00262,"[02.01.26 01:22:03] ERRMEM: VERSIONINFO: AIVI_SW5244
[02.01.26 01:22:03] Platform: gen3
[02.01.26 01:22:03] Component: Sensors
[02.01.26 01:22:03] ERROR: GPIO in Sensors
[02.01.26 01:22:03] ERROR: SPI in Sensors
[02.01.26 01:22:03] ERROR: FAULT in Sensors
[02.01.26 01:22:03] ERROR: I2C in Sensors
[02.01.26 01:22:03] ERROR: FAULT in Sensors
[02.01.26 01:22:03] INFO: System running normally
[02.01.26 01:22:03] DEBUG: Processing event queue",Hardware Fault,HIGH,AIVI_SW5244,gen3,True,True,47638,Sensors
LOG_00263,"[14.01.26 01:22:03] ERRMEM: VERSIONINFO: PIVI_SW4100
[14.01.26 01:22:03] Platform: gen4
[14.01.26 01:22:03] Component: Kernel
[14.01.26 01:22:03] WARNING: Task execution time exceeded threshold
[14.01.26 01:22:03] ERROR: WATCHDOG_RESET triggered
[14.01.26 01:22:03] TRACE: System reset due to watchdog timeout
[14.01.26 01:22:03] INFO: Last task: Kernel_handler
[14.01.26 01:22:03] CRITICAL: System RESET
[14.01.26 01:22:03] INFO: System running normally",Watchdog Timeout,CRITICAL,PIVI_SW4100,gen4,False,True,11390,Power
LOG_00264,"[16.01.26 01:22:03] ERRMEM: VERSIONINFO: PIVI_SW4110
[16.01.26 01:22:03] Platform: gen4
[16.01.26 01:22:03] Component: Unknown
[16.01.26 01:22:03] ERROR: ISSUE in Unknown
[16.01.26 01:22:03] ERROR: FAILED in Unknown
[16.01.26 01:22:03] ERROR: EXCEPTION in Unknown
[16.01.26 01:22:03] DEBUG: Processing event queue",Unknown Issue,MEDIUM,PIVI_SW4110,gen4,True,False,7955,Unknown
LOG_00265,"[09.01.26 01:22:03] ERRMEM: VERSIONINFO: AIVI_SW5244
[09.01.26 01:22:03] Platform: gen3
[09.01.26 01:22:03] Component: Storage
[09.01.26 01:22:03] ERROR: MOUNT in Storage
[09.01.26 01:22:03] ERROR: MOUNT in Storage
[09.01.26 01:22:03] ERROR: CORRUPT in Storage
[09.01.26 01:22:03] ERROR: MOUNT in Storage
[09.01.26 01:22:03] ERROR: MOUNT in Storage
[09.01.26 01:22:03] ERROR: READ in Storage
[09.01.26 01:22:03] INFO: System running normally
[09.01.26 01:22:03] INFO: Component initialized successfully
[09.01.26 01:22:03] DEBUG: Processing event queue",File System Error,MEDIUM,AIVI_SW5244,gen3,False,False,36488,FileSystem
LOG_00266,"[24.12.25 01:22:03] ERRMEM: VERSIONINFO: PIVI_SW4110
[24.12.25 01:22:03] Platform: gen3
[24.12.25 01:22:03] Component: Sensors
[24.12.25 01:22:03] ERROR: HARDWARE in Sensors
[24.12.25 01:22:03] ERROR: GPIO in Sensors
[24.12.25 01:22:03] ERROR: GPIO in Sensors
[24.12.25 01:22:03] ERROR: SPI in Sensors
[24.12.25 01:22:03] ERROR: FAULT in Sensors
[24.12.25 01:22:03] INFO: Component initialized successfully
[24.12.25 01:22:03] DEBUG: Processing event queue",Hardware Fault,HIGH,PIVI_SW4110,gen3,False,True,22089,Sensors
LOG_00267,"[29.12.25 01:22:03] ERRMEM: VERSIONINFO: PIVI_SW4100
[29.12.25 01:22:03] Platform: gen3
[29.12.25 01:22:03] Component: Navigation
[29.12.25 01:22:03] WARNING: High memory usage detected
[29.12.25 01:22:03] ERROR: Heap allocation failed in Navigation
[29.12.25 01:22:03] TRACE: malloc returned NULL
[29.12.25 01:22:03] INFO: Available memory: 128 KB / 2048 KB
[29.12.25 01:22:03] ERROR: Memory leak suspected in navigation module
[29.12.25 01:22:03] TRACE: FREE - size: 1584 bytes
[29.12.25 01:22:03] INFO: Component initialized successfully",Memory Leak,HIGH,PIVI_SW4100,gen3,False,True,40530,Multimedia
LOG_00268,"[18.01.26 01:22:03] ERRMEM: VERSIONINFO: PIVI_SW4110
[18.01.26 01:22:03] Platform: gen4
[18.01.26 01:22:03] Component: Kernel
[18.01.26 01:22:03] WARNING: Task execution time exceeded threshold
[18.01.26 01:22:03] ERROR: WATCHDOG_RESET triggered
[18.01.26 01:22:03] TRACE: System reset due to watchdog timeout
[18.01.26 01:22:03] INFO: Last task: Kernel_handler
[18.01.26 01:22:03] CRITICAL: System TIMEOUT
[18.01.26 01:22:03] DEBUG: Processing event queue
[18.01.26 01:22:03] INFO: Component initialized successfully
[18.01.26 01:22:03] INFO: System running normally",Watchdog Timeout,CRITICAL,PIVI_SW4110,gen4,False,False,39279,Power
LOG_00269,"[11.01.26 01:22:03] ERRMEM: VERSIONINFO: AIVI_SW5244
[11.01.26 01:22:03] Platform: gen3
[11.01.26 01:22:03] Component: Multimedia
[11.01.26 01:22:03] WARNING: High memory usage detected
[11.01.26 01:22:03] ERROR: Heap allocation failed in Multimedia
[11.01.26 01:22:03] TRACE: malloc returned NULL
[11.01.26 01:22:03] INFO: Available memory: 128 KB / 2048 KB
[11.01.26 01:22:03] ERROR: Memory leak suspected in navigation module
[11.01.26 01:22:03] TRACE: MALLOC - size: 1099 bytes
[11.01.26 01:22:03] INFO: System running normally",Memory Leak,HIGH,AIVI_SW5244,gen3,True,True,26083,Multimedia
LOG_00270,"[22.01.26 01:22:03] ERRMEM: VERSIONINFO: PIVI_SW4110
[22.01.26 01:22:03] Platform: gen4
[22.01.26 01:22:03] Component: Audio
[22.01.26 01:22:03] WARNING: High memory usage detected
[22.01.26 01:22:03] ERROR: Heap allocation failed in Audio
[22.01.26 01:22:03] TRACE: malloc returned NULL
[22.01.26 01:22:03] INFO: Available memory: 128 KB / 2048 KB
[22.01.26 01:22:03] ERROR: Memory leak suspected in navigation module
[22.01.26 01:22:03] TRACE: MEMORY - size: 402 bytes
[22.01.26 01:22:03] INFO: Component initialized successfully
[22.01.26 01:22:03] DEBUG: Processing event queue",Memory Leak,HIGH,PIVI_SW4110,gen4,False,True,47685,Multimedia
LOG_00271,"[02.01.26 01:22:03] ERRMEM: VERSIONINFO: AIVI_SW5250
[02.01.26 01:22:03] Platform: gen3
[02.01.26 01:22:03] Component: Communication
[02.01.26 01:22:03] WARNING: CAN bus error detected
[02.01.26 01:22:03] ERROR: Frame transmission failed on CAN2
[02.01.26 01:22:03] TRACE: Bus-off state entered
[02.01.26 01:22:03] INFO: Error counter: 11
[02.01.26 01:22:03] ERROR: ERROR on CAN interface
[02.01.26 01:22:03] INFO: System running normally
[02.01.26 01:22:03] INFO: Component initialized successfully
[02.01.26 01:22:03] DEBUG: Processing event queue",CAN Bus Error,MEDIUM,AIVI_SW5250,gen3,True,True,32961,CAN
LOG_00272,"[17.01.26 01:22:03] ERRMEM: VERSIONINFO: AIVI_SW5244
[17.01.26 01:22:03] Platform: gen3
[17.01.26 01:22:03] Component: Unknown
[17.01.26 01:22:03] ERROR: FAILED in Unknown
[17.01.26 01:22:03] ERROR: FAILED in Unknown
[17.01.26 01:22:03] ERROR: FAILED in Unknown
[17.01.26 01:22:03] ERROR: WARNING in Unknown
[17.01.26 01:22:03] ERROR: ISSUE in Unknown
[17.01.26 01:22:03] INFO: System running normally
[17.01.26 01:22:03] INFO: Component initialized successfully",Unknown Issue,MEDIUM,AIVI_SW5244,gen3,False,True,47519,Unknown
LOG_00273,"[12.01.26 01:22:03] ERRMEM: VERSIONINFO: PIVI_SW4100
[12.01.26 01:22:03] Platform: gen4
[12.01.26 01:22:03] Component: Unknown
[12.01.26 01:22:03] ERROR: ERROR in Unknown
[12.01.26 01:22:03] ERROR: FAILED in Unknown
[12.01.26 01:22:03] ERROR: ISSUE in Unknown
[12.01.26 01:22:03] ERROR: WARNING in Unknown
[12.01.26 01:22:03] ERROR: WARNING in Unknown
[12.01.26 01:22:03] DEBUG: Processing event queue
[12.01.26 01:22:03] INFO: Component initialized successfully
[12.01.26 01:22:03] INFO: System running normally",Unknown Issue,MEDIUM,PIVI_SW4100,gen4,False,False,13004,Unknown
LOG_00274,"[16.01.26 01:22:03] ERRMEM: VERSIONINFO: PIVI_SW4100
[16.01.26 01:22:03] Platform: gen4
[16.01.26 01:22:03] Component: Kernel
[16.01.26 01:22:03] CRITICAL: Kernel panic detected
[16.01.26 01:22:03] ERROR: Unable to handle kernel NULL pointer dereference
[16.01.26 01:22:03] TRACE: Exception at address 0x03F8
[16.01.26 01:22:03] ERROR: CPU 1 CRASH
[16.01.26 01:22:03] CRITICAL: System halted
[16.01.26 01:22:03] DEBUG: Processing event queue",Kernel Panic,CRITICAL,PIVI_SW4100,gen4,True,False,11982,System
LOG_00275,"[21.01.26 01:22:03] ERRMEM: VERSIONINFO: AIVI_SW5244
[21.01.26 01:22:03] Platform: gen3
[21.01.26 01:22:03] Component: Navigation
[21.01.26 01:22:03] WARNING: High memory usage detected
[21.01.26 01:22:03] ERROR: Heap allocation failed in Navigation
[21.01.26 01:22:03] TRACE: malloc returned NULL
[21.01.26 01:22:03] INFO: Available memory: 128 KB / 2048 KB
[21.01.26 01:22:03] ERROR: Memory leak suspected in navigation module
[21.01.26 01:22:03] TRACE: ALLOCATION - size: 2746 bytes
[21.01.26 01:22:03] DEBUG: Processing event queue
[21.01.26 01:22:03] INFO: Component initialized successfully",Memory Leak,HIGH,AIVI_SW5244,gen3,False,False,32109,Multimedia
LOG_00276,"[29.12.25 01:22:03] ERRMEM: VERSIONINFO: PIVI_SW4100
[29.12.25 01:22:03] Platform: gen3
[29.12.25 01:22:03] Component: Unknown
[29.12.25 01:22:03] ERROR: ERROR in Unknown
[29.12.25 01:22:03] ERROR: EXCEPTION in Unknown
[29.12.25 01:22:03] ERROR: ISSUE in Unknown
[29.12.25 01:22:03] ERROR: WARNING in Unknown
[29.12.25 01:22:03] ERROR: ERROR in Unknown
[29.12.25 01:22:03] INFO: Component initialized successfully
[29.12.25 01:22:03] DEBUG: Processing event queue
[29.12.25 01:22:03] INFO: System running normally",Unknown Issue,MEDIUM,PIVI_SW4100,gen3,True,False,40579,Unknown
LOG_00277,"[15.01.26 01:22:03] ERRMEM: VERSIONINFO: AIVI_SW5250
[15.01.26 01:22:03] Platform: gen3
[15.01.26 01:22:03] Component: Kernel
[15.01.26 01:22:03] CRITICAL: Kernel panic detected
[15.01.26 01:22:03] ERROR: Unable to handle kernel NULL pointer dereference
[15.01.26 01:22:03] TRACE: Exception at address 0x2540
[15.01.26 01:22:03] ERROR: CPU 1 FAULT
[15.01.26 01:22:03] CRITICAL: System halted
[15.01.26 01:22:03] INFO: System running normally
[15.01.26 01:22:03] INFO: Component initialized successfully",Kernel Panic,CRITICAL,AIVI_SW5250,gen3,True,False,9534,System
LOG_00278,"[08.01.26 01:22:03] ERRMEM: VERSIONINFO: PIVI_SW4110
[08.01.26 01:22:03] Platform: gen3
[08.01.26 01:22:03] Component: SW_SWUPDATE
[08.01.26 01:22:03] INFO: Starting software update
[08.01.26 01:22:03] WARNING: Update verification failed
[08.01.26 01:22:03] ERROR: Flash write error at block 882
[08.01.26 01:22:03] TRACE: Rolling back to previous version
[08.01.26 01:22:03] CRITICAL: Software INSTALLATION
[08.01.26 01:22:03] INFO: Component initialized successfully
[08.01.26 01:22:03] DEBUG: Processing event queue",SW Update Failure,HIGH,PIVI_SW4110,gen3,False,True,29358,System
LOG_00279,"[08.01.26 01:22:03] ERRMEM: VERSIONINFO: PIVI_SW4100
[08.01.26 01:22:03] Platform: gen3
[08.01.26 01:22:03] Component: Navigation
[08.01.26 01:22:03] WARNING: High memory usage detected
[08.01.26 01:22:03] ERROR: Heap allocation failed in Navigation
[08.01.26 01:22:03] TRACE: malloc returned NULL
[08.01.26 01:22:03] INFO: Available memory: 128 KB / 2048 KB
[08.01.26 01:22:03] ERROR: Memory leak suspected in navigation module
[08.01.26 01:22:03] TRACE: MEMORY - size: 4047 bytes
[08.01.26 01:22:03] INFO: System running normally
[08.01.26 01:22:03] DEBUG: Processing event queue
[08.01.26 01:22:03] INFO: Component initialized successfully",Memory Leak,HIGH,PIVI_SW4100,gen3,False,True,3017,Audio
LOG_00280,"[23.12.25 01:22:03] ERRMEM: VERSIONINFO: AIVI_SW5244
[23.12.25 01:22:03] Platform: gen3
[23.12.25 01:22:03] Component: Kernel
[23.12.25 01:22:03] WARNING: Task execution time exceeded threshold
[23.12.25 01:22:03] ERROR: WATCHDOG_RESET triggered
[23.12.25 01:22:03] TRACE: System reset due to watchdog timeout
[23.12.25 01:22:03] INFO: Last task: Kernel_handler
[23.12.25 01:22:03] CRITICAL: System TIMEOUT
[23.12.25 01:22:03] INFO: Component initialized successfully
[23.12.25 01:22:03] DEBUG: Processing event queue",Watchdog Timeout,CRITICAL,AIVI_SW5244,gen3,False,True,19726,Power
LOG_00281,"[15.01.26 01:22:03] ERRMEM: VERSIONINFO: AIVI_SW5244
[15.01.26 01:22:03] Platform: gen3
[15.01.26 01:22:03] Component: Multimedia
[15.01.26 01:22:03] WARNING: High memory usage detected
[15.01.26 01:22:03] ERROR: Heap allocation failed in Multimedia
[15.01.26 01:22:03] TRACE: malloc returned NULL
[15.01.26 01:22:03] INFO: Available memory: 128 KB / 2048 KB
[15.01.26 01:22:03] ERROR: Memory leak suspected in navigation module
[15.01.26 01:22:03] TRACE: HEAP - size: 4461 bytes
[15.01.26 01:22:03] DEBUG: Processing event queue
[15.01.26 01:22:03] INFO: Component initialized successfully",Memory Leak,HIGH,AIVI_SW5244,gen3,False,False,28281,Audio
LOG_00282,"[21.01.26 01:22:03] ERRMEM: VERSIONINFO: PIVI_SW4110
[21.01.26 01:22:03] Platform: gen3
[21.01.26 01:22:03] Component: Network
[21.01.26 01:22:03] WARNING: CAN bus error detected
[21.01.26 01:22:03] ERROR: Frame transmission failed on CAN2
[21.01.26 01:22:03] TRACE: Bus-off state entered
[21.01.26 01:22:03] INFO: Error counter: 189
[21.01.26 01:22:03] ERROR: COMMUNICATION on CAN interface
[21.01.26 01:22:03] DEBUG: Processing event queue
[21.01.26 01:22:03] INFO: Component initialized successfully
[21.01.26 01:22:03] INFO: System running normally",CAN Bus Error,MEDIUM,PIVI_SW4110,gen3,False,False,40829,CAN
LOG_00283,"[28.12.25 01:22:03] ERRMEM: VERSIONINFO: PIVI_SW4100
[28.12.25 01:22:03] Platform: gen3
[28.12.25 01:22:03] Component: Storage
[28.12.25 01:22:03] ERROR: MOUNT in Storage
[28.12.25 01:22:03] ERROR: READ in Storage
[28.12.25 01:22:03] ERROR: FILESYSTEM in Storage
[28.12.25 01:22:03] ERROR: MOUNT in Storage
[28.12.25 01:22:03] ERROR: DISK in Storage
[28.12.25 01:22:03] DEBUG: Processing event queue",File System Error,MEDIUM,PIVI_SW4100,gen3,False,True,6829,FileSystem
LOG_00284,"[09.01.26 01:22:03] ERRMEM: VERSIONINFO: PIVI_SW4100
[09.01.26 01:22:03] Platform: gen3
[09.01.26 01:22:03] Component: Network
[09.01.26 01:22:03] WARNING: CAN bus error detected
[09.01.26 01:22:03] ERROR: Frame transmission failed on CAN2
[09.01.26 01:22:03] TRACE: Bus-off state entered
[09.01.26 01:22:03] INFO: Error counter: 127
[09.01.26 01:22:03] ERROR: FRAME on CAN interface
[09.01.26 01:22:03] INFO: System running normally
[09.01.26 01:22:03] INFO: Component initialized successfully",CAN Bus Error,MEDIUM,PIVI_SW4100,gen3,False,False,26229,Communication
LOG_00285,"[01.01.26 01:22:03] ERRMEM: VERSIONINFO: AIVI_SW5250
[01.01.26 01:22:03] Platform: gen4
[01.01.26 01:22:03] Component: Storage
[01.01.26 01:22:03] ERROR: FILESYSTEM in Storage
[01.01.26 01:22:03] ERROR: DISK in Storage
[01.01.26 01:22:03] ERROR: INODE in Storage
[01.01.26 01:22:03] ERROR: FILESYSTEM in Storage
[01.01.26 01:22:03] ERROR: DISK in Storage
[01.01.26 01:22:03] INFO: System running normally
[01.01.26 01:22:03] INFO: Component initialized successfully",File System Error,MEDIUM,AIVI_SW5250,gen4,False,False,25694,FileSystem
LOG_00286,"[24.12.25 01:22:03] ERRMEM: VERSIONINFO: AIVI_SW5250
[24.12.25 01:22:03] Platform: gen3
[24.12.25 01:22:03] Component: SW_SWUPDATE
[24.12.25 01:22:03] INFO: Starting software update
[24.12.25 01:22:03] WARNING: Update verification failed
[24.12.25 01:22:03] ERROR: Flash write error at block 669
[24.12.25 01:22:03] TRACE: Rolling back to previous version
[24.12.25 01:22:03] CRITICAL: Software INSTALLATION
[24.12.25 01:22:03] INFO: Component initialized successfully
[24.12.25 01:22:03] DEBUG: Processing event queue",SW Update Failure,HIGH,AIVI_SW5250,gen3,False,True,33535,System
LOG_00287,"[17.01.26 01:22:03] ERRMEM: VERSIONINFO: PIVI_SW4110
[17.01.26 01:22:03] Platform: gen4
[17.01.26 01:22:03] Component: System
[17.01.26 01:22:03] INFO: Starting software update
[17.01.26 01:22:03] WARNING: Update verification failed
[17.01.26 01:22:03] ERROR: Flash write error at block 476
[17.01.26 01:22:03] TRACE: Rolling back to previous version
[17.01.26 01:22:03] CRITICAL: Software UPGRADE
[17.01.26 01:22:03] INFO: System running normally
[17.01.26 01:22:03] DEBUG: Processing event queue",SW Update Failure,HIGH,PIVI_SW4110,gen4,False,True,21845,System
LOG_00288,"[19.01.26 01:22:03] ERRMEM: VERSIONINFO: AIVI_SW5250
[19.01.26 01:22:03] Platform: gen3
[19.01.26 01:22:03] Component: Navigation
[19.01.26 01:22:03] WARNING: High memory usage detected
[19.01.26 01:22:03] ERROR: Heap allocation failed in Navigation
[19.01.26 01:22:03] TRACE: malloc returned NULL
[19.01.26 01:22:03] INFO: Available memory: 128 KB / 2048 KB
[19.01.26 01:22:03] ERROR: Memory leak suspected in navigation module
[19.01.26 01:22:03] TRACE: LEAK - size: 4085 bytes
[19.01.26 01:22:03] INFO: System running normally",Memory Leak,HIGH,AIVI_SW5250,gen3,False,False,24627,Multimedia
LOG_00289,"[18.01.26 01:22:03] ERRMEM: VERSIONINFO: PIVI_SW4110
[18.01.26 01:22:03] Platform: gen4
[18.01.26 01:22:03] Component: System
[18.01.26 01:22:03] ERROR: COMPLETED in System
[18.01.26 01:22:03] ERROR: OK in System
[18.01.26 01:22:03] ERROR: RUNNING in System
[18.01.26 01:22:03] ERROR: RUNNING in System
[18.01.26 01:22:03] ERROR: NORMAL in System
[18.01.26 01:22:03] ERROR: COMPLETED in System
[18.01.26 01:22:03] INFO: Component initialized successfully
[18.01.26 01:22:03] DEBUG: Processing event queue",No Issue,LOW,PIVI_SW4110,gen4,False,True,45472,System
LOG_00290,"[24.12.25 01:22:03] ERRMEM: VERSIONINFO: AIVI_SW5244
[24.12.25 01:22:03] Platform: gen3
[24.12.25 01:22:03] Component: SW_SWUPDATE
[24.12.25 01:22:03] INFO: Starting software update
[24.12.25 01:22:03] WARNING: Update verification failed
[24.12.25 01:22:03] ERROR: Flash write error at block 623
[24.12.25 01:22:03] TRACE: Rolling back to previous version
[24.12.25 01:22:03] CRITICAL: Software UPDATE
[24.12.25 01:22:03] INFO: System running normally
[24.12.25 01:22:03] DEBUG: Processing event queue",SW Update Failure,HIGH,AIVI_SW5244,gen3,True,False,11337,SW_SWUPDATE
LOG_00291,"[30.12.25 01:22:03] ERRMEM: VERSIONINFO: PIVI_SW4110
[30.12.25 01:22:03] Platform: gen3
[30.12.25 01:22:03] Component: Kernel
[30.12.25 01:22:03] WARNING: Task execution time exceeded threshold
[30.12.25 01:22:03] ERROR: WATCHDOG_RESET triggered
[30.12.25 01:22:03] TRACE: System reset due to watchdog timeout
[30.12.25 01:22:03] INFO: Last task: Kernel_handler
[30.12.25 01:22:03] CRITICAL: System WATCHDOG
[30.12.25 01:22:03] INFO: Component initialized successfully
[30.12.25 01:22:03] DEBUG: Processing event queue
[30.12.25 01:22:03] INFO: System running normally",Watchdog Timeout,CRITICAL,PIVI_SW4110,gen3,False,True,12065,Power
LOG_00292,"[02.01.26 01:22:03] ERRMEM: VERSIONINFO: PIVI_SW4100
[02.01.26 01:22:03] Platform: gen3
[02.01.26 01:22:03] Component: Communication
[02.01.26 01:22:03] ERROR: NETWORK in Communication
[02.01.26 01:22:03] ERROR: REFUSED in Communication
[02.01.26 01:22:03] ERROR: NETWORK in Communication
[02.01.26 01:22:03] ERROR: NETWORK in Communication
[02.01.26 01:22:03] ERROR: REFUSED in Communication
[02.01.26 01:22:03] INFO: Component initialized successfully
[02.01.26 01:22:03] DEBUG: Processing event queue",Network Timeout,LOW,PIVI_SW4100,gen3,False,False,2347,Network
LOG_00293,"[30.12.25 01:22:03] ERRMEM: VERSIONINFO: AIVI_SW5250
[30.12.25 01:22:03] Platform: gen3
[30.12.25 01:22:03] Component: System
[30.12.25 01:22:03] ERROR: COMPLETED in System
[30.12.25 01:22:03] ERROR: COMPLETED in System
[30.12.25 01:22:03] ERROR: SUCCESS in System
[30.12.25 01:22:03] INFO: Component initialized successfully
[30.12.25 01:22:03] DEBUG: Processing event queue",No Issue,LOW,AIVI_SW5250,gen3,False,True,19689,System
LOG_00294,"[13.01.26 01:22:03] ERRMEM: VERSIONINFO: PIVI_SW4110
[13.01.26 01:22:03] Platform: gen4
[13.01.26 01:22:03] Component: System
[13.01.26 01:22:03] CRITICAL: Kernel panic detected
[13.01.26 01:22:03] ERROR: Unable to handle kernel NULL pointer dereference
[13.01.26 01:22:03] TRACE: Exception at address 0x1293
[13.01.26 01:22:03] ERROR: CPU 3 PANIC
[13.01.26 01:22:03] CRITICAL: System halted
[13.01.26 01:22:03] INFO: Component initialized successfully
[13.01.26 01:22:03] INFO: System running normally
[13.01.26 01:22:03] DEBUG: Processing event queue",Kernel Panic,CRITICAL,PIVI_SW4110,gen4,False,True,37082,Kernel
LOG_00295,"[15.01.26 01:22:03] ERRMEM: VERSIONINFO: PIVI_SW4100
[15.01.26 01:22:03] Platform: gen3
[15.01.26 01:22:03] Component: System
[15.01.26 01:22:03] ERROR: RUNNING in System
[15.01.26 01:22:03] ERROR: OK in System
[15.01.26 01:22:03] ERROR: OK in System
[15.01.26 01:22:03] ERROR: COMPLETED in System
[15.01.26 01:22:03] ERROR: RUNNING in System
[15.01.26 01:22:03] DEBUG: Processing event queue",No Issue,LOW,PIVI_SW4100,gen3,False,True,16000,System
LOG_00296,"[31.12.25 01:22:03] ERRMEM: VERSIONINFO: AIVI_SW5244
[31.12.25 01:22:03] Platform: gen3
[31.12.25 01:22:03] Component: Audio
[31.12.25 01:22:03] WARNING: High memory usage detected
[31.12.25 01:22:03] ERROR: Heap allocation failed in Audio
[31.12.25 01:22:03] TRACE: malloc returned NULL
[31.12.25 01:22:03] INFO: Available memory: 128 KB / 2048 KB
[31.12.25 01:22:03] ERROR: Memory leak suspected in navigation module
[31.12.25 01:22:03] TRACE: OOM - size: 1756 bytes
[31.12.25 01:22:03] INFO: Component initialized successfully
[31.12.25 01:22:03] DEBUG: Processing event queue",Memory Leak,HIGH,AIVI_SW5244,gen3,False,True,11470,Multimedia
LOG_00297,"[02.01.26 01:22:03] ERRMEM: VERSIONINFO: PIVI_SW4110
[02.01.26 01:22:03] Platform: gen3
[02.01.26 01:22:03] Component: Network
[02.01.26 01:22:03] WARNING: CAN bus error detected
[02.01.26 01:22:03] ERROR: Frame transmission failed on CAN2
[02.01.26 01:22:03] TRACE: Bus-off state entered
[02.01.26 01:22:03] INFO: Error counter: 221
[02.01.26 01:22:03] ERROR: ARBITRATION on CAN interface
[02.01.26 01:22:03] INFO: Component initialized successfully
[02.01.26 01:22:03] DEBUG: Processing event queue",CAN Bus Error,MEDIUM,PIVI_SW4110,gen3,False,False,16766,CAN
LOG_00298,"[18.01.26 01:22:03] ERRMEM: VERSIONINFO: PIVI_SW4110
[18.01.26 01:22:03] Platform: gen4
[18.01.26 01:22:03] Component: SW_SWUPDATE
[18.01.26 01:22:03] INFO: Starting software update
[18.01.26 01:22:03] WARNING: Update verification failed
[18.01.26 01:22:03] ERROR: Flash write error at block 555
[18.01.26 01:22:03] TRACE: Rolling back to previous version
[18.01.26 01:22:03] CRITICAL: Software UPDATE
[18.01.26 01:22:03] INFO: System running normally
[18.01.26 01:22:03] DEBUG: Processing event queue",SW Update Failure,HIGH,PIVI_SW4110,gen4,True,False,19171,System
LOG_00299,"[02.01.26 01:22:03] ERRMEM: VERSIONINFO: AIVI_SW5244
[02.01.26 01:22:03] Platform: gen4
[02.01.26 01:22:03] Component: Audio
[02.01.26 01:22:03] WARNING: High memory usage detected
[02.01.26 01:22:03] ERROR: Heap allocation failed in Audio
[02.01.26 01:22:03] TRACE: malloc returned NULL
[02.01.26 01:22:03] INFO: Available memory: 128 KB / 2048 KB
[02.01.26 01:22:03] ERROR: Memory leak suspected in navigation module
[02.01.26 01:22:03] TRACE: HEAP - size: 3301 bytes
[02.01.26 01:22:03] INFO: System running normally
[02.01.26 01:22:03] INFO: Component initialized successfully",Memory Leak,HIGH,AIVI_SW5244,gen4,False,False,42108,Audio
LOG_00300,"[19.01.26 01:22:03] ERRMEM: VERSIONINFO: AIVI_SW5250
[19.01.26 01:22:03] Platform: gen3
[19.01.26 01:22:03] Component: Storage
[19.01.26 01:22:03] ERROR: READ in Storage
[19.01.26 01:22:03] ERROR: READ in Storage
[19.01.26 01:22:03] ERROR: READ in Storage
[19.01.26 01:22:03] ERROR: READ in Storage
[19.01.26 01:22:03] ERROR: READ in Storage
[19.01.26 01:22:03] ERROR: CORRUPT in Storage
[19.01.26 01:22:03] INFO: Component initialized successfully",File System Error,MEDIUM,AIVI_SW5250,gen3,False,True,22971,FileSystem
LOG_00301,"[16.01.26 01:22:03] ERRMEM: VERSIONINFO: AIVI_SW5250
[16.01.26 01:22:03] Platform: gen4
[16.01.26 01:22:03] Component: Kernel
[16.01.26 01:22:03] WARNING: Task execution time exceeded threshold
[16.01.26 01:22:03] ERROR: WATCHDOG_RESET triggered
[16.01.26 01:22:03] TRACE: System reset due to watchdog timeout
[16.01.26 01:22:03] INFO: Last task: Kernel_handler
[16.01.26 01:22:03] CRITICAL: System DEADLOCK
[16.01.26 01:22:03] INFO: Component initialized successfully
[16.01.26 01:22:03] DEBUG: Processing event queue
[16.01.26 01:22:03] INFO: System running normally",Watchdog Timeout,CRITICAL,AIVI_SW5250,gen4,True,False,30836,Kernel
LOG_00302,"[29.12.25 01:22:03] ERRMEM: VERSIONINFO: PIVI_SW4110
[29.12.25 01:22:03] Platform: gen4
[29.12.25 01:22:03] Component: CAN
[29.12.25 01:22:03] WARNING: CAN bus error detected
[29.12.25 01:22:03] ERROR: Frame transmission failed on CAN2
[29.12.25 01:22:03] TRACE: Bus-off state entered
[29.12.25 01:22:03] INFO: Error counter: 158
[29.12.25 01:22:03] ERROR: CAN on CAN interface
[29.12.25 01:22:03] INFO: System running normally
[29.12.25 01:22:03] DEBUG: Processing event queue
[29.12.25 01:22:03] INFO: Component initialized successfully",CAN Bus Error,MEDIUM,PIVI_SW4110,gen4,True,False,17012,Network
LOG_00303,"[12.01.26 01:22:03] ERRMEM: VERSIONINFO: AIVI_SW5250
[12.01.26 01:22:03] Platform: gen4
[12.01.26 01:22:03] Component: Audio
[12.01.26 01:22:03] WARNING: High memory usage detected
[12.01.26 01:22:03] ERROR: Heap allocation failed in Audio
[12.01.26 01:22:03] TRACE: malloc returned NULL
[12.01.26 01:22:03] INFO: Available memory: 128 KB / 2048 KB
[12.01.26 01:22:03] ERROR: Memory leak suspected in navigation module
[12.01.26 01:22:03] TRACE: HEAP - size: 2354 bytes
[12.01.26 01:22:03] INFO: Component initialized successfully
[12.01.26 01:22:03] DEBUG: Processing event queue",Memory Leak,HIGH,AIVI_SW5250,gen4,True,False,30315,Audio
LOG_00304,"[19.01.26 01:22:03] ERRMEM: VERSIONINFO: PIVI_SW4110
[19.01.26 01:22:03] Platform: gen4
[19.01.26 01:22:03] Component: System
[19.01.26 01:22:03] ERROR: SUCCESS in System
[19.01.26 01:22:03] ERROR: OK in System
[19.01.26 01:22:03] ERROR: RUNNING in System
[19.01.26 01:22:03] ERROR: NORMAL in System
[19.01.26 01:22:03] ERROR: NORMAL in System
[19.01.26 01:22:03] ERROR: COMPLETED in System
[19.01.26 01:22:03] INFO: Component initialized successfully",No Issue,LOW,PIVI_SW4110,gen4,True,True,45482,System
LOG_00305,"[09.01.26 01:22:03] ERRMEM: VERSIONINFO: AIVI_SW5250
[09.01.26 01:22:03] Platform: gen3
[09.01.26 01:22:03] Component: Kernel
[09.01.26 01:22:03] CRITICAL: Kernel panic detected
[09.01.26 01:22:03] ERROR: Unable to handle kernel NULL pointer dereference
[09.01.26 01:22:03] TRACE: Exception at address 0x105B
[09.01.26 01:22:03] ERROR: CPU 3 PANIC
[09.01.26 01:22:03] CRITICAL: System halted
[09.01.26 01:22:03] INFO: Component initialized successfully
[09.01.26 01:22:03] DEBUG: Processing event queue",Kernel Panic,CRITICAL,AIVI_SW5250,gen3,True,False,2577,System
LOG_00306,"[23.12.25 01:22:03] ERRMEM: VERSIONINFO: AIVI_SW5250
[23.12.25 01:22:03] Platform: gen4
[23.12.25 01:22:03] Component: Power
[23.12.25 01:22:03] WARNING: Task execution time exceeded threshold
[23.12.25 01:22:03] ERROR: WATCHDOG_RESET triggered
[23.12.25 01:22:03] TRACE: System reset due to watchdog timeout
[23.12.25 01:22:03] INFO: Last task: Power_handler
[23.12.25 01:22:03] CRITICAL: System RESET
[23.12.25 01:22:03] INFO: Component initialized successfully
[23.12.25 01:22:03] DEBUG: Processing event queue",Watchdog Timeout,CRITICAL,AIVI_SW5250,gen4,False,False,20060,Kernel
LOG_00307,"[07.01.26 01:22:03] ERRMEM: VERSIONINFO: PIVI_SW4110
[07.01.26 01:22:03] Platform: gen4
[07.01.26 01:22:03] Component: Network
[07.01.26 01:22:03] ERROR: REFUSED in Network
[07.01.26 01:22:03] ERROR: REFUSED in Network
[07.01.26 01:22:03] ERROR: REFUSED in Network
[07.01.26 01:22:03] ERROR: REFUSED in Network
[07.01.26 01:22:03] ERROR: SOCKET in Network
[07.01.26 01:22:03] ERROR: REFUSED in Network
[07.01.26 01:22:03] DEBUG: Processing event queue",Network Timeout,LOW,PIVI_SW4110,gen4,False,True,11754,Network
LOG_00308,"[10.01.26 01:22:03] ERRMEM: VERSIONINFO: AIVI_SW5244
[10.01.26 01:22:03] Platform: gen4
[10.01.26 01:22:03] Component: CAN
[10.01.26 01:22:03] WARNING: CAN bus error detected
[10.01.26 01:22:03] ERROR: Frame transmission failed on CAN2
[10.01.26 01:22:03] TRACE: Bus-off state entered
[10.01.26 01:22:03] INFO: Error counter: 172
[10.01.26 01:22:03] ERROR: BUS on CAN interface
[10.01.26 01:22:03] DEBUG: Processing event queue
[10.01.26 01:22:03] INFO: Component initialized successfully
[10.01.26 01:22:03] INFO: System running normally",CAN Bus Error,MEDIUM,AIVI_SW5244,gen4,True,True,24249,Network
LOG_00309,"[27.12.25 01:22:03] ERRMEM: VERSIONINFO: PIVI_SW4100
[27.12.25 01:22:03] Platform: gen4
[27.12.25 01:22:03] Component: Unknown
[27.12.25 01:22:03] ERROR: WARNING in Unknown
[27.12.25 01:22:03] ERROR: FAILED in Unknown
[27.12.25 01:22:03] ERROR: EXCEPTION in Unknown
[27.12.25 01:22:03] ERROR: WARNING in Unknown
[27.12.25 01:22:03] ERROR: EXCEPTION in Unknown
[27.12.25 01:22:03] DEBUG: Processing event queue
[27.12.25 01:22:03] INFO: System running normally",Unknown Issue,MEDIUM,PIVI_SW4100,gen4,False,True,8519,Unknown
LOG_00310,"[06.01.26 01:22:03] ERRMEM: VERSIONINFO: PIVI_SW4100
[06.01.26 01:22:03] Platform: gen4
[06.01.26 01:22:03] Component: SW_SWUPDATE
[06.01.26 01:22:03] INFO: Starting software update
[06.01.26 01:22:03] WARNING: Update verification failed
[06.01.26 01:22:03] ERROR: Flash write error at block 837
[06.01.26 01:22:03] TRACE: Rolling back to previous version
[06.01.26 01:22:03] CRITICAL: Software INSTALLATION
[06.01.26 01:22:03] INFO: Component initialized successfully
[06.01.26 01:22:03] INFO: System running normally
[06.01.26 01:22:03] DEBUG: Processing event queue",SW Update Failure,HIGH,PIVI_SW4100,gen4,False,False,9589,SW_SWUPDATE
LOG_00311,"[28.12.25 01:22:03] ERRMEM: VERSIONINFO: AIVI_SW5244
[28.12.25 01:22:03] Platform: gen4
[28.12.25 01:22:03] Component: FileSystem
[28.12.25 01:22:03] ERROR: INODE in FileSystem
[28.12.25 01:22:03] ERROR: MOUNT in FileSystem
[28.12.25 01:22:03] ERROR: DISK in FileSystem
[28.12.25 01:22:03] ERROR: INODE in FileSystem
[28.12.25 01:22:03] INFO: Component initialized successfully",File System Error,MEDIUM,AIVI_SW5244,gen4,False,True,31950,Storage
LOG_00312,"[02.01.26 01:22:03] ERRMEM: VERSIONINFO: PIVI_SW4110
[02.01.26 01:22:03] Platform: gen3
[02.01.26 01:22:03] Component: Kernel
[02.01.26 01:22:03] CRITICAL: Kernel panic detected
[02.01.26 01:22:03] ERROR: Unable to handle kernel NULL pointer dereference
[02.01.26 01:22:03] TRACE: Exception at address 0x1158
[02.01.26 01:22:03] ERROR: CPU 3 EXCEPTION
[02.01.26 01:22:03] CRITICAL: System halted
[02.01.26 01:22:03] INFO: Component initialized successfully
[02.01.26 01:22:03] INFO: System running normally
[02.01.26 01:22:03] DEBUG: Processing event queue",Kernel Panic,CRITICAL,PIVI_SW4110,gen3,True,False,8746,System
LOG_00313,"[18.01.26 01:22:03] ERRMEM: VERSIONINFO: AIVI_SW5244
[18.01.26 01:22:03] Platform: gen3
[18.01.26 01:22:03] Component: CAN
[18.01.26 01:22:03] WARNING: CAN bus error detected
[18.01.26 01:22:03] ERROR: Frame transmission failed on CAN2
[18.01.26 01:22:03] TRACE: Bus-off state entered
[18.01.26 01:22:03] INFO: Error counter: 77
[18.01.26 01:22:03] ERROR: CAN on CAN interface
[18.01.26 01:22:03] INFO: System running normally",CAN Bus Error,MEDIUM,AIVI_SW5244,gen3,False,False,15849,CAN
LOG_00314,"[18.01.26 01:22:03] ERRMEM: VERSIONINFO: AIVI_SW5250
[18.01.26 01:22:03] Platform: gen4
[18.01.26 01:22:03] Component: Unknown
[18.01.26 01:22:03] ERROR: ISSUE in Unknown
[18.01.26 01:22:03] ERROR: FAILED in Unknown
[18.01.26 01:22:03] ERROR: EXCEPTION in Unknown
[18.01.26 01:22:03] ERROR: FAILED in Unknown
[18.01.26 01:22:03] ERROR: WARNING in Unknown
[18.01.26 01:22:03] ERROR: EXCEPTION in Unknown
[18.01.26 01:22:03] DEBUG: Processing event queue",Unknown Issue,MEDIUM,AIVI_SW5250,gen4,False,True,28311,Unknown
LOG_00315,"[03.01.26 01:22:03] ERRMEM: VERSIONINFO: PIVI_SW4100
[03.01.26 01:22:03] Platform: gen3
[03.01.26 01:22:03] Component: Unknown
[03.01.26 01:22:03] ERROR: ERROR in Unknown
[03.01.26 01:22:03] ERROR: ISSUE in Unknown
[03.01.26 01:22:03] ERROR: EXCEPTION in Unknown
[03.01.26 01:22:03] DEBUG: Processing event queue",Unknown Issue,MEDIUM,PIVI_SW4100,gen3,True,True,5562,Unknown
LOG_00316,"[07.01.26 01:22:03] ERRMEM: VERSIONINFO: AIVI_SW5244
[07.01.26 01:22:03] Platform: gen3
[07.01.26 01:22:03] Component: Unknown
[07.01.26 01:22:03] ERROR: WARNING in Unknown
[07.01.26 01:22:03] ERROR: FAILED in Unknown
[07.01.26 01:22:03] ERROR: EXCEPTION in Unknown
[07.01.26 01:22:03] INFO: System running normally",Unknown Issue,MEDIUM,AIVI_SW5244,gen3,False,True,1887,Unknown
LOG_00317,"[25.12.25 01:22:03] ERRMEM: VERSIONINFO: PIVI_SW4110
[25.12.25 01:22:03] Platform: gen3
[25.12.25 01:22:03] Component: Sensors
[25.12.25 01:22:03] ERROR: GPIO in Sensors
[25.12.25 01:22:03] ERROR: HARDWARE in Sensors
[25.12.25 01:22:03] ERROR: GPIO in Sensors
[25.12.25 01:22:03] INFO: Component initialized successfully
[25.12.25 01:22:03] DEBUG: Processing event queue
[25.12.25 01:22:03] INFO: System running normally",Hardware Fault,HIGH,PIVI_SW4110,gen3,False,False,39087,Hardware
LOG_00318,"[08.01.26 01:22:03] ERRMEM: VERSIONINFO: PIVI_SW4100
[08.01.26 01:22:03] Platform: gen4
[08.01.26 01:22:03] Component: Unknown
[08.01.26 01:22:03] ERROR: EXCEPTION in Unknown
[08.01.26 01:22:03] ERROR: FAILED in Unknown
[08.01.26 01:22:03] ERROR: ISSUE in Unknown
[08.01.26 01:22:03] INFO: System running normally
[08.01.26 01:22:03] INFO: Component initialized successfully",Unknown Issue,MEDIUM,PIVI_SW4100,gen4,True,False,49854,Unknown
LOG_00319,"[12.01.26 01:22:03] ERRMEM: VERSIONINFO: AIVI_SW5250
[12.01.26 01:22:03] Platform: gen3
[12.01.26 01:22:03] Component: System
[12.01.26 01:22:03] CRITICAL: Kernel panic detected
[12.01.26 01:22:03] ERROR: Unable to handle kernel NULL pointer dereference
[12.01.26 01:22:03] TRACE: Exception at address 0x07A2
[12.01.26 01:22:03] ERROR: CPU 0 EXCEPTION
[12.01.26 01:22:03] CRITICAL: System halted
[12.01.26 01:22:03] INFO: Component initialized successfully
[12.01.26 01:22:03] DEBUG: Processing event queue",Kernel Panic,CRITICAL,AIVI_SW5250,gen3,True,True,6085,System
LOG_00320,"[02.01.26 01:22:03] ERRMEM: VERSIONINFO: PIVI_SW4110
[02.01.26 01:22:03] Platform: gen4
[02.01.26 01:22:03] Component: Network
[02.01.26 01:22:03] ERROR: SOCKET in Network
[02.01.26 01:22:03] ERROR: SOCKET in Network
[02.01.26 01:22:03] ERROR: CONNECTION in Network
[02.01.26 01:22:03] ERROR: REFUSED in Network
[02.01.26 01:22:03] ERROR: TIMEOUT in Network
[02.01.26 01:22:03] ERROR: TIMEOUT in Network
[02.01.26 01:22:03] INFO: System running normally",Network Timeout,LOW,PIVI_SW4110,gen4,True,False,864,Communication
LOG_00321,"[21.01.26 01:22:03] ERRMEM: VERSIONINFO: PIVI_SW4100
[21.01.26 01:22:03] Platform: gen3
[21.01.26 01:22:03] Component: Hardware
[21.01.26 01:22:03] ERROR: FAULT in Hardware
[21.01.26 01:22:03] ERROR: GPIO in Hardware
[21.01.26 01:22:03] ERROR: GPIO in Hardware
[21.01.26 01:22:03] ERROR: HARDWARE in Hardware
[21.01.26 01:22:03] ERROR: I2C in Hardware
[21.01.26 01:22:03] ERROR: I2C in Hardware
[21.01.26 01:22:03] DEBUG: Processing event queue",Hardware Fault,HIGH,PIVI_SW4100,gen3,False,False,19495,Hardware
LOG_00322,"[26.12.25 01:22:03] ERRMEM: VERSIONINFO: PIVI_SW4110
[26.12.25 01:22:03] Platform: gen3
[26.12.25 01:22:03] Component: Kernel
[26.12.25 01:22:03] WARNING: Task execution time exceeded threshold
[26.12.25 01:22:03] ERROR: WATCHDOG_RESET triggered
[26.12.25 01:22:03] TRACE: System reset due to watchdog timeout
[26.12.25 01:22:03] INFO: Last task: Kernel_handler
[26.12.25 01:22:03] CRITICAL: System DEADLOCK
[26.12.25 01:22:03] INFO: Component initialized successfully
[26.12.25 01:22:03] DEBUG: Processing event queue
[26.12.25 01:22:03] INFO: System running normally",Watchdog Timeout,CRITICAL,PIVI_SW4110,gen3,True,False,48887,Power
LOG_00323,"[31.12.25 01:22:03] ERRMEM: VERSIONINFO: PIVI_SW4110
[31.12.25 01:22:03] Platform: gen3
[31.12.25 01:22:03] Component: CAN
[31.12.25 01:22:03] WARNING: CAN bus error detected
[31.12.25 01:22:03] ERROR: Frame transmission failed on CAN2
[31.12.25 01:22:03] TRACE: Bus-off state entered
[31.12.25 01:22:03] INFO: Error counter: 109
[31.12.25 01:22:03] ERROR: ERROR on CAN interface
[31.12.25 01:22:03] DEBUG: Processing event queue
[31.12.25 01:22:03] INFO: Component initialized successfully
[31.12.25 01:22:03] INFO: System running normally",CAN Bus Error,MEDIUM,PIVI_SW4110,gen3,True,True,2953,Network
LOG_00324,"[10.01.26 01:22:03] ERRMEM: VERSIONINFO: AIVI_SW5250
[10.01.26 01:22:03] Platform: gen4
[10.01.26 01:22:03] Component: Communication
[10.01.26 01:22:03] WARNING: CAN bus error detected
[10.01.26 01:22:03] ERROR: Frame transmission failed on CAN2
[10.01.26 01:22:03] TRACE: Bus-off state entered
[10.01.26 01:22:03] INFO: Error counter: 56
[10.01.26 01:22:03] ERROR: FRAME on CAN interface
[10.01.26 01:22:03] INFO: Component initialized successfully
[10.01.26 01:22:03] DEBUG: Processing event queue",CAN Bus Error,MEDIUM,AIVI_SW5250,gen4,True,False,10454,Communication
LOG_00325,"[15.01.26 01:22:03] ERRMEM: VERSIONINFO: PIVI_SW4100
[15.01.26 01:22:03] Platform: gen4
[15.01.26 01:22:03] Component: Audio
[15.01.26 01:22:03] WARNING: High memory usage detected
[15.01.26 01:22:03] ERROR: Heap allocation failed in Audio
[15.01.26 01:22:03] TRACE: malloc returned NULL
[15.01.26 01:22:03] INFO: Available memory: 128 KB / 2048 KB
[15.01.26 01:22:03] ERROR: Memory leak suspected in navigation module
[15.01.26 01:22:03] TRACE: LEAK - size: 185 bytes
[15.01.26 01:22:03] DEBUG: Processing event queue
[15.01.26 01:22:03] INFO: Component initialized successfully
[15.01.26 01:22:03] INFO: System running normally",Memory Leak,HIGH,PIVI_SW4100,gen4,True,True,47421,Audio
LOG_00326,"[21.01.26 01:22:03] ERRMEM: VERSIONINFO: PIVI_SW4110
[21.01.26 01:22:03] Platform: gen4
[21.01.26 01:22:03] Component: System
[21.01.26 01:22:03] INFO: Starting software update
[21.01.26 01:22:03] WARNING: Update verification failed
[21.01.26 01:22:03] ERROR: Flash write error at block 666
[21.01.26 01:22:03] TRACE: Rolling back to previous version
[21.01.26 01:22:03] CRITICAL: Software FLASH
[21.01.26 01:22:03] DEBUG: Processing event queue
[21.01.26 01:22:03] INFO: Component initialized successfully",SW Update Failure,HIGH,PIVI_SW4110,gen4,False,True,4908,System
LOG_00327,"[13.01.26 01:22:03] ERRMEM: VERSIONINFO: AIVI_SW5244
[13.01.26 01:22:03] Platform: gen4
[13.01.26 01:22:03] Component: FileSystem
[13.01.26 01:22:03] ERROR: DISK in FileSystem
[13.01.26 01:22:03] ERROR: DISK in FileSystem
[13.01.26 01:22:03] ERROR: FILESYSTEM in FileSystem
[13.01.26 01:22:03] ERROR: DISK in FileSystem
[13.01.26 01:22:03] ERROR: CORRUPT in FileSystem
[13.01.26 01:22:03] DEBUG: Processing event queue
[13.01.26 01:22:03] INFO: System running normally",File System Error,MEDIUM,AIVI_SW5244,gen4,True,True,10486,FileSystem
LOG_00328,"[17.01.26 01:22:03] ERRMEM: VERSIONINFO: AIVI_SW5250
[17.01.26 01:22:03] Platform: gen3
[17.01.26 01:22:03] Component: Hardware
[17.01.26 01:22:03] ERROR: I2C in Hardware
[17.01.26 01:22:03] ERROR: GPIO in Hardware
[17.01.26 01:22:03] ERROR: GPIO in Hardware
[17.01.26 01:22:03] INFO: System running normally
[17.01.26 01:22:03] DEBUG: Processing event queue",Hardware Fault,HIGH,AIVI_SW5250,gen3,True,True,43030,Sensors
LOG_00329,"[27.12.25 01:22:03] ERRMEM: VERSIONINFO: PIVI_SW4110
[27.12.25 01:22:03] Platform: gen3
[27.12.25 01:22:03] Component: System
[27.12.25 01:22:03] INFO: Starting software update
[27.12.25 01:22:03] WARNING: Update verification failed
[27.12.25 01:22:03] ERROR: Flash write error at block 504
[27.12.25 01:22:03] TRACE: Rolling back to previous version
[27.12.25 01:22:03] CRITICAL: Software VERSION
[27.12.25 01:22:03] INFO: System running normally
[27.12.25 01:22:03] DEBUG: Processing event queue",SW Update Failure,HIGH,PIVI_SW4110,gen3,True,False,9776,System
LOG_00330,"[30.12.25 01:22:03] ERRMEM: VERSIONINFO: PIVI_SW4100
[30.12.25 01:22:03] Platform: gen3
[30.12.25 01:22:03] Component: FileSystem
[30.12.25 01:22:03] ERROR: DISK in FileSystem
[30.12.25 01:22:03] ERROR: READ in FileSystem
[30.12.25 01:22:03] ERROR: DISK in FileSystem
[30.12.25 01:22:03] ERROR: CORRUPT in FileSystem
[30.12.25 01:22:03] ERROR: READ in FileSystem
[30.12.25 01:22:03] ERROR: DISK in FileSystem
[30.12.25 01:22:03] INFO: Component initialized successfully
[30.12.25 01:22:03] DEBUG: Processing event queue
[30.12.25 01:22:03] INFO: System running normally",File System Error,MEDIUM,PIVI_SW4100,gen3,False,True,43370,Storage
LOG_00331,"[17.01.26 01:22:03] ERRMEM: VERSIONINFO: AIVI_SW5250
[17.01.26 01:22:03] Platform: gen4
[17.01.26 01:22:03] Component: Multimedia
[17.01.26 01:22:03] WARNING: High memory usage detected
[17.01.26 01:22:03] ERROR: Heap allocation failed in Multimedia
[17.01.26 01:22:03] TRACE: malloc returned NULL
[17.01.26 01:22:03] INFO: Available memory: 128 KB / 2048 KB
[17.01.26 01:22:03] ERROR: Memory leak suspected in navigation module
[17.01.26 01:22:03] TRACE: ALLOCATION - size: 1196 bytes
[17.01.26 01:22:03] INFO: System running normally",Memory Leak,HIGH,AIVI_SW5250,gen4,False,True,24676,Audio
LOG_00332,"[31.12.25 01:22:03] ERRMEM: VERSIONINFO: AIVI_SW5250
[31.12.25 01:22:03] Platform: gen3
[31.12.25 01:22:03] Component: Navigation
[31.12.25 01:22:03] WARNING: High memory usage detected
[31.12.25 01:22:03] ERROR: Heap allocation failed in Navigation
[31.12.25 01:22:03] TRACE: malloc returned NULL
[31.12.25 01:22:03] INFO: Available memory: 128 KB / 2048 KB
[31.12.25 01:22:03] ERROR: Memory leak suspected in navigation module
[31.12.25 01:22:03] TRACE: FREE - size: 3297 bytes
[31.12.25 01:22:03] INFO: Component initialized successfully",Memory Leak,HIGH,AIVI_SW5250,gen3,True,False,38563,Audio
LOG_00333,"[15.01.26 01:22:03] ERRMEM: VERSIONINFO: PIVI_SW4110
[15.01.26 01:22:03] Platform: gen3
[15.01.26 01:22:03] Component: FileSystem
[15.01.26 01:22:03] ERROR: DISK in FileSystem
[15.01.26 01:22:03] ERROR: FILESYSTEM in FileSystem
[15.01.26 01:22:03] ERROR: DISK in FileSystem
[15.01.26 01:22:03] DEBUG: Processing event queue
[15.01.26 01:22:03] INFO: Component initialized successfully
[15.01.26 01:22:03] INFO: System running normally",File System Error,MEDIUM,PIVI_SW4110,gen3,False,True,36352,FileSystem
LOG_00334,"[26.12.25 01:22:03] ERRMEM: VERSIONINFO: AIVI_SW5250
[26.12.25 01:22:03] Platform: gen3
[26.12.25 01:22:03] Component: System
[26.12.25 01:22:03] INFO: Starting software update
[26.12.25 01:22:03] WARNING: Update verification failed
[26.12.25 01:22:03] ERROR: Flash write error at block 415
[26.12.25 01:22:03] TRACE: Rolling back to previous version
[26.12.25 01:22:03] CRITICAL: Software FLASH
[26.12.25 01:22:03] INFO: System running normally",SW Update Failure,HIGH,AIVI_SW5250,gen3,False,False,23724,SW_SWUPDATE
LOG_00335,"[21.01.26 01:22:03] ERRMEM: VERSIONINFO: PIVI_SW4100
[21.01.26 01:22:03] Platform: gen4
[21.01.26 01:22:03] Component: Storage
[21.01.26 01:22:03] ERROR: MOUNT in Storage
[21.01.26 01:22:03] ERROR: READ in Storage
[21.01.26 01:22:03] ERROR: DISK in Storage
[21.01.26 01:22:03] ERROR: MOUNT in Storage
[21.01.26 01:22:03] ERROR: CORRUPT in Storage
[21.01.26 01:22:03] DEBUG: Processing event queue",File System Error,MEDIUM,PIVI_SW4100,gen4,True,False,45934,Storage
LOG_00336,"[27.12.25 01:22:03] ERRMEM: VERSIONINFO: AIVI_SW5244
[27.12.25 01:22:03] Platform: gen3
[27.12.25 01:22:03] Component: Multimedia
[27.12.25 01:22:03] WARNING: High memory usage detected
[27.12.25 01:22:03] ERROR: Heap allocation failed in Multimedia
[27.12.25 01:22:03] TRACE: malloc returned NULL
[27.12.25 01:22:03] INFO: Available memory: 128 KB / 2048 KB
[27.12.25 01:22:03] ERROR: Memory leak suspected in navigation module
[27.12.25 01:22:03] TRACE: MALLOC - size: 2660 bytes
[27.12.25 01:22:03] INFO: System running normally",Memory Leak,HIGH,AIVI_SW5244,gen3,False,True,46736,Multimedia
LOG_00337,"[06.01.26 01:22:03] ERRMEM: VERSIONINFO: PIVI_SW4100
[06.01.26 01:22:03] Platform: gen3
[06.01.26 01:22:03] Component: System
[06.01.26 01:22:03] ERROR: NORMAL in System
[06.01.26 01:22:03] ERROR: COMPLETED in System
[06.01.26 01:22:03] ERROR: NORMAL in System
[06.01.26 01:22:03] ERROR: NORMAL in System
[06.01.26 01:22:03] INFO: Component initialized successfully
[06.01.26 01:22:03] INFO: System running normally",No Issue,LOW,PIVI_SW4100,gen3,True,True,49087,System
LOG_00338,"[28.12.25 01:22:03] ERRMEM: VERSIONINFO: AIVI_SW5250
[28.12.25 01:22:03] Platform: gen3
[28.12.25 01:22:03] Component: Communication
[28.12.25 01:22:03] ERROR: SOCKET in Communication
[28.12.25 01:22:03] ERROR: TCP in Communication
[28.12.25 01:22:03] ERROR: SOCKET in Communication
[28.12.25 01:22:03] ERROR: TIMEOUT in Communication
[28.12.25 01:22:03] ERROR: CONNECTION in Communication
[28.12.25 01:22:03] ERROR: TCP in Communication
[28.12.25 01:22:03] INFO: Component initialized successfully
[28.12.25 01:22:03] DEBUG: Processing event queue
[28.12.25 01:22:03] INFO: System running normally",Network Timeout,LOW,AIVI_SW5250,gen3,False,False,25366,Communication
LOG_00339,"[10.01.26 01:22:03] ERRMEM: VERSIONINFO: PIVI_SW4100
[10.01.26 01:22:03] Platform: gen4
[10.01.26 01:22:03] Component: FileSystem
[10.01.26 01:22:03] ERROR: READ in FileSystem
[10.01.26 01:22:03] ERROR: FILESYSTEM in FileSystem
[10.01.26 01:22:03] ERROR: FILESYSTEM in FileSystem
[10.01.26 01:22:03] ERROR: FILESYSTEM in FileSystem
[10.01.26 01:22:03] ERROR: INODE in FileSystem
[10.01.26 01:22:03] DEBUG: Processing event queue
[10.01.26 01:22:03] INFO: Component initialized successfully
[10.01.26 01:22:03] INFO: System running normally",File System Error,MEDIUM,PIVI_SW4100,gen4,False,True,966,FileSystem
LOG_00340,"[05.01.26 01:22:03] ERRMEM: VERSIONINFO: PIVI_SW4100
[05.01.26 01:22:03] Platform: gen4
[05.01.26 01:22:03] Component: Kernel
[05.01.26 01:22:03] WARNING: Task execution time exceeded threshold
[05.01.26 01:22:03] ERROR: WATCHDOG_RESET triggered
[05.01.26 01:22:03] TRACE: System reset due to watchdog timeout
[05.01.26 01:22:03] INFO: Last task: Kernel_handler
[05.01.26 01:22:03] CRITICAL: System WDT
[05.01.26 01:22:03] DEBUG: Processing event queue
[05.01.26 01:22:03] INFO: System running normally
[05.01.26 01:22:03] INFO: Component initialized successfully",Watchdog Timeout,CRITICAL,PIVI_SW4100,gen4,True,False,7460,System
LOG_00341,"[16.01.26 01:22:03] ERRMEM: VERSIONINFO: AIVI_SW5244
[16.01.26 01:22:03] Platform: gen4
[16.01.26 01:22:03] Component: Unknown
[16.01.26 01:22:03] ERROR: ISSUE in Unknown
[16.01.26 01:22:03] ERROR: EXCEPTION in Unknown
[16.01.26 01:22:03] ERROR: FAILED in Unknown
[16.01.26 01:22:03] ERROR: ISSUE in Unknown
[16.01.26 01:22:03] INFO: System running normally
[16.01.26 01:22:03] DEBUG: Processing event queue
[16.01.26 01:22:03] INFO: Component initialized successfully",Unknown Issue,MEDIUM,AIVI_SW5244,gen4,False,False,22237,Unknown
LOG_00342,"[03.01.26 01:22:03] ERRMEM: VERSIONINFO: AIVI_SW5250
[03.01.26 01:22:03] Platform: gen4
[03.01.26 01:22:03] Component: Hardware
[03.01.26 01:22:03] ERROR: FAULT in Hardware
[03.01.26 01:22:03] ERROR: SPI in Hardware
[03.01.26 01:22:03] ERROR: SENSOR in Hardware
[03.01.26 01:22:03] ERROR: HARDWARE in Hardware
[03.01.26 01:22:03] ERROR: SENSOR in Hardware
[03.01.26 01:22:03] ERROR: SENSOR in Hardware
[03.01.26 01:22:03] INFO: System running normally
[03.01.26 01:22:03] DEBUG: Processing event queue
[03.01.26 01:22:03] INFO: Component initialized successfully",Hardware Fault,HIGH,AIVI_SW5250,gen4,True,True,8370,Hardware
LOG_00343,"[04.01.26 01:22:03] ERRMEM: VERSIONINFO: PIVI_SW4110
[04.01.26 01:22:03] Platform: gen3
[04.01.26 01:22:03] Component: Navigation
[04.01.26 01:22:03] WARNING: High memory usage detected
[04.01.26 01:22:03] ERROR: Heap allocation failed in Navigation
[04.01.26 01:22:03] TRACE: malloc returned NULL
[04.01.26 01:22:03] INFO: Available memory: 128 KB / 2048 KB
[04.01.26 01:22:03] ERROR: Memory leak suspected in navigation module
[04.01.26 01:22:03] TRACE: MEMORY - size: 3477 bytes
[04.01.26 01:22:03] INFO: Component initialized successfully
[04.01.26 01:22:03] INFO: System running normally",Memory Leak,HIGH,PIVI_SW4110,gen3,True,False,48162,Navigation
LOG_00344,"[27.12.25 01:22:03] ERRMEM: VERSIONINFO: PIVI_SW4100
[27.12.25 01:22:03] Platform: gen4
[27.12.25 01:22:03] Component: Unknown
[27.12.25 01:22:03] ERROR: WARNING in Unknown
[27.12.25 01:22:03] ERROR: WARNING in Unknown
[27.12.25 01:22:03] ERROR: EXCEPTION in Unknown
[27.12.25 01:22:03] ERROR: ERROR in Unknown
[27.12.25 01:22:03] ERROR: ERROR in Unknown
[27.12.25 01:22:03] DEBUG: Processing event queue",Unknown Issue,MEDIUM,PIVI_SW4100,gen4,True,True,44438,Unknown
LOG_00345,"[14.01.26 01:22:03] ERRMEM: VERSIONINFO: PIVI_SW4100
[14.01.26 01:22:03] Platform: gen3
[14.01.26 01:22:03] Component: Power
[14.01.26 01:22:03] WARNING: Task execution time exceeded threshold
[14.01.26 01:22:03] ERROR: WATCHDOG_RESET triggered
[14.01.26 01:22:03] TRACE: System reset due to watchdog timeout
[14.01.26 01:22:03] INFO: Last task: Power_handler
[14.01.26 01:22:03] CRITICAL: System DEADLOCK
[14.01.26 01:22:03] INFO: System running normally
[14.01.26 01:22:03] DEBUG: Processing event queue",Watchdog Timeout,CRITICAL,PIVI_SW4100,gen3,True,True,31787,Power
LOG_00346,"[04.01.26 01:22:03] ERRMEM: VERSIONINFO: AIVI_SW5244
[04.01.26 01:22:03] Platform: gen4
[04.01.26 01:22:03] Component: Multimedia
[04.01.26 01:22:03] WARNING: High memory usage detected
[04.01.26 01:22:03] ERROR: Heap allocation failed in Multimedia
[04.01.26 01:22:03] TRACE: malloc returned NULL
[04.01.26 01:22:03] INFO: Available memory: 128 KB / 2048 KB
[04.01.26 01:22:03] ERROR: Memory leak suspected in navigation module
[04.01.26 01:22:03] TRACE: OOM - size: 3774 bytes
[04.01.26 01:22:03] INFO: System running normally",Memory Leak,HIGH,AIVI_SW5244,gen4,True,False,45195,Multimedia
LOG_00347,"[16.01.26 01:22:03] ERRMEM: VERSIONINFO: AIVI_SW5250
[16.01.26 01:22:03] Platform: gen3
[16.01.26 01:22:03] Component: SW_SWUPDATE
[16.01.26 01:22:03] INFO: Starting software update
[16.01.26 01:22:03] WARNING: Update verification failed
[16.01.26 01:22:03] ERROR: Flash write error at block 720
[16.01.26 01:22:03] TRACE: Rolling back to previous version
[16.01.26 01:22:03] CRITICAL: Software UPGRADE
[16.01.26 01:22:03] INFO: Component initialized successfully",SW Update Failure,HIGH,AIVI_SW5250,gen3,True,True,18068,System
LOG_00348,"[09.01.26 01:22:03] ERRMEM: VERSIONINFO: AIVI_SW5250
[09.01.26 01:22:03] Platform: gen4
[09.01.26 01:22:03] Component: Kernel
[09.01.26 01:22:03] WARNING: Task execution time exceeded threshold
[09.01.26 01:22:03] ERROR: WATCHDOG_RESET triggered
[09.01.26 01:22:03] TRACE: System reset due to watchdog timeout
[09.01.26 01:22:03] INFO: Last task: Kernel_handler
[09.01.26 01:22:03] CRITICAL: System RESET
[09.01.26 01:22:03] DEBUG: Processing event queue
[09.01.26 01:22:03] INFO: Component initialized successfully
[09.01.26 01:22:03] INFO: System running normally",Watchdog Timeout,CRITICAL,AIVI_SW5250,gen4,True,False,42494,Power
LOG_00349,"[11.01.26 01:22:03] ERRMEM: VERSIONINFO: AIVI_SW5244
[11.01.26 01:22:03] Platform: gen3
[11.01.26 01:22:03] Component: System
[11.01.26 01:22:03] WARNING: Task execution time exceeded threshold
[11.01.26 01:22:03] ERROR: WATCHDOG_RESET triggered
[11.01.26 01:22:03] TRACE: System reset due to watchdog timeout
[11.01.26 01:22:03] INFO: Last task: System_handler
[11.01.26 01:22:03] CRITICAL: System WDT
[11.01.26 01:22:03] INFO: Component initialized successfully",Watchdog Timeout,CRITICAL,AIVI_SW5244,gen3,False,True,6593,System
LOG_00350,"[07.01.26 01:22:03] ERRMEM: VERSIONINFO: PIVI_SW4100
[07.01.26 01:22:03] Platform: gen3
[07.01.26 01:22:03] Component: Sensors
[07.01.26 01:22:03] ERROR: FAULT in Sensors
[07.01.26 01:22:03] ERROR: I2C in Sensors
[07.01.26 01:22:03] ERROR: HARDWARE in Sensors
[07.01.26 01:22:03] INFO: System running normally
[07.01.26 01:22:03] DEBUG: Processing event queue
[07.01.26 01:22:03] INFO: Component initialized successfully",Hardware Fault,HIGH,PIVI_SW4100,gen3,True,False,34920,Hardware
LOG_00351,"[08.01.26 01:22:03] ERRMEM: VERSIONINFO: PIVI_SW4110
[08.01.26 01:22:03] Platform: gen3
[08.01.26 01:22:03] Component: Unknown
[08.01.26 01:22:03] ERROR: FAILED in Unknown
[08.01.26 01:22:03] ERROR: ISSUE in Unknown
[08.01.26 01:22:03] ERROR: EXCEPTION in Unknown
[08.01.26 01:22:03] ERROR: ISSUE in Unknown
[08.01.26 01:22:03] DEBUG: Processing event queue",Unknown Issue,MEDIUM,PIVI_SW4110,gen3,False,True,13810,Unknown
LOG_00352,"[15.01.26 01:22:03] ERRMEM: VERSIONINFO: PIVI_SW4110
[15.01.26 01:22:03] Platform: gen3
[15.01.26 01:22:03] Component: System
[15.01.26 01:22:03] CRITICAL: Kernel panic detected
[15.01.26 01:22:03] ERROR: Unable to handle kernel NULL pointer dereference
[15.01.26 01:22:03] TRACE: Exception at address 0x1B7E
[15.01.26 01:22:03] ERROR: CPU 0 KERNEL
[15.01.26 01:22:03] CRITICAL: System halted
[15.01.26 01:22:03] INFO: System running normally
[15.01.26 01:22:03] DEBUG: Processing event queue
[15.01.26 01:22:03] INFO: Component initialized successfully",Kernel Panic,CRITICAL,PIVI_SW4110,gen3,True,False,49555,System
LOG_00353,"[12.01.26 01:22:03] ERRMEM: VERSIONINFO: PIVI_SW4110
[12.01.26 01:22:03] Platform: gen4
[12.01.26 01:22:03] Component: Communication
[12.01.26 01:22:03] ERROR: TIMEOUT in Communication
[12.01.26 01:22:03] ERROR: NETWORK in Communication
[12.01.26 01:22:03] ERROR: TCP in Communication
[12.01.26 01:22:03] ERROR: SOCKET in Communication
[12.01.26 01:22:03] ERROR: TIMEOUT in Communication
[12.01.26 01:22:03] ERROR: REFUSED in Communication
[12.01.26 01:22:03] INFO: System running normally",Network Timeout,LOW,PIVI_SW4110,gen4,True,False,8581,Network
LOG_00354,"[22.01.26 01:22:03] ERRMEM: VERSIONINFO: PIVI_SW4110
[22.01.26 01:22:03] Platform: gen3
[22.01.26 01:22:03] Component: Storage
[22.01.26 01:22:03] ERROR: DISK in Storage
[22.01.26 01:22:03] ERROR: READ in Storage
[22.01.26 01:22:03] ERROR: CORRUPT in Storage
[22.01.26 01:22:03] ERROR: CORRUPT in Storage
[22.01.26 01:22:03] ERROR: CORRUPT in Storage
[22.01.26 01:22:03] INFO: System running normally
[22.01.26 01:22:03] DEBUG: Processing event queue
[22.01.26 01:22:03] INFO: Component initialized successfully",File System Error,MEDIUM,PIVI_SW4110,gen3,False,False,33364,Storage
LOG_00355,"[03.01.26 01:22:03] ERRMEM: VERSIONINFO: PIVI_SW4110
[03.01.26 01:22:03] Platform: gen3
[03.01.26 01:22:03] Component: Communication
[03.01.26 01:22:03] WARNING: CAN bus error detected
[03.01.26 01:22:03] ERROR: Frame transmission failed on CAN2
[03.01.26 01:22:03] TRACE: Bus-off state entered
[03.01.26 01:22:03] INFO: Error counter: 206
[03.01.26 01:22:03] ERROR: CAN on CAN interface
[03.01.26 01:22:03] DEBUG: Processing event queue",CAN Bus Error,MEDIUM,PIVI_SW4110,gen3,False,False,30643,CAN
LOG_00356,"[31.12.25 01:22:03] ERRMEM: VERSIONINFO: AIVI_SW5250
[31.12.25 01:22:03] Platform: gen3
[31.12.25 01:22:03] Component: SW_SWUPDATE
[31.12.25 01:22:03] INFO: Starting software update
[31.12.25 01:22:03] WARNING: Update verification failed
[31.12.25 01:22:03] ERROR: Flash write error at block 282
[31.12.25 01:22:03] TRACE: Rolling back to previous version
[31.12.25 01:22:03] CRITICAL: Software FAILED
[31.12.25 01:22:03] INFO: System running normally
[31.12.25 01:22:03] INFO: Component initialized successfully
[31.12.25 01:22:03] DEBUG: Processing event queue",SW Update Failure,HIGH,AIVI_SW5250,gen3,True,False,49921,System
LOG_00357,"[09.01.26 01:22:03] ERRMEM: VERSIONINFO: PIVI_SW4100
[09.01.26 01:22:03] Platform: gen3
[09.01.26 01:22:03] Component: System
[09.01.26 01:22:03] WARNING: Task execution time exceeded threshold
[09.01.26 01:22:03] ERROR: WATCHDOG_RESET triggered
[09.01.26 01:22:03] TRACE: System reset due to watchdog timeout
[09.01.26 01:22:03] INFO: Last task: System_handler
[09.01.26 01:22:03] CRITICAL: System WATCHDOG
[09.01.26 01:22:03] DEBUG: Processing event queue
[09.01.26 01:22:03] INFO: System running normally
[09.01.26 01:22:03] INFO: Component initialized successfully",Watchdog Timeout,CRITICAL,PIVI_SW4100,gen3,False,True,19449,System
LOG_00358,"[16.01.26 01:22:03] ERRMEM: VERSIONINFO: AIVI_SW5250
[16.01.26 01:22:03] Platform: gen4
[16.01.26 01:22:03] Component: Network
[16.01.26 01:22:03] ERROR: TIMEOUT in Network
[16.01.26 01:22:03] ERROR: CONNECTION in Network
[16.01.26 01:22:03] ERROR: REFUSED in Network
[16.01.26 01:22:03] INFO: Component initialized successfully
[16.01.26 01:22:03] DEBUG: Processing event queue",Network Timeout,LOW,AIVI_SW5250,gen4,False,False,26185,Network
LOG_00359,"[13.01.26 01:22:03] ERRMEM: VERSIONINFO: AIVI_SW5244
[13.01.26 01:22:03] Platform: gen4
[13.01.26 01:22:03] Component: CAN
[13.01.26 01:22:03] WARNING: CAN bus error detected
[13.01.26 01:22:03] ERROR: Frame transmission failed on CAN2
[13.01.26 01:22:03] TRACE: Bus-off state entered
[13.01.26 01:22:03] INFO: Error counter: 239
[13.01.26 01:22:03] ERROR: ERROR on CAN interface
[13.01.26 01:22:03] DEBUG: Processing event queue
[13.01.26 01:22:03] INFO: Component initialized successfully
[13.01.26 01:22:03] INFO: System running normally",CAN Bus Error,MEDIUM,AIVI_SW5244,gen4,True,True,26444,Network
LOG_00360,"[30.12.25 01:22:03] ERRMEM: VERSIONINFO: PIVI_SW4110
[30.12.25 01:22:03] Platform: gen4
[30.12.25 01:22:03] Component: Navigation
[30.12.25 01:22:03] WARNING: High memory usage detected
[30.12.25 01:22:03] ERROR: Heap allocation failed in Navigation
[30.12.25 01:22:03] TRACE: malloc returned NULL
[30.12.25 01:22:03] INFO: Available memory: 128 KB / 2048 KB
[30.12.25 01:22:03] ERROR: Memory leak suspected in navigation module
[30.12.25 01:22:03] TRACE: ALLOCATION - size: 4999 bytes
[30.12.25 01:22:03] INFO: System running normally",Memory Leak,HIGH,PIVI_SW4110,gen4,False,True,44011,Multimedia
LOG_00361,"[18.01.26 01:22:03] ERRMEM: VERSIONINFO: AIVI_SW5244
[18.01.26 01:22:03] Platform: gen4
[18.01.26 01:22:03] Component: CAN
[18.01.26 01:22:03] WARNING: CAN bus error detected
[18.01.26 01:22:03] ERROR: Frame transmission failed on CAN2
[18.01.26 01:22:03] TRACE: Bus-off state entered
[18.01.26 01:22:03] INFO: Error counter: 92
[18.01.26 01:22:03] ERROR: BUS on CAN interface
[18.01.26 01:22:03] DEBUG: Processing event queue
[18.01.26 01:22:03] INFO: Component initialized successfully",CAN Bus Error,MEDIUM,AIVI_SW5244,gen4,True,True,27231,Network
LOG_00362,"[13.01.26 01:22:03] ERRMEM: VERSIONINFO: PIVI_SW4100
[13.01.26 01:22:03] Platform: gen4
[13.01.26 01:22:03] Component: Communication
[13.01.26 01:22:03] ERROR: REFUSED in Communication
[13.01.26 01:22:03] ERROR: REFUSED in Communication
[13.01.26 01:22:03] ERROR: TCP in Communication
[13.01.26 01:22:03] ERROR: NETWORK in Communication
[13.01.26 01:22:03] ERROR: TCP in Communication
[13.01.26 01:22:03] ERROR: TIMEOUT in Communication
[13.01.26 01:22:03] DEBUG: Processing event queue
[13.01.26 01:22:03] INFO: System running normally",Network Timeout,LOW,PIVI_SW4100,gen4,False,True,24202,Communication
LOG_00363,"[02.01.26 01:22:03] ERRMEM: VERSIONINFO: PIVI_SW4110
[02.01.26 01:22:03] Platform: gen4
[02.01.26 01:22:03] Component: Storage
[02.01.26 01:22:03] ERROR: READ in Storage
[02.01.26 01:22:03] ERROR: DISK in Storage
[02.01.26 01:22:03] ERROR: DISK in Storage
[02.01.26 01:22:03] DEBUG: Processing event queue
[02.01.26 01:22:03] INFO: Component initialized successfully
[02.01.26 01:22:03] INFO: System running normally",File System Error,MEDIUM,PIVI_SW4110,gen4,True,True,10133,Storage
LOG_00364,"[18.01.26 01:22:03] ERRMEM: VERSIONINFO: PIVI_SW4100
[18.01.26 01:22:03] Platform: gen4
[18.01.26 01:22:03] Component: Network
[18.01.26 01:22:03] WARNING: CAN bus error detected
[18.01.26 01:22:03] ERROR: Frame transmission failed on CAN2
[18.01.26 01:22:03] TRACE: Bus-off state entered
[18.01.26 01:22:03] INFO: Error counter: 45
[18.01.26 01:22:03] ERROR: CAN on CAN interface
[18.01.26 01:22:03] INFO: System running normally",CAN Bus Error,MEDIUM,PIVI_SW4100,gen4,True,False,26570,Network
LOG_00365,"[10.01.26 01:22:03] ERRMEM: VERSIONINFO: AIVI_SW5244
[10.01.26 01:22:03] Platform: gen3
[10.01.26 01:22:03] Component: System
[10.01.26 01:22:03] ERROR: SUCCESS in System
[10.01.26 01:22:03] ERROR: COMPLETED in System
[10.01.26 01:22:03] ERROR: RUNNING in System
[10.01.26 01:22:03] ERROR: COMPLETED in System
[10.01.26 01:22:03] ERROR: COMPLETED in System
[10.01.26 01:22:03] INFO: Component initialized successfully
[10.01.26 01:22:03] INFO: System running normally",No Issue,LOW,AIVI_SW5244,gen3,False,False,48398,System
LOG_00366,"[03.01.26 01:22:03] ERRMEM: VERSIONINFO: PIVI_SW4110
[03.01.26 01:22:03] Platform: gen4
[03.01.26 01:22:03] Component: Network
[03.01.26 01:22:03] WARNING: CAN bus error detected
[03.01.26 01:22:03] ERROR: Frame transmission failed on CAN2
[03.01.26 01:22:03] TRACE: Bus-off state entered
[03.01.26 01:22:03] INFO: Error counter: 191
[03.01.26 01:22:03] ERROR: ARBITRATION on CAN interface
[03.01.26 01:22:03] INFO: Component initialized successfully",CAN Bus Error,MEDIUM,PIVI_SW4110,gen4,True,True,39094,CAN
LOG_00367,"[07.01.26 01:22:03] ERRMEM: VERSIONINFO: AIVI_SW5250
[07.01.26 01:22:03] Platform: gen3
[07.01.26 01:22:03] Component: Network
[07.01.26 01:22:03] ERROR: CONNECTION in Network
[07.01.26 01:22:03] ERROR: TIMEOUT in Network
[07.01.26 01:22:03] ERROR: SOCKET in Network
[07.01.26 01:22:03] ERROR: TCP in Network
[07.01.26 01:22:03] ERROR: TCP in Network
[07.01.26 01:22:03] ERROR: TIMEOUT in Network
[07.01.26 01:22:03] INFO: System running normally",Network Timeout,LOW,AIVI_SW5250,gen3,True,False,17714,Network
LOG_00368,"[03.01.26 01:22:03] ERRMEM: VERSIONINFO: AIVI_SW5244
[03.01.26 01:22:03] Platform: gen3
[03.01.26 01:22:03] Component: Power
[03.01.26 01:22:03] WARNING: Task execution time exceeded threshold
[03.01.26 01:22:03] ERROR: WATCHDOG_RESET triggered
[03.01.26 01:22:03] TRACE: System reset due to watchdog timeout
[03.01.26 01:22:03] INFO: Last task: Power_handler
[03.01.26 01:22:03] CRITICAL: System WATCHDOG
[03.01.26 01:22:03] INFO: System running normally
[03.01.26 01:22:03] DEBUG: Processing event queue",Watchdog Timeout,CRITICAL,AIVI_SW5244,gen3,False,False,5609,Power
LOG_00369,"[20.01.26 01:22:03] ERRMEM: VERSIONINFO: PIVI_SW4110
[20.01.26 01:22:03] Platform: gen3
[20.01.26 01:22:03] Component: System
[20.01.26 01:22:03] ERROR: OK in System
[20.01.26 01:22:03] ERROR: NORMAL in System
[20.01.26 01:22:03] ERROR: NORMAL in System
[20.01.26 01:22:03] INFO: Component initialized successfully
[20.01.26 01:22:03] DEBUG: Processing event queue
[20.01.26 01:22:03] INFO: System running normally",No Issue,LOW,PIVI_SW4110,gen3,True,False,48843,System
LOG_00370,"[19.01.26 01:22:03] ERRMEM: VERSIONINFO: AIVI_SW5244
[19.01.26 01:22:03] Platform: gen3
[19.01.26 01:22:03] Component: CAN
[19.01.26 01:22:03] WARNING: CAN bus error detected
[19.01.26 01:22:03] ERROR: Frame transmission failed on CAN2
[19.01.26 01:22:03] TRACE: Bus-off state entered
[19.01.26 01:22:03] INFO: Error counter: 103
[19.01.26 01:22:03] ERROR: CAN on CAN interface
[19.01.26 01:22:03] DEBUG: Processing event queue
[19.01.26 01:22:03] INFO: System running normally",CAN Bus Error,MEDIUM,AIVI_SW5244,gen3,False,True,15426,CAN
LOG_00371,"[02.01.26 01:22:03] ERRMEM: VERSIONINFO: PIVI_SW4100
[02.01.26 01:22:03] Platform: gen3
[02.01.26 01:22:03] Component: Kernel
[02.01.26 01:22:03] WARNING: Task execution time exceeded threshold
[02.01.26 01:22:03] ERROR: WATCHDOG_RESET triggered
[02.01.26 01:22:03] TRACE: System reset due to watchdog timeout
[02.01.26 01:22:03] INFO: Last task: Kernel_handler
[02.01.26 01:22:03] CRITICAL: System HANG
[02.01.26 01:22:03] DEBUG: Processing event queue
[02.01.26 01:22:03] INFO: Component initialized successfully
[02.01.26 01:22:03] INFO: System running normally",Watchdog Timeout,CRITICAL,PIVI_SW4100,gen3,False,True,45375,System
LOG_00372,"[01.01.26 01:22:03] ERRMEM: VERSIONINFO: AIVI_SW5244
[01.01.26 01:22:03] Platform: gen3
[01.01.26 01:22:03] Component: System
[01.01.26 01:22:03] ERROR: NORMAL in System
[01.01.26 01:22:03] ERROR: COMPLETED in System
[01.01.26 01:22:03] ERROR: COMPLETED in System
[01.01.26 01:22:03] ERROR: RUNNING in System
[01.01.26 01:22:03] ERROR: COMPLETED in System
[01.01.26 01:22:03] ERROR: OK in System
[01.01.26 01:22:03] INFO: Component initialized successfully
[01.01.26 01:22:03] INFO: System running normally",No Issue,LOW,AIVI_SW5244,gen3,True,False,13616,System
LOG_00373,"[20.01.26 01:22:03] ERRMEM: VERSIONINFO: PIVI_SW4110
[20.01.26 01:22:03] Platform: gen4
[20.01.26 01:22:03] Component: Unknown
[20.01.26 01:22:03] ERROR: ERROR in Unknown
[20.01.26 01:22:03] ERROR: ERROR in Unknown
[20.01.26 01:22:03] ERROR: ISSUE in Unknown
[20.01.26 01:22:03] ERROR: WARNING in Unknown
[20.01.26 01:22:03] ERROR: ERROR in Unknown
[20.01.26 01:22:03] ERROR: EXCEPTION in Unknown
[20.01.26 01:22:03] INFO: System running normally
[20.01.26 01:22:03] DEBUG: Processing event queue",Unknown Issue,MEDIUM,PIVI_SW4110,gen4,False,True,42001,Unknown
LOG_00374,"[10.01.26 01:22:03] ERRMEM: VERSIONINFO: PIVI_SW4100
[10.01.26 01:22:03] Platform: gen3
[10.01.26 01:22:03] Component: Navigation
[10.01.26 01:22:03] WARNING: High memory usage detected
[10.01.26 01:22:03] ERROR: Heap allocation failed in Navigation
[10.01.26 01:22:03] TRACE: malloc returned NULL
[10.01.26 01:22:03] INFO: Available memory: 128 KB / 2048 KB
[10.01.26 01:22:03] ERROR: Memory leak suspected in navigation module
[10.01.26 01:22:03] TRACE: FREE - size: 270 bytes
[10.01.26 01:22:03] DEBUG: Processing event queue",Memory Leak,HIGH,PIVI_SW4100,gen3,True,True,30035,Audio
LOG_00375,"[29.12.25 01:22:03] ERRMEM: VERSIONINFO: AIVI_SW5250
[29.12.25 01:22:03] Platform: gen3
[29.12.25 01:22:03] Component: System
[29.12.25 01:22:03] WARNING: Task execution time exceeded threshold
[29.12.25 01:22:03] ERROR: WATCHDOG_RESET triggered
[29.12.25 01:22:03] TRACE: System reset due to watchdog timeout
[29.12.25 01:22:03] INFO: Last task: System_handler
[29.12.25 01:22:03] CRITICAL: System DEADLOCK
[29.12.25 01:22:03] INFO: System running normally
[29.12.25 01:22:03] INFO: Component initialized successfully
[29.12.25 01:22:03] DEBUG: Processing event queue",Watchdog Timeout,CRITICAL,AIVI_SW5250,gen3,True,True,46000,Kernel
LOG_00376,"[10.01.26 01:22:03] ERRMEM: VERSIONINFO: PIVI_SW4100
[10.01.26 01:22:03] Platform: gen3
[10.01.26 01:22:03] Component: Navigation
[10.01.26 01:22:03] WARNING: High memory usage detected
[10.01.26 01:22:03] ERROR: Heap allocation failed in Navigation
[10.01.26 01:22:03] TRACE: malloc returned NULL
[10.01.26 01:22:03] INFO: Available memory: 128 KB / 2048 KB
[10.01.26 01:22:03] ERROR: Memory leak suspected in navigation module
[10.01.26 01:22:03] TRACE: LEAK - size: 3391 bytes
[10.01.26 01:22:03] DEBUG: Processing event queue",Memory Leak,HIGH,PIVI_SW4100,gen3,True,False,34481,Navigation
LOG_00377,"[19.01.26 01:22:03] ERRMEM: VERSIONINFO: AIVI_SW5244
[19.01.26 01:22:03] Platform: gen4
[19.01.26 01:22:03] Component: Sensors
[19.01.26 01:22:03] ERROR: SENSOR in Sensors
[19.01.26 01:22:03] ERROR: I2C in Sensors
[19.01.26 01:22:03] ERROR: FAULT in Sensors
[19.01.26 01:22:03] ERROR: SPI in Sensors
[19.01.26 01:22:03] INFO: Component initialized successfully
[19.01.26 01:22:03] DEBUG: Processing event queue",Hardware Fault,HIGH,AIVI_SW5244,gen4,False,True,2303,Sensors
LOG_00378,"[01.01.26 01:22:03] ERRMEM: VERSIONINFO: PIVI_SW4100
[01.01.26 01:22:03] Platform: gen4
[01.01.26 01:22:03] Component: Network
[01.01.26 01:22:03] WARNING: CAN bus error detected
[01.01.26 01:22:03] ERROR: Frame transmission failed on CAN2
[01.01.26 01:22:03] TRACE: Bus-off state entered
[01.01.26 01:22:03] INFO: Error counter: 43
[01.01.26 01:22:03] ERROR: ERROR on CAN interface
[01.01.26 01:22:03] INFO: System running normally
[01.01.26 01:22:03] DEBUG: Processing event queue
[01.01.26 01:22:03] INFO: Component initialized successfully",CAN Bus Error,MEDIUM,PIVI_SW4100,gen4,True,False,28119,Network
LOG_00379,"[17.01.26 01:22:03] ERRMEM: VERSIONINFO: PIVI_SW4110
[17.01.26 01:22:03] Platform: gen4
[17.01.26 01:22:03] Component: Audio
[17.01.26 01:22:03] WARNING: High memory usage detected
[17.01.26 01:22:03] ERROR: Heap allocation failed in Audio
[17.01.26 01:22:03] TRACE: malloc returned NULL
[17.01.26 01:22:03] INFO: Available memory: 128 KB / 2048 KB
[17.01.26 01:22:03] ERROR: Memory leak suspected in navigation module
[17.01.26 01:22:03] TRACE: MEMORY - size: 3349 bytes
[17.01.26 01:22:03] INFO: System running normally",Memory Leak,HIGH,PIVI_SW4110,gen4,True,True,22113,Multimedia
LOG_00380,"[05.01.26 01:22:03] ERRMEM: VERSIONINFO: PIVI_SW4100
[05.01.26 01:22:03] Platform: gen3
[05.01.26 01:22:03] Component: Network
[05.01.26 01:22:03] WARNING: CAN bus error detected
[05.01.26 01:22:03] ERROR: Frame transmission failed on CAN2
[05.01.26 01:22:03] TRACE: Bus-off state entered
[05.01.26 01:22:03] INFO: Error counter: 19
[05.01.26 01:22:03] ERROR: FRAME on CAN interface
[05.01.26 01:22:03] DEBUG: Processing event queue
[05.01.26 01:22:03] INFO: Component initialized successfully
[05.01.26 01:22:03] INFO: System running normally",CAN Bus Error,MEDIUM,PIVI_SW4100,gen3,True,False,20593,Network
LOG_00381,"[11.01.26 01:22:03] ERRMEM: VERSIONINFO: AIVI_SW5244
[11.01.26 01:22:03] Platform: gen3
[11.01.26 01:22:03] Component: Kernel
[11.01.26 01:22:03] WARNING: Task execution time exceeded threshold
[11.01.26 01:22:03] ERROR: WATCHDOG_RESET triggered
[11.01.26 01:22:03] TRACE: System reset due to watchdog timeout
[11.01.26 01:22:03] INFO: Last task: Kernel_handler
[11.01.26 01:22:03] CRITICAL: System WDT
[11.01.26 01:22:03] DEBUG: Processing event queue
[11.01.26 01:22:03] INFO: System running normally
[11.01.26 01:22:03] INFO: Component initialized successfully",Watchdog Timeout,CRITICAL,AIVI_SW5244,gen3,True,True,19508,System
LOG_00382,"[11.01.26 01:22:03] ERRMEM: VERSIONINFO: AIVI_SW5244
[11.01.26 01:22:03] Platform: gen4
[11.01.26 01:22:03] Component: Unknown
[11.01.26 01:22:03] ERROR: WARNING in Unknown
[11.01.26 01:22:03] ERROR: ISSUE in Unknown
[11.01.26 01:22:03] ERROR: FAILED in Unknown
[11.01.26 01:22:03] DEBUG: Processing event queue",Unknown Issue,MEDIUM,AIVI_SW5244,gen4,False,True,46002,Unknown
LOG_00383,"[16.01.26 01:22:03] ERRMEM: VERSIONINFO: PIVI_SW4100
[16.01.26 01:22:03] Platform: gen4
[16.01.26 01:22:03] Component: System
[16.01.26 01:22:03] INFO: Starting software update
[16.01.26 01:22:03] WARNING: Update verification failed
[16.01.26 01:22:03] ERROR: Flash write error at block 744
[16.01.26 01:22:03] TRACE: Rolling back to previous version
[16.01.26 01:22:03] CRITICAL: Software INSTALLATION
[16.01.26 01:22:03] INFO: System running normally",SW Update Failure,HIGH,PIVI_SW4100,gen4,False,False,25584,System
LOG_00384,"[01.01.26 01:22:03] ERRMEM: VERSIONINFO: AIVI_SW5244
[01.01.26 01:22:03] Platform: gen4
[01.01.26 01:22:03] Component: Unknown
[01.01.26 01:22:03] ERROR: FAILED in Unknown
[01.01.26 01:22:03] ERROR: FAILED in Unknown
[01.01.26 01:22:03] ERROR: ERROR in Unknown
[01.01.26 01:22:03] ERROR: EXCEPTION in Unknown
[01.01.26 01:22:03] ERROR: EXCEPTION in Unknown
[01.01.26 01:22:03] ERROR: ISSUE in Unknown
[01.01.26 01:22:03] DEBUG: Processing event queue",Unknown Issue,MEDIUM,AIVI_SW5244,gen4,False,False,31739,Unknown
LOG_00385,"[05.01.26 01:22:03] ERRMEM: VERSIONINFO: PIVI_SW4110
[05.01.26 01:22:03] Platform: gen4
[05.01.26 01:22:03] Component: System
[05.01.26 01:22:03] WARNING: Task execution time exceeded threshold
[05.01.26 01:22:03] ERROR: WATCHDOG_RESET triggered
[05.01.26 01:22:03] TRACE: System reset due to watchdog timeout
[05.01.26 01:22:03] INFO: Last task: System_handler
[05.01.26 01:22:03] CRITICAL: System WDT
[05.01.26 01:22:03] DEBUG: Processing event queue
[05.01.26 01:22:03] INFO: System running normally
[05.01.26 01:22:03] INFO: Component initialized successfully",Watchdog Timeout,CRITICAL,PIVI_SW4110,gen4,True,True,7447,System
LOG_00386,"[13.01.26 01:22:03] ERRMEM: VERSIONINFO: AIVI_SW5244
[13.01.26 01:22:03] Platform: gen3
[13.01.26 01:22:03] Component: Multimedia
[13.01.26 01:22:03] WARNING: High memory usage detected
[13.01.26 01:22:03] ERROR: Heap allocation failed in Multimedia
[13.01.26 01:22:03] TRACE: malloc returned NULL
[13.01.26 01:22:03] INFO: Available memory: 128 KB / 2048 KB
[13.01.26 01:22:03] ERROR: Memory leak suspected in navigation module
[13.01.26 01:22:03] TRACE: MALLOC - size: 4966 bytes
[13.01.26 01:22:03] DEBUG: Processing event queue
[13.01.26 01:22:03] INFO: System running normally",Memory Leak,HIGH,AIVI_SW5244,gen3,True,True,24964,Audio
LOG_00387,"[24.12.25 01:22:03] ERRMEM: VERSIONINFO: PIVI_SW4100
[24.12.25 01:22:03] Platform: gen4
[24.12.25 01:22:03] Component: CAN
[24.12.25 01:22:03] WARNING: CAN bus error detected
[24.12.25 01:22:03] ERROR: Frame transmission failed on CAN2
[24.12.25 01:22:03] TRACE: Bus-off state entered
[24.12.25 01:22:03] INFO: Error counter: 206
[24.12.25 01:22:03] ERROR: COMMUNICATION on CAN interface
[24.12.25 01:22:03] INFO: System running normally",CAN Bus Error,MEDIUM,PIVI_SW4100,gen4,False,False,23759,Network
LOG_00388,"[07.01.26 01:22:03] ERRMEM: VERSIONINFO: PIVI_SW4110
[07.01.26 01:22:03] Platform: gen3
[07.01.26 01:22:03] Component: Communication
[07.01.26 01:22:03] ERROR: SOCKET in Communication
[07.01.26 01:22:03] ERROR: NETWORK in Communication
[07.01.26 01:22:03] ERROR: TCP in Communication
[07.01.26 01:22:03] ERROR: CONNECTION in Communication
[07.01.26 01:22:03] ERROR: REFUSED in Communication
[07.01.26 01:22:03] ERROR: TIMEOUT in Communication
[07.01.26 01:22:03] INFO: Component initialized successfully
[07.01.26 01:22:03] DEBUG: Processing event queue",Network Timeout,LOW,PIVI_SW4110,gen3,True,False,15218,Communication
LOG_00389,"[27.12.25 01:22:03] ERRMEM: VERSIONINFO: AIVI_SW5244
[27.12.25 01:22:03] Platform: gen4
[27.12.25 01:22:03] Component: Navigation
[27.12.25 01:22:03] WARNING: High memory usage detected
[27.12.25 01:22:03] ERROR: Heap allocation failed in Navigation
[27.12.25 01:22:03] TRACE: malloc returned NULL
[27.12.25 01:22:03] INFO: Available memory: 128 KB / 2048 KB
[27.12.25 01:22:03] ERROR: Memory leak suspected in navigation module
[27.12.25 01:22:03] TRACE: MEMORY - size: 819 bytes
[27.12.25 01:22:03] DEBUG: Processing event queue",Memory Leak,HIGH,AIVI_SW5244,gen4,True,False,25286,Audio
LOG_00390,"[12.01.26 01:22:03] ERRMEM: VERSIONINFO: PIVI_SW4110
[12.01.26 01:22:03] Platform: gen3
[12.01.26 01:22:03] Component: SW_SWUPDATE
[12.01.26 01:22:03] INFO: Starting software update
[12.01.26 01:22:03] WARNING: Update verification failed
[12.01.26 01:22:03] ERROR: Flash write error at block 336
[12.01.26 01:22:03] TRACE: Rolling back to previous version
[12.01.26 01:22:03] CRITICAL: Software INSTALLATION
[12.01.26 01:22:03] INFO: Component initialized successfully",SW Update Failure,HIGH,PIVI_SW4110,gen3,False,False,12429,SW_SWUPDATE
LOG_00391,"[16.01.26 01:22:03] ERRMEM: VERSIONINFO: PIVI_SW4100
[16.01.26 01:22:03] Platform: gen4
[16.01.26 01:22:03] Component: System
[16.01.26 01:22:03] ERROR: NORMAL in System
[16.01.26 01:22:03] ERROR: RUNNING in System
[16.01.26 01:22:03] ERROR: COMPLETED in System
[16.01.26 01:22:03] ERROR: RUNNING in System
[16.01.26 01:22:03] ERROR: RUNNING in System
[16.01.26 01:22:03] ERROR: OK in System
[16.01.26 01:22:03] DEBUG: Processing event queue
[16.01.26 01:22:03] INFO: System running normally",No Issue,LOW,PIVI_SW4100,gen4,True,True,47980,System
LOG_00392,"[09.01.26 01:22:03] ERRMEM: VERSIONINFO: AIVI_SW5244
[09.01.26 01:22:03] Platform: gen3
[09.01.26 01:22:03] Component: SW_SWUPDATE
[09.01.26 01:22:03] INFO: Starting software update
[09.01.26 01:22:03] WARNING: Update verification failed
[09.01.26 01:22:03] ERROR: Flash write error at block 579
[09.01.26 01:22:03] TRACE: Rolling back to previous version
[09.01.26 01:22:03] CRITICAL: Software FLASH
[09.01.26 01:22:03] INFO: System running normally
[09.01.26 01:22:03] INFO: Component initialized successfully",SW Update Failure,HIGH,AIVI_SW5244,gen3,True,False,18604,System
LOG_00393,"[09.01.26 01:22:03] ERRMEM: VERSIONINFO: PIVI_SW4100
[09.01.26 01:22:03] Platform: gen4
[09.01.26 01:22:03] Component: Power
[09.01.26 01:22:03] WARNING: Task execution time exceeded threshold
[09.01.26 01:22:03] ERROR: WATCHDOG_RESET triggered
[09.01.26 01:22:03] TRACE: System reset due to watchdog timeout
[09.01.26 01:22:03] INFO: Last task: Power_handler
[09.01.26 01:22:03] CRITICAL: System TIMEOUT
[09.01.26 01:22:03] INFO: System running normally
[09.01.26 01:22:03] DEBUG: Processing event queue
[09.01.26 01:22:03] INFO: Component initialized successfully",Watchdog Timeout,CRITICAL,PIVI_SW4100,gen4,False,False,12097,System
LOG_00394,"[21.01.26 01:22:03] ERRMEM: VERSIONINFO: AIVI_SW5244
[21.01.26 01:22:03] Platform: gen4
[21.01.26 01:22:03] Component: Communication
[21.01.26 01:22:03] WARNING: CAN bus error detected
[21.01.26 01:22:03] ERROR: Frame transmission failed on CAN2
[21.01.26 01:22:03] TRACE: Bus-off state entered
[21.01.26 01:22:03] INFO: Error counter: 55
[21.01.26 01:22:03] ERROR: ARBITRATION on CAN interface
[21.01.26 01:22:03] DEBUG: Processing event queue
[21.01.26 01:22:03] INFO: System running normally",CAN Bus Error,MEDIUM,AIVI_SW5244,gen4,False,False,13619,Communication
LOG_00395,"[31.12.25 01:22:03] ERRMEM: VERSIONINFO: PIVI_SW4100
[31.12.25 01:22:03] Platform: gen4
[31.12.25 01:22:03] Component: Unknown
[31.12.25 01:22:03] ERROR: ISSUE in Unknown
[31.12.25 01:22:03] ERROR: ERROR in Unknown
[31.12.25 01:22:03] ERROR: ERROR in Unknown
[31.12.25 01:22:03] INFO: Component initialized successfully",Unknown Issue,MEDIUM,PIVI_SW4100,gen4,False,False,34049,Unknown
LOG_00396,"[15.01.26 01:22:03] ERRMEM: VERSIONINFO: AIVI_SW5250
[15.01.26 01:22:03] Platform: gen4
[15.01.26 01:22:03] Component: Navigation
[15.01.26 01:22:03] WARNING: High memory usage detected
[15.01.26 01:22:03] ERROR: Heap allocation failed in Navigation
[15.01.26 01:22:03] TRACE: malloc returned NULL
[15.01.26 01:22:03] INFO: Available memory: 128 KB / 2048 KB
[15.01.26 01:22:03] ERROR: Memory leak suspected in navigation module
[15.01.26 01:22:03] TRACE: LEAK - size: 4547 bytes
[15.01.26 01:22:03] INFO: System running normally
[15.01.26 01:22:03] INFO: Component initialized successfully
[15.01.26 01:22:03] DEBUG: Processing event queue",Memory Leak,HIGH,AIVI_SW5250,gen4,True,False,41898,Navigation
LOG_00397,"[10.01.26 01:22:03] ERRMEM: VERSIONINFO: PIVI_SW4110
[10.01.26 01:22:03] Platform: gen3
[10.01.26 01:22:03] Component: Power
[10.01.26 01:22:03] WARNING: Task execution time exceeded threshold
[10.01.26 01:22:03] ERROR: WATCHDOG_RESET triggered
[10.01.26 01:22:03] TRACE: System reset due to watchdog timeout
[10.01.26 01:22:03] INFO: Last task: Power_handler
[10.01.26 01:22:03] CRITICAL: System TIMEOUT
[10.01.26 01:22:03] DEBUG: Processing event queue
[10.01.26 01:22:03] INFO: Component initialized successfully
[10.01.26 01:22:03] INFO: System running normally",Watchdog Timeout,CRITICAL,PIVI_SW4110,gen3,True,True,9075,Kernel
LOG_00398,"[13.01.26 01:22:03] ERRMEM: VERSIONINFO: AIVI_SW5250
[13.01.26 01:22:03] Platform: gen3
[13.01.26 01:22:03] Component: Unknown
[13.01.26 01:22:03] ERROR: WARNING in Unknown
[13.01.26 01:22:03] ERROR: ISSUE in Unknown
[13.01.26 01:22:03] ERROR: ISSUE in Unknown
[13.01.26 01:22:03] ERROR: ISSUE in Unknown
[13.01.26 01:22:03] DEBUG: Processing event queue
[13.01.26 01:22:03] INFO: System running normally",Unknown Issue,MEDIUM,AIVI_SW5250,gen3,False,True,27402,Unknown
LOG_00399,"[01.01.26 01:22:03] ERRMEM: VERSIONINFO: PIVI_SW4110
[01.01.26 01:22:03] Platform: gen3
[01.01.26 01:22:03] Component: Sensors
[01.01.26 01:22:03] ERROR: SPI in Sensors
[01.01.26 01:22:03] ERROR: SPI in Sensors
[01.01.26 01:22:03] ERROR: I2C in Sensors
[01.01.26 01:22:03] ERROR: I2C in Sensors
[01.01.26 01:22:03] ERROR: SPI in Sensors
[01.01.26 01:22:03] ERROR: SENSOR in Sensors
[01.01.26 01:22:03] DEBUG: Processing event queue
[01.01.26 01:22:03] INFO: System running normally",Hardware Fault,HIGH,PIVI_SW4110,gen3,False,False,33038,Sensors
LOG_00400,"[23.12.25 01:22:03] ERRMEM: VERSIONINFO: AIVI_SW5250
[23.12.25 01:22:03] Platform: gen3
[23.12.25 01:22:03] Component: FileSystem
[23.12.25 01:22:03] ERROR: DISK in FileSystem
[23.12.25 01:22:03] ERROR: CORRUPT in FileSystem
[23.12.25 01:22:03] ERROR: CORRUPT in FileSystem
[23.12.25 01:22:03] ERROR: FILESYSTEM in FileSystem
[23.12.25 01:22:03] ERROR: CORRUPT in FileSystem
[23.12.25 01:22:03] DEBUG: Processing event queue",File System Error,MEDIUM,AIVI_SW5250,gen3,True,True,43279,Storage
LOG_00401,"[17.01.26 01:22:03] ERRMEM: VERSIONINFO: PIVI_SW4110
[17.01.26 01:22:03] Platform: gen4
[17.01.26 01:22:03] Component: Network
[17.01.26 01:22:03] ERROR: NETWORK in Network
[17.01.26 01:22:03] ERROR: TIMEOUT in Network
[17.01.26 01:22:03] ERROR: REFUSED in Network
[17.01.26 01:22:03] ERROR: REFUSED in Network
[17.01.26 01:22:03] ERROR: CONNECTION in Network
[17.01.26 01:22:03] DEBUG: Processing event queue",Network Timeout,LOW,PIVI_SW4110,gen4,True,False,34422,Communication
LOG_00402,"[30.12.25 01:22:03] ERRMEM: VERSIONINFO: AIVI_SW5244
[30.12.25 01:22:03] Platform: gen3
[30.12.25 01:22:03] Component: System
[30.12.25 01:22:03] ERROR: OK in System
[30.12.25 01:22:03] ERROR: OK in System
[30.12.25 01:22:03] ERROR: NORMAL in System
[30.12.25 01:22:03] ERROR: OK in System
[30.12.25 01:22:03] ERROR: NORMAL in System
[30.12.25 01:22:03] ERROR: RUNNING in System
[30.12.25 01:22:03] INFO: System running normally
[30.12.25 01:22:03] DEBUG: Processing event queue",No Issue,LOW,AIVI_SW5244,gen3,True,False,47436,System
LOG_00403,"[14.01.26 01:22:03] ERRMEM: VERSIONINFO: PIVI_SW4110
[14.01.26 01:22:03] Platform: gen4
[14.01.26 01:22:03] Component: Unknown
[14.01.26 01:22:03] ERROR: ISSUE in Unknown
[14.01.26 01:22:03] ERROR: WARNING in Unknown
[14.01.26 01:22:03] ERROR: ISSUE in Unknown
[14.01.26 01:22:03] ERROR: EXCEPTION in Unknown
[14.01.26 01:22:03] ERROR: FAILED in Unknown
[14.01.26 01:22:03] ERROR: ISSUE in Unknown
[14.01.26 01:22:03] DEBUG: Processing event queue
[14.01.26 01:22:03] INFO: System running normally",Unknown Issue,MEDIUM,PIVI_SW4110,gen4,True,True,19444,Unknown
LOG_00404,"[23.12.25 01:22:03] ERRMEM: VERSIONINFO: PIVI_SW4100
[23.12.25 01:22:03] Platform: gen4
[23.12.25 01:22:03] Component: Audio
[23.12.25 01:22:03] WARNING: High memory usage detected
[23.12.25 01:22:03] ERROR: Heap allocation failed in Audio
[23.12.25 01:22:03] TRACE: malloc returned NULL
[23.12.25 01:22:03] INFO: Available memory: 128 KB / 2048 KB
[23.12.25 01:22:03] ERROR: Memory leak suspected in navigation module
[23.12.25 01:22:03] TRACE: LEAK - size: 3152 bytes
[23.12.25 01:22:03] INFO: System running normally",Memory Leak,HIGH,PIVI_SW4100,gen4,False,True,21238,Navigation
LOG_00405,"[03.01.26 01:22:03] ERRMEM: VERSIONINFO: PIVI_SW4100
[03.01.26 01:22:03] Platform: gen3
[03.01.26 01:22:03] Component: CAN
[03.01.26 01:22:03] WARNING: CAN bus error detected
[03.01.26 01:22:03] ERROR: Frame transmission failed on CAN2
[03.01.26 01:22:03] TRACE: Bus-off state entered
[03.01.26 01:22:03] INFO: Error counter: 94
[03.01.26 01:22:03] ERROR: ARBITRATION on CAN interface
[03.01.26 01:22:03] INFO: Component initialized successfully",CAN Bus Error,MEDIUM,PIVI_SW4100,gen3,False,True,31009,Communication
LOG_00406,"[16.01.26 01:22:03] ERRMEM: VERSIONINFO: PIVI_SW4110
[16.01.26 01:22:03] Platform: gen4
[16.01.26 01:22:03] Component: Audio
[16.01.26 01:22:03] WARNING: High memory usage detected
[16.01.26 01:22:03] ERROR: Heap allocation failed in Audio
[16.01.26 01:22:03] TRACE: malloc returned NULL
[16.01.26 01:22:03] INFO: Available memory: 128 KB / 2048 KB
[16.01.26 01:22:03] ERROR: Memory leak suspected in navigation module
[16.01.26 01:22:03] TRACE: FREE - size: 3306 bytes
[16.01.26 01:22:03] INFO: Component initialized successfully
[16.01.26 01:22:03] DEBUG: Processing event queue
[16.01.26 01:22:03] INFO: System running normally",Memory Leak,HIGH,PIVI_SW4110,gen4,False,False,25574,Audio
LOG_00407,"[03.01.26 01:22:03] ERRMEM: VERSIONINFO: PIVI_SW4110
[03.01.26 01:22:03] Platform: gen3
[03.01.26 01:22:03] Component: Network
[03.01.26 01:22:03] ERROR: TCP in Network
[03.01.26 01:22:03] ERROR: SOCKET in Network
[03.01.26 01:22:03] ERROR: REFUSED in Network
[03.01.26 01:22:03] ERROR: TIMEOUT in Network
[03.01.26 01:22:03] ERROR: SOCKET in Network
[03.01.26 01:22:03] ERROR: TIMEOUT in Network
[03.01.26 01:22:03] INFO: System running normally
[03.01.26 01:22:03] INFO: Component initialized successfully",Network Timeout,LOW,PIVI_SW4110,gen3,False,True,14846,Network
LOG_00408,"[07.01.26 01:22:03] ERRMEM: VERSIONINFO: AIVI_SW5244
[07.01.26 01:22:03] Platform: gen4
[07.01.26 01:22:03] Component: FileSystem
[07.01.26 01:22:03] ERROR: DISK in FileSystem
[07.01.26 01:22:03] ERROR: READ in FileSystem
[07.01.26 01:22:03] ERROR: DISK in FileSystem
[07.01.26 01:22:03] ERROR: CORRUPT in FileSystem
[07.01.26 01:22:03] INFO: Component initialized successfully
[07.01.26 01:22:03] INFO: System running normally
[07.01.26 01:22:03] DEBUG: Processing event queue",File System Error,MEDIUM,AIVI_SW5244,gen4,False,True,35489,Storage
LOG_00409,"[27.12.25 01:22:03] ERRMEM: VERSIONINFO: AIVI_SW5250
[27.12.25 01:22:03] Platform: gen4
[27.12.25 01:22:03] Component: Audio
[27.12.25 01:22:03] WARNING: High memory usage detected
[27.12.25 01:22:03] ERROR: Heap allocation failed in Audio
[27.12.25 01:22:03] TRACE: malloc returned NULL
[27.12.25 01:22:03] INFO: Available memory: 128 KB / 2048 KB
[27.12.25 01:22:03] ERROR: Memory leak suspected in navigation module
[27.12.25 01:22:03] TRACE: MALLOC - size: 2388 bytes
[27.12.25 01:22:03] DEBUG: Processing event queue
[27.12.25 01:22:03] INFO: Component initialized successfully
[27.12.25 01:22:03] INFO: System running normally",Memory Leak,HIGH,AIVI_SW5250,gen4,False,False,31805,Audio
LOG_00410,"[07.01.26 01:22:03] ERRMEM: VERSIONINFO: PIVI_SW4110
[07.01.26 01:22:03] Platform: gen3
[07.01.26 01:22:03] Component: Communication
[07.01.26 01:22:03] ERROR: NETWORK in Communication
[07.01.26 01:22:03] ERROR: SOCKET in Communication
[07.01.26 01:22:03] ERROR: CONNECTION in Communication
[07.01.26 01:22:03] ERROR: TCP in Communication
[07.01.26 01:22:03] ERROR: TIMEOUT in Communication
[07.01.26 01:22:03] INFO: System running normally
[07.01.26 01:22:03] DEBUG: Processing event queue",Network Timeout,LOW,PIVI_SW4110,gen3,False,True,39191,Communication
LOG_00411,"[06.01.26 01:22:03] ERRMEM: VERSIONINFO: PIVI_SW4100
[06.01.26 01:22:03] Platform: gen3
[06.01.26 01:22:03] Component: Hardware
[06.01.26 01:22:03] ERROR: SENSOR in Hardware
[06.01.26 01:22:03] ERROR: GPIO in Hardware
[06.01.26 01:22:03] ERROR: HARDWARE in Hardware
[06.01.26 01:22:03] ERROR: SPI in Hardware
[06.01.26 01:22:03] INFO: Component initialized successfully
[06.01.26 01:22:03] DEBUG: Processing event queue
[06.01.26 01:22:03] INFO: System running normally",Hardware Fault,HIGH,PIVI_SW4100,gen3,False,False,8001,Hardware
LOG_00412,"[05.01.26 01:22:03] ERRMEM: VERSIONINFO: AIVI_SW5250
[05.01.26 01:22:03] Platform: gen3
[05.01.26 01:22:03] Component: System
[05.01.26 01:22:03] INFO: Starting software update
[05.01.26 01:22:03] WARNING: Update verification failed
[05.01.26 01:22:03] ERROR: Flash write error at block 148
[05.01.26 01:22:03] TRACE: Rolling back to previous version
[05.01.26 01:22:03] CRITICAL: Software VERSION
[05.01.26 01:22:03] INFO: Component initialized successfully
[05.01.26 01:22:03] INFO: System running normally",SW Update Failure,HIGH,AIVI_SW5250,gen3,True,True,42039,SW_SWUPDATE
LOG_00413,"[12.01.26 01:22:03] ERRMEM: VERSIONINFO: PIVI_SW4110
[12.01.26 01:22:03] Platform: gen4
[12.01.26 01:22:03] Component: Kernel
[12.01.26 01:22:03] CRITICAL: Kernel panic detected
[12.01.26 01:22:03] ERROR: Unable to handle kernel NULL pointer dereference
[12.01.26 01:22:03] TRACE: Exception at address 0x1654
[12.01.26 01:22:03] ERROR: CPU 2 PANIC
[12.01.26 01:22:03] CRITICAL: System halted
[12.01.26 01:22:03] INFO: Component initialized successfully",Kernel Panic,CRITICAL,PIVI_SW4110,gen4,True,False,11075,Kernel
LOG_00414,"[08.01.26 01:22:03] ERRMEM: VERSIONINFO: AIVI_SW5250
[08.01.26 01:22:03] Platform: gen4
[08.01.26 01:22:03] Component: Network
[08.01.26 01:22:03] WARNING: CAN bus error detected
[08.01.26 01:22:03] ERROR: Frame transmission failed on CAN2
[08.01.26 01:22:03] TRACE: Bus-off state entered
[08.01.26 01:22:03] INFO: Error counter: 212
[08.01.26 01:22:03] ERROR: BUS on CAN interface
[08.01.26 01:22:03] INFO: Component initialized successfully",CAN Bus Error,MEDIUM,AIVI_SW5250,gen4,False,False,40926,CAN
LOG_00415,"[25.12.25 01:22:03] ERRMEM: VERSIONINFO: PIVI_SW4100
[25.12.25 01:22:03] Platform: gen3
[25.12.25 01:22:03] Component: System
[25.12.25 01:22:03] ERROR: OK in System
[25.12.25 01:22:03] ERROR: OK in System
[25.12.25 01:22:03] ERROR: OK in System
[25.12.25 01:22:03] ERROR: COMPLETED in System
[25.12.25 01:22:03] INFO: Component initialized successfully
[25.12.25 01:22:03] DEBUG: Processing event queue",No Issue,LOW,PIVI_SW4100,gen3,True,False,36680,System
LOG_00416,"[19.01.26 01:22:03] ERRMEM: VERSIONINFO: PIVI_SW4110
[19.01.26 01:22:03] Platform: gen4
[19.01.26 01:22:03] Component: CAN
[19.01.26 01:22:03] WARNING: CAN bus error detected
[19.01.26 01:22:03] ERROR: Frame transmission failed on CAN2
[19.01.26 01:22:03] TRACE: Bus-off state entered
[19.01.26 01:22:03] INFO: Error counter: 158
[19.01.26 01:22:03] ERROR: FRAME on CAN interface
[19.01.26 01:22:03] INFO: System running normally
[19.01.26 01:22:03] INFO: Component initialized successfully
[19.01.26 01:22:03] DEBUG: Processing event queue",CAN Bus Error,MEDIUM,PIVI_SW4110,gen4,True,True,46329,Network
LOG_00417,"[21.01.26 01:22:03] ERRMEM: VERSIONINFO: AIVI_SW5244
[21.01.26 01:22:03] Platform: gen3
[21.01.26 01:22:03] Component: Network
[21.01.26 01:22:03] ERROR: TCP in Network
[21.01.26 01:22:03] ERROR: TIMEOUT in Network
[21.01.26 01:22:03] ERROR: TCP in Network
[21.01.26 01:22:03] ERROR: CONNECTION in Network
[21.01.26 01:22:03] ERROR: TIMEOUT in Network
[21.01.26 01:22:03] ERROR: TIMEOUT in Network
[21.01.26 01:22:03] INFO: Component initialized successfully
[21.01.26 01:22:03] INFO: System running normally",Network Timeout,LOW,AIVI_SW5244,gen3,False,False,24783,Communication
LOG_00418,"[16.01.26 01:22:03] ERRMEM: VERSIONINFO: PIVI_SW4100
[16.01.26 01:22:03] Platform: gen4
[16.01.26 01:22:03] Component: System
[16.01.26 01:22:03] ERROR: SUCCESS in System
[16.01.26 01:22:03] ERROR: SUCCESS in System
[16.01.26 01:22:03] ERROR: OK in System
[16.01.26 01:22:03] ERROR: OK in System
[16.01.26 01:22:03] ERROR: OK in System
[16.01.26 01:22:03] ERROR: NORMAL in System
[16.01.26 01:22:03] INFO: Component initialized successfully
[16.01.26 01:22:03] INFO: System running normally
[16.01.26 01:22:03] DEBUG: Processing event queue",No Issue,LOW,PIVI_SW4100,gen4,True,True,38744,System
LOG_00419,"[19.01.26 01:22:03] ERRMEM: VERSIONINFO: PIVI_SW4110
[19.01.26 01:22:03] Platform: gen4
[19.01.26 01:22:03] Component: Power
[19.01.26 01:22:03] WARNING: Task execution time exceeded threshold
[19.01.26 01:22:03] ERROR: WATCHDOG_RESET triggered
[19.01.26 01:22:03] TRACE: System reset due to watchdog timeout
[19.01.26 01:22:03] INFO: Last task: Power_handler
[19.01.26 01:22:03] CRITICAL: System RESET
[19.01.26 01:22:03] INFO: Component initialized successfully",Watchdog Timeout,CRITICAL,PIVI_SW4110,gen4,False,False,15501,Kernel
LOG_00420,"[14.01.26 01:22:03] ERRMEM: VERSIONINFO: PIVI_SW4100
[14.01.26 01:22:03] Platform: gen4
[14.01.26 01:22:03] Component: Power
[14.01.26 01:22:03] WARNING: Task execution time exceeded threshold
[14.01.26 01:22:03] ERROR: WATCHDOG_RESET triggered
[14.01.26 01:22:03] TRACE: System reset due to watchdog timeout
[14.01.26 01:22:03] INFO: Last task: Power_handler
[14.01.26 01:22:03] CRITICAL: System DEADLOCK
[14.01.26 01:22:03] INFO: Component initialized successfully
[14.01.26 01:22:03] INFO: System running normally",Watchdog Timeout,CRITICAL,PIVI_SW4100,gen4,True,True,7140,System
LOG_00421,"[19.01.26 01:22:03] ERRMEM: VERSIONINFO: AIVI_SW5244
[19.01.26 01:22:03] Platform: gen3
[19.01.26 01:22:03] Component: Navigation
[19.01.26 01:22:03] WARNING: High memory usage detected
[19.01.26 01:22:03] ERROR: Heap allocation failed in Navigation
[19.01.26 01:22:03] TRACE: malloc returned NULL
[19.01.26 01:22:03] INFO: Available memory: 128 KB / 2048 KB
[19.01.26 01:22:03] ERROR: Memory leak suspected in navigation module
[19.01.26 01:22:03] TRACE: LEAK - size: 2768 bytes
[19.01.26 01:22:03] INFO: System running normally
[19.01.26 01:22:03] DEBUG: Processing event queue
[19.01.26 01:22:03] INFO: Component initialized successfully",Memory Leak,HIGH,AIVI_SW5244,gen3,True,True,1719,Audio
LOG_00422,"[29.12.25 01:22:03] ERRMEM: VERSIONINFO: PIVI_SW4100
[29.12.25 01:22:03] Platform: gen3
[29.12.25 01:22:03] Component: Unknown
[29.12.25 01:22:03] ERROR: WARNING in Unknown
[29.12.25 01:22:03] ERROR: ERROR in Unknown
[29.12.25 01:22:03] ERROR: WARNING in Unknown
[29.12.25 01:22:03] ERROR: FAILED in Unknown
[29.12.25 01:22:03] INFO: Component initialized successfully",Unknown Issue,MEDIUM,PIVI_SW4100,gen3,False,False,34025,Unknown
LOG_00423,"[14.01.26 01:22:03] ERRMEM: VERSIONINFO: AIVI_SW5244
[14.01.26 01:22:03] Platform: gen4
[14.01.26 01:22:03] Component: System
[14.01.26 01:22:03] ERROR: NORMAL in System
[14.01.26 01:22:03] ERROR: SUCCESS in System
[14.01.26 01:22:03] ERROR: COMPLETED in System
[14.01.26 01:22:03] ERROR: RUNNING in System
[14.01.26 01:22:03] DEBUG: Processing event queue",No Issue,LOW,AIVI_SW5244,gen4,False,False,21044,System
LOG_00424,"[18.01.26 01:22:03] ERRMEM: VERSIONINFO: AIVI_SW5244
[18.01.26 01:22:03] Platform: gen3
[18.01.26 01:22:03] Component: Communication
[18.01.26 01:22:03] ERROR: CONNECTION in Communication
[18.01.26 01:22:03] ERROR: REFUSED in Communication
[18.01.26 01:22:03] ERROR: REFUSED in Communication
[18.01.26 01:22:03] ERROR: CONNECTION in Communication
[18.01.26 01:22:03] INFO: System running normally
[18.01.26 01:22:03] DEBUG: Processing event queue",Network Timeout,LOW,AIVI_SW5244,gen3,True,False,3494,Communication
LOG_00425,"[26.12.25 01:22:03] ERRMEM: VERSIONINFO: AIVI_SW5244
[26.12.25 01:22:03] Platform: gen3
[26.12.25 01:22:03] Component: Network
[26.12.25 01:22:03] WARNING: CAN bus error detected
[26.12.25 01:22:03] ERROR: Frame transmission failed on CAN2
[26.12.25 01:22:03] TRACE: Bus-off state entered
[26.12.25 01:22:03] INFO: Error counter: 248
[26.12.25 01:22:03] ERROR: ERROR on CAN interface
[26.12.25 01:22:03] INFO: Component initialized successfully
[26.12.25 01:22:03] DEBUG: Processing event queue
[26.12.25 01:22:03] INFO: System running normally",CAN Bus Error,MEDIUM,AIVI_SW5244,gen3,False,True,18133,CAN
LOG_00426,"[07.01.26 01:22:03] ERRMEM: VERSIONINFO: AIVI_SW5244
[07.01.26 01:22:03] Platform: gen3
[07.01.26 01:22:03] Component: System
[07.01.26 01:22:03] INFO: Starting software update
[07.01.26 01:22:03] WARNING: Update verification failed
[07.01.26 01:22:03] ERROR: Flash write error at block 590
[07.01.26 01:22:03] TRACE: Rolling back to previous version
[07.01.26 01:22:03] CRITICAL: Software INSTALLATION
[07.01.26 01:22:03] INFO: System running normally
[07.01.26 01:22:03] DEBUG: Processing event queue
[07.01.26 01:22:03] INFO: Component initialized successfully",SW Update Failure,HIGH,AIVI_SW5244,gen3,True,False,44397,System
LOG_00427,"[20.01.26 01:22:03] ERRMEM: VERSIONINFO: AIVI_SW5244
[20.01.26 01:22:03] Platform: gen4
[20.01.26 01:22:03] Component: Storage
[20.01.26 01:22:03] ERROR: INODE in Storage
[20.01.26 01:22:03] ERROR: INODE in Storage
[20.01.26 01:22:03] ERROR: FILESYSTEM in Storage
[20.01.26 01:22:03] ERROR: READ in Storage
[20.01.26 01:22:03] INFO: System running normally
[20.01.26 01:22:03] DEBUG: Processing event queue",File System Error,MEDIUM,AIVI_SW5244,gen4,False,True,47681,FileSystem
LOG_00428,"[24.12.25 01:22:03] ERRMEM: VERSIONINFO: PIVI_SW4110
[24.12.25 01:22:03] Platform: gen3
[24.12.25 01:22:03] Component: Network
[24.12.25 01:22:03] ERROR: TIMEOUT in Network
[24.12.25 01:22:03] ERROR: TIMEOUT in Network
[24.12.25 01:22:03] ERROR: TCP in Network
[24.12.25 01:22:03] INFO: System running normally",Network Timeout,LOW,PIVI_SW4110,gen3,False,True,1042,Communication
LOG_00429,"[18.01.26 01:22:03] ERRMEM: VERSIONINFO: PIVI_SW4100
[18.01.26 01:22:03] Platform: gen4
[18.01.26 01:22:03] Component: Navigation
[18.01.26 01:22:03] WARNING: High memory usage detected
[18.01.26 01:22:03] ERROR: Heap allocation failed in Navigation
[18.01.26 01:22:03] TRACE: malloc returned NULL
[18.01.26 01:22:03] INFO: Available memory: 128 KB / 2048 KB
[18.01.26 01:22:03] ERROR: Memory leak suspected in navigation module
[18.01.26 01:22:03] TRACE: FREE - size: 3585 bytes
[18.01.26 01:22:03] INFO: Component initialized successfully
[18.01.26 01:22:03] DEBUG: Processing event queue",Memory Leak,HIGH,PIVI_SW4100,gen4,True,True,34984,Audio
LOG_00430,"[01.01.26 01:22:03] ERRMEM: VERSIONINFO: AIVI_SW5244
[01.01.26 01:22:03] Platform: gen3
[01.01.26 01:22:03] Component: Storage
[01.01.26 01:22:03] ERROR: READ in Storage
[01.01.26 01:22:03] ERROR: DISK in Storage
[01.01.26 01:22:03] ERROR: DISK in Storage
[01.01.26 01:22:03] ERROR: INODE in Storage
[01.01.26 01:22:03] DEBUG: Processing event queue
[01.01.26 01:22:03] INFO: Component initialized successfully
[01.01.26 01:22:03] INFO: System running normally",File System Error,MEDIUM,AIVI_SW5244,gen3,False,True,34488,Storage
LOG_00431,"[12.01.26 01:22:03] ERRMEM: VERSIONINFO: AIVI_SW5244
[12.01.26 01:22:03] Platform: gen4
[12.01.26 01:22:03] Component: CAN
[12.01.26 01:22:03] WARNING: CAN bus error detected
[12.01.26 01:22:03] ERROR: Frame transmission failed on CAN2
[12.01.26 01:22:03] TRACE: Bus-off state entered
[12.01.26 01:22:03] INFO: Error counter: 168
[12.01.26 01:22:03] ERROR: BUS on CAN interface
[12.01.26 01:22:03] INFO: Component initialized successfully",CAN Bus Error,MEDIUM,AIVI_SW5244,gen4,False,True,6321,Communication
LOG_00432,"[18.01.26 01:22:03] ERRMEM: VERSIONINFO: AIVI_SW5250
[18.01.26 01:22:03] Platform: gen4
[18.01.26 01:22:03] Component: Audio
[18.01.26 01:22:03] WARNING: High memory usage detected
[18.01.26 01:22:03] ERROR: Heap allocation failed in Audio
[18.01.26 01:22:03] TRACE: malloc returned NULL
[18.01.26 01:22:03] INFO: Available memory: 128 KB / 2048 KB
[18.01.26 01:22:03] ERROR: Memory leak suspected in navigation module
[18.01.26 01:22:03] TRACE: FREE - size: 2523 bytes
[18.01.26 01:22:03] INFO: System running normally",Memory Leak,HIGH,AIVI_SW5250,gen4,False,True,1939,Navigation
LOG_00433,"[01.01.26 01:22:03] ERRMEM: VERSIONINFO: PIVI_SW4100
[01.01.26 01:22:03] Platform: gen4
[01.01.26 01:22:03] Component: Navigation
[01.01.26 01:22:03] WARNING: High memory usage detected
[01.01.26 01:22:03] ERROR: Heap allocation failed in Navigation
[01.01.26 01:22:03] TRACE: malloc returned NULL
[01.01.26 01:22:03] INFO: Available memory: 128 KB / 2048 KB
[01.01.26 01:22:03] ERROR: Memory leak suspected in navigation module
[01.01.26 01:22:03] TRACE: OOM - size: 3897 bytes
[01.01.26 01:22:03] DEBUG: Processing event queue
[01.01.26 01:22:03] INFO: Component initialized successfully",Memory Leak,HIGH,PIVI_SW4100,gen4,True,True,7781,Multimedia
LOG_00434,"[25.12.25 01:22:03] ERRMEM: VERSIONINFO: PIVI_SW4100
[25.12.25 01:22:03] Platform: gen3
[25.12.25 01:22:03] Component: Multimedia
[25.12.25 01:22:03] WARNING: High memory usage detected
[25.12.25 01:22:03] ERROR: Heap allocation failed in Multimedia
[25.12.25 01:22:03] TRACE: malloc returned NULL
[25.12.25 01:22:03] INFO: Available memory: 128 KB / 2048 KB
[25.12.25 01:22:03] ERROR: Memory leak suspected in navigation module
[25.12.25 01:22:03] TRACE: ALLOCATION - size: 1534 bytes
[25.12.25 01:22:03] INFO: Component initialized successfully",Memory Leak,HIGH,PIVI_SW4100,gen3,False,True,26718,Navigation
LOG_00435,"[26.12.25 01:22:03] ERRMEM: VERSIONINFO: PIVI_SW4110
[26.12.25 01:22:03] Platform: gen4
[26.12.25 01:22:03] Component: Storage
[26.12.25 01:22:03] ERROR: DISK in Storage
[26.12.25 01:22:03] ERROR: MOUNT in Storage
[26.12.25 01:22:03] ERROR: READ in Storage
[26.12.25 01:22:03] ERROR: DISK in Storage
[26.12.25 01:22:03] ERROR: MOUNT in Storage
[26.12.25 01:22:03] INFO: Component initialized successfully
[26.12.25 01:22:03] DEBUG: Processing event queue
[26.12.25 01:22:03] INFO: System running normally",File System Error,MEDIUM,PIVI_SW4110,gen4,False,False,3157,Storage
LOG_00436,"[18.01.26 01:22:03] ERRMEM: VERSIONINFO: AIVI_SW5250
[18.01.26 01:22:03] Platform: gen3
[18.01.26 01:22:03] Component: FileSystem
[18.01.26 01:22:03] ERROR: INODE in FileSystem
[18.01.26 01:22:03] ERROR: READ in FileSystem
[18.01.26 01:22:03] ERROR: READ in FileSystem
[18.01.26 01:22:03] ERROR: READ in FileSystem
[18.01.26 01:22:03] INFO: System running normally
[18.01.26 01:22:03] INFO: Component initialized successfully
[18.01.26 01:22:03] DEBUG: Processing event queue",File System Error,MEDIUM,AIVI_SW5250,gen3,False,False,42397,Storage
LOG_00437,"[09.01.26 01:22:03] ERRMEM: VERSIONINFO: AIVI_SW5250
[09.01.26 01:22:03] Platform: gen4
[09.01.26 01:22:03] Component: Kernel
[09.01.26 01:22:03] CRITICAL: Kernel panic detected
[09.01.26 01:22:03] ERROR: Unable to handle kernel NULL pointer dereference
[09.01.26 01:22:03] TRACE: Exception at address 0x0C3C
[09.01.26 01:22:03] ERROR: CPU 0 ABORT
[09.01.26 01:22:03] CRITICAL: System halted
[09.01.26 01:22:03] INFO: System running normally",Kernel Panic,CRITICAL,AIVI_SW5250,gen4,False,True,19532,System
LOG_00438,"[16.01.26 01:22:03] ERRMEM: VERSIONINFO: AIVI_SW5244
[16.01.26 01:22:03] Platform: gen4
[16.01.26 01:22:03] Component: SW_SWUPDATE
[16.01.26 01:22:03] INFO: Starting software update
[16.01.26 01:22:03] WARNING: Update verification failed
[16.01.26 01:22:03] ERROR: Flash write error at block 728
[16.01.26 01:22:03] TRACE: Rolling back to previous version
[16.01.26 01:22:03] CRITICAL: Software UPDATE
[16.01.26 01:22:03] INFO: System running normally
[16.01.26 01:22:03] INFO: Component initialized successfully
[16.01.26 01:22:03] DEBUG: Processing event queue",SW Update Failure,HIGH,AIVI_SW5244,gen4,False,False,20515,System
LOG_00439,"[09.01.26 01:22:03] ERRMEM: VERSIONINFO: AIVI_SW5244
[09.01.26 01:22:03] Platform: gen4
[09.01.26 01:22:03] Component: Kernel
[09.01.26 01:22:03] WARNING: Task execution time exceeded threshold
[09.01.26 01:22:03] ERROR: WATCHDOG_RESET triggered
[09.01.26 01:22:03] TRACE: System reset due to watchdog timeout
[09.01.26 01:22:03] INFO: Last task: Kernel_handler
[09.01.26 01:22:03] CRITICAL: System HANG
[09.01.26 01:22:03] INFO: Component initialized successfully",Watchdog Timeout,CRITICAL,AIVI_SW5244,gen4,False,False,7268,Power
LOG_00440,"[03.01.26 01:22:03] ERRMEM: VERSIONINFO: AIVI_SW5250
[03.01.26 01:22:03] Platform: gen3
[03.01.26 01:22:03] Component: Unknown
[03.01.26 01:22:03] ERROR: EXCEPTION in Unknown
[03.01.26 01:22:03] ERROR: EXCEPTION in Unknown
[03.01.26 01:22:03] ERROR: ERROR in Unknown
[03.01.26 01:22:03] ERROR: WARNING in Unknown
[03.01.26 01:22:03] ERROR: ERROR in Unknown
[03.01.26 01:22:03] INFO: System running normally
[03.01.26 01:22:03] INFO: Component initialized successfully
[03.01.26 01:22:03] DEBUG: Processing event queue",Unknown Issue,MEDIUM,AIVI_SW5250,gen3,True,True,10600,Unknown
LOG_00441,"[09.01.26 01:22:03] ERRMEM: VERSIONINFO: PIVI_SW4110
[09.01.26 01:22:03] Platform: gen3
[09.01.26 01:22:03] Component: Kernel
[09.01.26 01:22:03] WARNING: Task execution time exceeded threshold
[09.01.26 01:22:03] ERROR: WATCHDOG_RESET triggered
[09.01.26 01:22:03] TRACE: System reset due to watchdog timeout
[09.01.26 01:22:03] INFO: Last task: Kernel_handler
[09.01.26 01:22:03] CRITICAL: System WATCHDOG
[09.01.26 01:22:03] INFO: System running normally
[09.01.26 01:22:03] INFO: Component initialized successfully
[09.01.26 01:22:03] DEBUG: Processing event queue",Watchdog Timeout,CRITICAL,PIVI_SW4110,gen3,True,False,22985,System
LOG_00442,"[25.12.25 01:22:03] ERRMEM: VERSIONINFO: AIVI_SW5250
[25.12.25 01:22:03] Platform: gen3
[25.12.25 01:22:03] Component: Audio
[25.12.25 01:22:03] WARNING: High memory usage detected
[25.12.25 01:22:03] ERROR: Heap allocation failed in Audio
[25.12.25 01:22:03] TRACE: malloc returned NULL
[25.12.25 01:22:03] INFO: Available memory: 128 KB / 2048 KB
[25.12.25 01:22:03] ERROR: Memory leak suspected in navigation module
[25.12.25 01:22:03] TRACE: ALLOCATION - size: 3215 bytes
[25.12.25 01:22:03] INFO: Component initialized successfully
[25.12.25 01:22:03] INFO: System running normally
[25.12.25 01:22:03] DEBUG: Processing event queue",Memory Leak,HIGH,AIVI_SW5250,gen3,False,False,40474,Multimedia
LOG_00443,"[20.01.26 01:22:03] ERRMEM: VERSIONINFO: PIVI_SW4110
[20.01.26 01:22:03] Platform: gen4
[20.01.26 01:22:03] Component: Sensors
[20.01.26 01:22:03] ERROR: SPI in Sensors
[20.01.26 01:22:03] ERROR: HARDWARE in Sensors
[20.01.26 01:22:03] ERROR: FAULT in Sensors
[20.01.26 01:22:03] ERROR: SENSOR in Sensors
[20.01.26 01:22:03] ERROR: HARDWARE in Sensors
[20.01.26 01:22:03] ERROR: GPIO in Sensors
[20.01.26 01:22:03] DEBUG: Processing event queue
[20.01.26 01:22:03] INFO: System running normally",Hardware Fault,HIGH,PIVI_SW4110,gen4,False,False,29652,Hardware
LOG_00444,"[03.01.26 01:22:03] ERRMEM: VERSIONINFO: PIVI_SW4100
[03.01.26 01:22:03] Platform: gen3
[03.01.26 01:22:03] Component: SW_SWUPDATE
[03.01.26 01:22:03] INFO: Starting software update
[03.01.26 01:22:03] WARNING: Update verification failed
[03.01.26 01:22:03] ERROR: Flash write error at block 807
[03.01.26 01:22:03] TRACE: Rolling back to previous version
[03.01.26 01:22:03] CRITICAL: Software UPDATE
[03.01.26 01:22:03] DEBUG: Processing event queue",SW Update Failure,HIGH,PIVI_SW4100,gen3,True,True,6907,SW_SWUPDATE
LOG_00445,"[19.01.26 01:22:03] ERRMEM: VERSIONINFO: PIVI_SW4100
[19.01.26 01:22:03] Platform: gen3
[19.01.26 01:22:03] Component: Network
[19.01.26 01:22:03] ERROR: SOCKET in Network
[19.01.26 01:22:03] ERROR: CONNECTION in Network
[19.01.26 01:22:03] ERROR: TIMEOUT in Network
[19.01.26 01:22:03] ERROR: TIMEOUT in Network
[19.01.26 01:22:03] ERROR: NETWORK in Network
[19.01.26 01:22:03] ERROR: SOCKET in Network
[19.01.26 01:22:03] DEBUG: Processing event queue",Network Timeout,LOW,PIVI_SW4100,gen3,True,False,43411,Network
LOG_00446,"[28.12.25 01:22:03] ERRMEM: VERSIONINFO: PIVI_SW4110
[28.12.25 01:22:03] Platform: gen3
[28.12.25 01:22:03] Component: Unknown
[28.12.25 01:22:03] ERROR: ERROR in Unknown
[28.12.25 01:22:03] ERROR: ISSUE in Unknown
[28.12.25 01:22:03] ERROR: EXCEPTION in Unknown
[28.12.25 01:22:03] INFO: Component initialized successfully
[28.12.25 01:22:03] INFO: System running normally
[28.12.25 01:22:03] DEBUG: Processing event queue",Unknown Issue,MEDIUM,PIVI_SW4110,gen3,False,True,39165,Unknown
LOG_00447,"[25.12.25 01:22:03] ERRMEM: VERSIONINFO: AIVI_SW5250
[25.12.25 01:22:03] Platform: gen4
[25.12.25 01:22:03] Component: Audio
[25.12.25 01:22:03] WARNING: High memory usage detected
[25.12.25 01:22:03] ERROR: Heap allocation failed in Audio
[25.12.25 01:22:03] TRACE: malloc returned NULL
[25.12.25 01:22:03] INFO: Available memory: 128 KB / 2048 KB
[25.12.25 01:22:03] ERROR: Memory leak suspected in navigation module
[25.12.25 01:22:03] TRACE: FREE - size: 3151 bytes
[25.12.25 01:22:03] INFO: Component initialized successfully
[25.12.25 01:22:03] INFO: System running normally
[25.12.25 01:22:03] DEBUG: Processing event queue",Memory Leak,HIGH,AIVI_SW5250,gen4,False,False,44011,Multimedia
LOG_00448,"[11.01.26 01:22:03] ERRMEM: VERSIONINFO: AIVI_SW5250
[11.01.26 01:22:03] Platform: gen3
[11.01.26 01:22:03] Component: System
[11.01.26 01:22:03] ERROR: NORMAL in System
[11.01.26 01:22:03] ERROR: RUNNING in System
[11.01.26 01:22:03] ERROR: COMPLETED in System
[11.01.26 01:22:03] ERROR: OK in System
[11.01.26 01:22:03] INFO: System running normally
[11.01.26 01:22:03] DEBUG: Processing event queue
[11.01.26 01:22:03] INFO: Component initialized successfully",No Issue,LOW,AIVI_SW5250,gen3,True,True,13615,System
LOG_00449,"[12.01.26 01:22:03] ERRMEM: VERSIONINFO: AIVI_SW5250
[12.01.26 01:22:03] Platform: gen4
[12.01.26 01:22:03] Component: CAN
[12.01.26 01:22:03] WARNING: CAN bus error detected
[12.01.26 01:22:03] ERROR: Frame transmission failed on CAN2
[12.01.26 01:22:03] TRACE: Bus-off state entered
[12.01.26 01:22:03] INFO: Error counter: 100
[12.01.26 01:22:03] ERROR: CAN on CAN interface
[12.01.26 01:22:03] DEBUG: Processing event queue",CAN Bus Error,MEDIUM,AIVI_SW5250,gen4,True,True,21849,CAN
LOG_00450,"[31.12.25 01:22:03] ERRMEM: VERSIONINFO: PIVI_SW4110
[31.12.25 01:22:03] Platform: gen4
[31.12.25 01:22:03] Component: Unknown
[31.12.25 01:22:03] ERROR: ERROR in Unknown
[31.12.25 01:22:03] ERROR: ISSUE in Unknown
[31.12.25 01:22:03] ERROR: WARNING in Unknown
[31.12.25 01:22:03] ERROR: EXCEPTION in Unknown
[31.12.25 01:22:03] ERROR: FAILED in Unknown
[31.12.25 01:22:03] ERROR: WARNING in Unknown
[31.12.25 01:22:03] INFO: Component initialized successfully
[31.12.25 01:22:03] INFO: System running normally
[31.12.25 01:22:03] DEBUG: Processing event queue",Unknown Issue,MEDIUM,PIVI_SW4110,gen4,False,False,41459,Unknown
LOG_00451,"[31.12.25 01:22:03] ERRMEM: VERSIONINFO: AIVI_SW5250
[31.12.25 01:22:03] Platform: gen4
[31.12.25 01:22:03] Component: Communication
[31.12.25 01:22:03] ERROR: REFUSED in Communication
[31.12.25 01:22:03] ERROR: NETWORK in Communication
[31.12.25 01:22:03] ERROR: CONNECTION in Communication
[31.12.25 01:22:03] DEBUG: Processing event queue",Network Timeout,LOW,AIVI_SW5250,gen4,True,False,19666,Communication
LOG_00452,"[31.12.25 01:22:03] ERRMEM: VERSIONINFO: AIVI_SW5250
[31.12.25 01:22:03] Platform: gen3
[31.12.25 01:22:03] Component: Power
[31.12.25 01:22:03] WARNING: Task execution time exceeded threshold
[31.12.25 01:22:03] ERROR: WATCHDOG_RESET triggered
[31.12.25 01:22:03] TRACE: System reset due to watchdog timeout
[31.12.25 01:22:03] INFO: Last task: Power_handler
[31.12.25 01:22:03] CRITICAL: System RESET
[31.12.25 01:22:03] DEBUG: Processing event queue
[31.12.25 01:22:03] INFO: System running normally
[31.12.25 01:22:03] INFO: Component initialized successfully",Watchdog Timeout,CRITICAL,AIVI_SW5250,gen3,False,False,33540,Power
LOG_00453,"[01.01.26 01:22:03] ERRMEM: VERSIONINFO: AIVI_SW5244
[01.01.26 01:22:03] Platform: gen4
[01.01.26 01:22:03] Component: Unknown
[01.01.26 01:22:03] ERROR: EXCEPTION in Unknown
[01.01.26 01:22:03] ERROR: FAILED in Unknown
[01.01.26 01:22:03] ERROR: ISSUE in Unknown
[01.01.26 01:22:03] DEBUG: Processing event queue
[01.01.26 01:22:03] INFO: System running normally
[01.01.26 01:22:03] INFO: Component initialized successfully",Unknown Issue,MEDIUM,AIVI_SW5244,gen4,False,False,35288,Unknown
LOG_00454,"[14.01.26 01:22:03] ERRMEM: VERSIONINFO: PIVI_SW4100
[14.01.26 01:22:03] Platform: gen3
[14.01.26 01:22:03] Component: System
[14.01.26 01:22:03] WARNING: Task execution time exceeded threshold
[14.01.26 01:22:03] ERROR: WATCHDOG_RESET triggered
[14.01.26 01:22:03] TRACE: System reset due to watchdog timeout
[14.01.26 01:22:03] INFO: Last task: System_handler
[14.01.26 01:22:03] CRITICAL: System WATCHDOG
[14.01.26 01:22:03] DEBUG: Processing event queue
[14.01.26 01:22:03] INFO: System running normally",Watchdog Timeout,CRITICAL,PIVI_SW4100,gen3,True,False,29533,System
LOG_00455,"[21.01.26 01:22:03] ERRMEM: VERSIONINFO: PIVI_SW4110
[21.01.26 01:22:03] Platform: gen4
[21.01.26 01:22:03] Component: Power
[21.01.26 01:22:03] WARNING: Task execution time exceeded threshold
[21.01.26 01:22:03] ERROR: WATCHDOG_RESET triggered
[21.01.26 01:22:03] TRACE: System reset due to watchdog timeout
[21.01.26 01:22:03] INFO: Last task: Power_handler
[21.01.26 01:22:03] CRITICAL: System WATCHDOG
[21.01.26 01:22:03] DEBUG: Processing event queue
[21.01.26 01:22:03] INFO: Component initialized successfully
[21.01.26 01:22:03] INFO: System running normally",Watchdog Timeout,CRITICAL,PIVI_SW4110,gen4,True,True,34919,System
LOG_00456,"[25.12.25 01:22:03] ERRMEM: VERSIONINFO: PIVI_SW4110
[25.12.25 01:22:03] Platform: gen4
[25.12.25 01:22:03] Component: Kernel
[25.12.25 01:22:03] CRITICAL: Kernel panic detected
[25.12.25 01:22:03] ERROR: Unable to handle kernel NULL pointer dereference
[25.12.25 01:22:03] TRACE: Exception at address 0x0D42
[25.12.25 01:22:03] ERROR: CPU 1 ABORT
[25.12.25 01:22:03] CRITICAL: System halted
[25.12.25 01:22:03] DEBUG: Processing event queue
[25.12.25 01:22:03] INFO: Component initialized successfully
[25.12.25 01:22:03] INFO: System running normally",Kernel Panic,CRITICAL,PIVI_SW4110,gen4,True,False,49167,System
LOG_00457,"[08.01.26 01:22:03] ERRMEM: VERSIONINFO: AIVI_SW5244
[08.01.26 01:22:03] Platform: gen4
[08.01.26 01:22:03] Component: Kernel
[08.01.26 01:22:03] WARNING: Task execution time exceeded threshold
[08.01.26 01:22:03] ERROR: WATCHDOG_RESET triggered
[08.01.26 01:22:03] TRACE: System reset due to watchdog timeout
[08.01.26 01:22:03] INFO: Last task: Kernel_handler
[08.01.26 01:22:03] CRITICAL: System WDT
[08.01.26 01:22:03] INFO: System running normally
[08.01.26 01:22:03] DEBUG: Processing event queue",Watchdog Timeout,CRITICAL,AIVI_SW5244,gen4,False,False,27838,Kernel
LOG_00458,"[21.01.26 01:22:03] ERRMEM: VERSIONINFO: PIVI_SW4110
[21.01.26 01:22:03] Platform: gen4
[21.01.26 01:22:03] Component: Multimedia
[21.01.26 01:22:03] WARNING: High memory usage detected
[21.01.26 01:22:03] ERROR: Heap allocation failed in Multimedia
[21.01.26 01:22:03] TRACE: malloc returned NULL
[21.01.26 01:22:03] INFO: Available memory: 128 KB / 2048 KB
[21.01.26 01:22:03] ERROR: Memory leak suspected in navigation module
[21.01.26 01:22:03] TRACE: OOM - size: 1600 bytes
[21.01.26 01:22:03] INFO: Component initialized successfully
[21.01.26 01:22:03] DEBUG: Processing event queue
[21.01.26 01:22:03] INFO: System running normally",Memory Leak,HIGH,PIVI_SW4110,gen4,False,True,18978,Multimedia
LOG_00459,"[03.01.26 01:22:03] ERRMEM: VERSIONINFO: PIVI_SW4100
[03.01.26 01:22:03] Platform: gen3
[03.01.26 01:22:03] Component: Unknown
[03.01.26 01:22:03] ERROR: WARNING in Unknown
[03.01.26 01:22:03] ERROR: WARNING in Unknown
[03.01.26 01:22:03] ERROR: FAILED in Unknown
[03.01.26 01:22:03] ERROR: ERROR in Unknown
[03.01.26 01:22:03] INFO: Component initialized successfully
[03.01.26 01:22:03] INFO: System running normally
[03.01.26 01:22:03] DEBUG: Processing event queue",Unknown Issue,MEDIUM,PIVI_SW4100,gen3,False,True,16555,Unknown
LOG_00460,"[06.01.26 01:22:03] ERRMEM: VERSIONINFO: PIVI_SW4100
[06.01.26 01:22:03] Platform: gen4
[06.01.26 01:22:03] Component: Storage
[06.01.26 01:22:03] ERROR: INODE in Storage
[06.01.26 01:22:03] ERROR: INODE in Storage
[06.01.26 01:22:03] ERROR: INODE in Storage
[06.01.26 01:22:03] ERROR: INODE in Storage
[06.01.26 01:22:03] ERROR: READ in Storage
[06.01.26 01:22:03] ERROR: CORRUPT in Storage
[06.01.26 01:22:03] DEBUG: Processing event queue
[06.01.26 01:22:03] INFO: System running normally
[06.01.26 01:22:03] INFO: Component initialized successfully",File System Error,MEDIUM,PIVI_SW4100,gen4,True,True,4812,Storage
LOG_00461,"[31.12.25 01:22:03] ERRMEM: VERSIONINFO: AIVI_SW5250
[31.12.25 01:22:03] Platform: gen4
[31.12.25 01:22:03] Component: Sensors
[31.12.25 01:22:03] ERROR: I2C in Sensors
[31.12.25 01:22:03] ERROR: HARDWARE in Sensors
[31.12.25 01:22:03] ERROR: GPIO in Sensors
[31.12.25 01:22:03] ERROR: HARDWARE in Sensors
[31.12.25 01:22:03] ERROR: FAULT in Sensors
[31.12.25 01:22:03] ERROR: FAULT in Sensors
[31.12.25 01:22:03] INFO: System running normally",Hardware Fault,HIGH,AIVI_SW5250,gen4,False,False,48478,Hardware
LOG_00462,"[23.12.25 01:22:03] ERRMEM: VERSIONINFO: PIVI_SW4100
[23.12.25 01:22:03] Platform: gen4
[23.12.25 01:22:03] Component: Unknown
[23.12.25 01:22:03] ERROR: WARNING in Unknown
[23.12.25 01:22:03] ERROR: EXCEPTION in Unknown
[23.12.25 01:22:03] ERROR: WARNING in Unknown
[23.12.25 01:22:03] ERROR: ERROR in Unknown
[23.12.25 01:22:03] ERROR: WARNING in Unknown
[23.12.25 01:22:03] ERROR: ERROR in Unknown
[23.12.25 01:22:03] INFO: System running normally",Unknown Issue,MEDIUM,PIVI_SW4100,gen4,True,True,2715,Unknown
LOG_00463,"[23.12.25 01:22:03] ERRMEM: VERSIONINFO: PIVI_SW4100
[23.12.25 01:22:03] Platform: gen4
[23.12.25 01:22:03] Component: Kernel
[23.12.25 01:22:03] CRITICAL: Kernel panic detected
[23.12.25 01:22:03] ERROR: Unable to handle kernel NULL pointer dereference
[23.12.25 01:22:03] TRACE: Exception at address 0x1491
[23.12.25 01:22:03] ERROR: CPU 1 CRASH
[23.12.25 01:22:03] CRITICAL: System halted
[23.12.25 01:22:03] INFO: Component initialized successfully
[23.12.25 01:22:03] DEBUG: Processing event queue
[23.12.25 01:22:03] INFO: System running normally",Kernel Panic,CRITICAL,PIVI_SW4100,gen4,False,True,20801,System
LOG_00464,"[21.01.26 01:22:03] ERRMEM: VERSIONINFO: AIVI_SW5250
[21.01.26 01:22:03] Platform: gen3
[21.01.26 01:22:03] Component: Navigation
[21.01.26 01:22:03] WARNING: High memory usage detected
[21.01.26 01:22:03] ERROR: Heap allocation failed in Navigation
[21.01.26 01:22:03] TRACE: malloc returned NULL
[21.01.26 01:22:03] INFO: Available memory: 128 KB / 2048 KB
[21.01.26 01:22:03] ERROR: Memory leak suspected in navigation module
[21.01.26 01:22:03] TRACE: HEAP - size: 3788 bytes
[21.01.26 01:22:03] INFO: System running normally
[21.01.26 01:22:03] DEBUG: Processing event queue
[21.01.26 01:22:03] INFO: Component initialized successfully",Memory Leak,HIGH,AIVI_SW5250,gen3,False,True,7185,Multimedia
LOG_00465,"[24.12.25 01:22:03] ERRMEM: VERSIONINFO: PIVI_SW4110
[24.12.25 01:22:03] Platform: gen4
[24.12.25 01:22:03] Component: Multimedia
[24.12.25 01:22:03] WARNING: High memory usage detected
[24.12.25 01:22:03] ERROR: Heap allocation failed in Multimedia
[24.12.25 01:22:03] TRACE: malloc returned NULL
[24.12.25 01:22:03] INFO: Available memory: 128 KB / 2048 KB
[24.12.25 01:22:03] ERROR: Memory leak suspected in navigation module
[24.12.25 01:22:03] TRACE: LEAK - size: 2460 bytes
[24.12.25 01:22:03] DEBUG: Processing event queue",Memory Leak,HIGH,PIVI_SW4110,gen4,False,False,1605,Multimedia
LOG_00466,"[16.01.26 01:22:03] ERRMEM: VERSIONINFO: PIVI_SW4100
[16.01.26 01:22:03] Platform: gen4
[16.01.26 01:22:03] Component: SW_SWUPDATE
[16.01.26 01:22:03] INFO: Starting software update
[16.01.26 01:22:03] WARNING: Update verification failed
[16.01.26 01:22:03] ERROR: Flash write error at block 708
[16.01.26 01:22:03] TRACE: Rolling back to previous version
[16.01.26 01:22:03] CRITICAL: Software VERSION
[16.01.26 01:22:03] INFO: System running normally",SW Update Failure,HIGH,PIVI_SW4100,gen4,False,False,9553,SW_SWUPDATE
LOG_00467,"[28.12.25 01:22:03] ERRMEM: VERSIONINFO: PIVI_SW4100
[28.12.25 01:22:03] Platform: gen3
[28.12.25 01:22:03] Component: Audio
[28.12.25 01:22:03] WARNING: High memory usage detected
[28.12.25 01:22:03] ERROR: Heap allocation failed in Audio
[28.12.25 01:22:03] TRACE: malloc returned NULL
[28.12.25 01:22:03] INFO: Available memory: 128 KB / 2048 KB
[28.12.25 01:22:03] ERROR: Memory leak suspected in navigation module
[28.12.25 01:22:03] TRACE: LEAK - size: 3057 bytes
[28.12.25 01:22:03] INFO: System running normally
[28.12.25 01:22:03] INFO: Component initialized successfully",Memory Leak,HIGH,PIVI_SW4100,gen3,False,False,47455,Audio
LOG_00468,"[10.01.26 01:22:03] ERRMEM: VERSIONINFO: AIVI_SW5250
[10.01.26 01:22:03] Platform: gen3
[10.01.26 01:22:03] Component: System
[10.01.26 01:22:03] CRITICAL: Kernel panic detected
[10.01.26 01:22:03] ERROR: Unable to handle kernel NULL pointer dereference
[10.01.26 01:22:03] TRACE: Exception at address 0x0682
[10.01.26 01:22:03] ERROR: CPU 3 PANIC
[10.01.26 01:22:03] CRITICAL: System halted
[10.01.26 01:22:03] INFO: Component initialized successfully
[10.01.26 01:22:03] DEBUG: Processing event queue",Kernel Panic,CRITICAL,AIVI_SW5250,gen3,True,True,8950,Kernel
LOG_00469,"[30.12.25 01:22:03] ERRMEM: VERSIONINFO: AIVI_SW5244
[30.12.25 01:22:03] Platform: gen3
[30.12.25 01:22:03] Component: Unknown
[30.12.25 01:22:03] ERROR: WARNING in Unknown
[30.12.25 01:22:03] ERROR: EXCEPTION in Unknown
[30.12.25 01:22:03] ERROR: ERROR in Unknown
[30.12.25 01:22:03] INFO: System running normally
[30.12.25 01:22:03] DEBUG: Processing event queue",Unknown Issue,MEDIUM,AIVI_SW5244,gen3,True,True,41659,Unknown
LOG_00470,"[05.01.26 01:22:03] ERRMEM: VERSIONINFO: PIVI_SW4110
[05.01.26 01:22:03] Platform: gen4
[05.01.26 01:22:03] Component: Navigation
[05.01.26 01:22:03] WARNING: High memory usage detected
[05.01.26 01:22:03] ERROR: Heap allocation failed in Navigation
[05.01.26 01:22:03] TRACE: malloc returned NULL
[05.01.26 01:22:03] INFO: Available memory: 128 KB / 2048 KB
[05.01.26 01:22:03] ERROR: Memory leak suspected in navigation module
[05.01.26 01:22:03] TRACE: ALLOCATION - size: 2318 bytes
[05.01.26 01:22:03] INFO: Component initialized successfully
[05.01.26 01:22:03] INFO: System running normally",Memory Leak,HIGH,PIVI_SW4110,gen4,True,True,15637,Audio
LOG_00471,"[12.01.26 01:22:03] ERRMEM: VERSIONINFO: PIVI_SW4100
[12.01.26 01:22:03] Platform: gen4
[12.01.26 01:22:03] Component: Navigation
[12.01.26 01:22:03] WARNING: High memory usage detected
[12.01.26 01:22:03] ERROR: Heap allocation failed in Navigation
[12.01.26 01:22:03] TRACE: malloc returned NULL
[12.01.26 01:22:03] INFO: Available memory: 128 KB / 2048 KB
[12.01.26 01:22:03] ERROR: Memory leak suspected in navigation module
[12.01.26 01:22:03] TRACE: LEAK - size: 927 bytes
[12.01.26 01:22:03] INFO: Component initialized successfully
[12.01.26 01:22:03] INFO: System running normally",Memory Leak,HIGH,PIVI_SW4100,gen4,False,True,18418,Multimedia
LOG_00472,"[18.01.26 01:22:03] ERRMEM: VERSIONINFO: PIVI_SW4110
[18.01.26 01:22:03] Platform: gen3
[18.01.26 01:22:03] Component: Kernel
[18.01.26 01:22:03] CRITICAL: Kernel panic detected
[18.01.26 01:22:03] ERROR: Unable to handle kernel NULL pointer dereference
[18.01.26 01:22:03] TRACE: Exception at address 0x18DF
[18.01.26 01:22:03] ERROR: CPU 3 KERNEL
[18.01.26 01:22:03] CRITICAL: System halted
[18.01.26 01:22:03] INFO: Component initialized successfully
[18.01.26 01:22:03] DEBUG: Processing event queue
[18.01.26 01:22:03] INFO: System running normally",Kernel Panic,CRITICAL,PIVI_SW4110,gen3,True,True,2261,Kernel
LOG_00473,"[31.12.25 01:22:03] ERRMEM: VERSIONINFO: PIVI_SW4110
[31.12.25 01:22:03] Platform: gen3
[31.12.25 01:22:03] Component: System
[31.12.25 01:22:03] ERROR: NORMAL in System
[31.12.25 01:22:03] ERROR: RUNNING in System
[31.12.25 01:22:03] ERROR: OK in System
[31.12.25 01:22:03] ERROR: RUNNING in System
[31.12.25 01:22:03] INFO: System running normally
[31.12.25 01:22:03] INFO: Component initialized successfully",No Issue,LOW,PIVI_SW4110,gen3,True,True,28787,System
LOG_00474,"[31.12.25 01:22:03] ERRMEM: VERSIONINFO: PIVI_SW4100
[31.12.25 01:22:03] Platform: gen3
[31.12.25 01:22:03] Component: Multimedia
[31.12.25 01:22:03] WARNING: High memory usage detected
[31.12.25 01:22:03] ERROR: Heap allocation failed in Multimedia
[31.12.25 01:22:03] TRACE: malloc returned NULL
[31.12.25 01:22:03] INFO: Available memory: 128 KB / 2048 KB
[31.12.25 01:22:03] ERROR: Memory leak suspected in navigation module
[31.12.25 01:22:03] TRACE: ALLOCATION - size: 4850 bytes
[31.12.25 01:22:03] DEBUG: Processing event queue
[31.12.25 01:22:03] INFO: Component initialized successfully",Memory Leak,HIGH,PIVI_SW4100,gen3,True,True,8507,Audio
LOG_00475,"[04.01.26 01:22:03] ERRMEM: VERSIONINFO: PIVI_SW4100
[04.01.26 01:22:03] Platform: gen4
[04.01.26 01:22:03] Component: Navigation
[04.01.26 01:22:03] WARNING: High memory usage detected
[04.01.26 01:22:03] ERROR: Heap allocation failed in Navigation
[04.01.26 01:22:03] TRACE: malloc returned NULL
[04.01.26 01:22:03] INFO: Available memory: 128 KB / 2048 KB
[04.01.26 01:22:03] ERROR: Memory leak suspected in navigation module
[04.01.26 01:22:03] TRACE: OOM - size: 2159 bytes
[04.01.26 01:22:03] INFO: System running normally",Memory Leak,HIGH,PIVI_SW4100,gen4,True,True,45988,Audio
LOG_00476,"[22.01.26 01:22:03] ERRMEM: VERSIONINFO: AIVI_SW5244
[22.01.26 01:22:03] Platform: gen4
[22.01.26 01:22:03] Component: Multimedia
[22.01.26 01:22:03] WARNING: High memory usage detected
[22.01.26 01:22:03] ERROR: Heap allocation failed in Multimedia
[22.01.26 01:22:03] TRACE: malloc returned NULL
[22.01.26 01:22:03] INFO: Available memory: 128 KB / 2048 KB
[22.01.26 01:22:03] ERROR: Memory leak suspected in navigation module
[22.01.26 01:22:03] TRACE: LEAK - size: 197 bytes
[22.01.26 01:22:03] DEBUG: Processing event queue",Memory Leak,HIGH,AIVI_SW5244,gen4,True,True,38279,Audio
LOG_00477,"[01.01.26 01:22:03] ERRMEM: VERSIONINFO: AIVI_SW5244
[01.01.26 01:22:03] Platform: gen4
[01.01.26 01:22:03] Component: System
[01.01.26 01:22:03] WARNING: Task execution time exceeded threshold
[01.01.26 01:22:03] ERROR: WATCHDOG_RESET triggered
[01.01.26 01:22:03] TRACE: System reset due to watchdog timeout
[01.01.26 01:22:03] INFO: Last task: System_handler
[01.01.26 01:22:03] CRITICAL: System WDT
[01.01.26 01:22:03] INFO: Component initialized successfully
[01.01.26 01:22:03] INFO: System running normally
[01.01.26 01:22:03] DEBUG: Processing event queue",Watchdog Timeout,CRITICAL,AIVI_SW5244,gen4,False,False,27449,System
LOG_00478,"[12.01.26 01:22:03] ERRMEM: VERSIONINFO: AIVI_SW5244
[12.01.26 01:22:03] Platform: gen4
[12.01.26 01:22:03] Component: Navigation
[12.01.26 01:22:03] WARNING: High memory usage detected
[12.01.26 01:22:03] ERROR: Heap allocation failed in Navigation
[12.01.26 01:22:03] TRACE: malloc returned NULL
[12.01.26 01:22:03] INFO: Available memory: 128 KB / 2048 KB
[12.01.26 01:22:03] ERROR: Memory leak suspected in navigation module
[12.01.26 01:22:03] TRACE: LEAK - size: 3379 bytes
[12.01.26 01:22:03] INFO: Component initialized successfully
[12.01.26 01:22:03] DEBUG: Processing event queue
[12.01.26 01:22:03] INFO: System running normally",Memory Leak,HIGH,AIVI_SW5244,gen4,False,True,42937,Navigation
LOG_00479,"[16.01.26 01:22:03] ERRMEM: VERSIONINFO: AIVI_SW5250
[16.01.26 01:22:03] Platform: gen4
[16.01.26 01:22:03] Component: Multimedia
[16.01.26 01:22:03] WARNING: High memory usage detected
[16.01.26 01:22:03] ERROR: Heap allocation failed in Multimedia
[16.01.26 01:22:03] TRACE: malloc returned NULL
[16.01.26 01:22:03] INFO: Available memory: 128 KB / 2048 KB
[16.01.26 01:22:03] ERROR: Memory leak suspected in navigation module
[16.01.26 01:22:03] TRACE: MEMORY - size: 3147 bytes
[16.01.26 01:22:03] INFO: System running normally",Memory Leak,HIGH,AIVI_SW5250,gen4,True,True,43379,Audio
LOG_00480,"[30.12.25 01:22:03] ERRMEM: VERSIONINFO: PIVI_SW4110
[30.12.25 01:22:03] Platform: gen4
[30.12.25 01:22:03] Component: System
[30.12.25 01:22:03] ERROR: NORMAL in System
[30.12.25 01:22:03] ERROR: NORMAL in System
[30.12.25 01:22:03] ERROR: NORMAL in System
[30.12.25 01:22:03] ERROR: NORMAL in System
[30.12.25 01:22:03] ERROR: SUCCESS in System
[30.12.25 01:22:03] INFO: System running normally
[30.12.25 01:22:03] DEBUG: Processing event queue
[30.12.25 01:22:03] INFO: Component initialized successfully",No Issue,LOW,PIVI_SW4110,gen4,False,False,47477,System
LOG_00481,"[31.12.25 01:22:03] ERRMEM: VERSIONINFO: PIVI_SW4110
[31.12.25 01:22:03] Platform: gen3
[31.12.25 01:22:03] Component: Sensors
[31.12.25 01:22:03] ERROR: FAULT in Sensors
[31.12.25 01:22:03] ERROR: SPI in Sensors
[31.12.25 01:22:03] ERROR: SENSOR in Sensors
[31.12.25 01:22:03] ERROR: SENSOR in Sensors
[31.12.25 01:22:03] ERROR: GPIO in Sensors
[31.12.25 01:22:03] INFO: Component initialized successfully
[31.12.25 01:22:03] DEBUG: Processing event queue",Hardware Fault,HIGH,PIVI_SW4110,gen3,True,True,22457,Hardware
LOG_00482,"[25.12.25 01:22:03] ERRMEM: VERSIONINFO: AIVI_SW5244
[25.12.25 01:22:03] Platform: gen3
[25.12.25 01:22:03] Component: Power
[25.12.25 01:22:03] WARNING: Task execution time exceeded threshold
[25.12.25 01:22:03] ERROR: WATCHDOG_RESET triggered
[25.12.25 01:22:03] TRACE: System reset due to watchdog timeout
[25.12.25 01:22:03] INFO: Last task: Power_handler
[25.12.25 01:22:03] CRITICAL: System TIMEOUT
[25.12.25 01:22:03] INFO: System running normally
[25.12.25 01:22:03] DEBUG: Processing event queue",Watchdog Timeout,CRITICAL,AIVI_SW5244,gen3,True,True,24787,System
LOG_00483,"[10.01.26 01:22:03] ERRMEM: VERSIONINFO: AIVI_SW5250
[10.01.26 01:22:03] Platform: gen4
[10.01.26 01:22:03] Component: CAN
[10.01.26 01:22:03] WARNING: CAN bus error detected
[10.01.26 01:22:03] ERROR: Frame transmission failed on CAN2
[10.01.26 01:22:03] TRACE: Bus-off state entered
[10.01.26 01:22:03] INFO: Error counter: 76
[10.01.26 01:22:03] ERROR: FRAME on CAN interface
[10.01.26 01:22:03] INFO: Component initialized successfully
[10.01.26 01:22:03] DEBUG: Processing event queue",CAN Bus Error,MEDIUM,AIVI_SW5250,gen4,False,False,44265,Network
LOG_00484,"[13.01.26 01:22:03] ERRMEM: VERSIONINFO: PIVI_SW4110
[13.01.26 01:22:03] Platform: gen4
[13.01.26 01:22:03] Component: Navigation
[13.01.26 01:22:03] WARNING: High memory usage detected
[13.01.26 01:22:03] ERROR: Heap allocation failed in Navigation
[13.01.26 01:22:03] TRACE: malloc returned NULL
[13.01.26 01:22:03] INFO: Available memory: 128 KB / 2048 KB
[13.01.26 01:22:03] ERROR: Memory leak suspected in navigation module
[13.01.26 01:22:03] TRACE: HEAP - size: 2381 bytes
[13.01.26 01:22:03] DEBUG: Processing event queue
[13.01.26 01:22:03] INFO: System running normally",Memory Leak,HIGH,PIVI_SW4110,gen4,True,True,26049,Audio
LOG_00485,"[02.01.26 01:22:03] ERRMEM: VERSIONINFO: AIVI_SW5250
[02.01.26 01:22:03] Platform: gen4
[02.01.26 01:22:03] Component: Storage
[02.01.26 01:22:03] ERROR: CORRUPT in Storage
[02.01.26 01:22:03] ERROR: CORRUPT in Storage
[02.01.26 01:22:03] ERROR: INODE in Storage
[02.01.26 01:22:03] ERROR: CORRUPT in Storage
[02.01.26 01:22:03] ERROR: FILESYSTEM in Storage
[02.01.26 01:22:03] DEBUG: Processing event queue
[02.01.26 01:22:03] INFO: System running normally",File System Error,MEDIUM,AIVI_SW5250,gen4,True,False,31861,Storage
LOG_00486,"[16.01.26 01:22:03] ERRMEM: VERSIONINFO: AIVI_SW5250
[16.01.26 01:22:03] Platform: gen4
[16.01.26 01:22:03] Component: Network
[16.01.26 01:22:03] WARNING: CAN bus error detected
[16.01.26 01:22:03] ERROR: Frame transmission failed on CAN2
[16.01.26 01:22:03] TRACE: Bus-off state entered
[16.01.26 01:22:03] INFO: Error counter: 146
[16.01.26 01:22:03] ERROR: COMMUNICATION on CAN interface
[16.01.26 01:22:03] DEBUG: Processing event queue
[16.01.26 01:22:03] INFO: System running normally",CAN Bus Error,MEDIUM,AIVI_SW5250,gen4,True,True,19991,Network
LOG_00487,"[14.01.26 01:22:03] ERRMEM: VERSIONINFO: PIVI_SW4100
[14.01.26 01:22:03] Platform: gen3
[14.01.26 01:22:03] Component: Storage
[14.01.26 01:22:03] ERROR: INODE in Storage
[14.01.26 01:22:03] ERROR: MOUNT in Storage
[14.01.26 01:22:03] ERROR: FILESYSTEM in Storage
[14.01.26 01:22:03] DEBUG: Processing event queue
[14.01.26 01:22:03] INFO: System running normally
[14.01.26 01:22:03] INFO: Component initialized successfully",File System Error,MEDIUM,PIVI_SW4100,gen3,True,True,28605,Storage
LOG_00488,"[29.12.25 01:22:03] ERRMEM: VERSIONINFO: PIVI_SW4100
[29.12.25 01:22:03] Platform: gen4
[29.12.25 01:22:03] Component: SW_SWUPDATE
[29.12.25 01:22:03] INFO: Starting software update
[29.12.25 01:22:03] WARNING: Update verification failed
[29.12.25 01:22:03] ERROR: Flash write error at block 875
[29.12.25 01:22:03] TRACE: Rolling back to previous version
[29.12.25 01:22:03] CRITICAL: Software FAILED
[29.12.25 01:22:03] DEBUG: Processing event queue",SW Update Failure,HIGH,PIVI_SW4100,gen4,True,True,30121,SW_SWUPDATE
LOG_00489,"[05.01.26 01:22:03] ERRMEM: VERSIONINFO: AIVI_SW5250
[05.01.26 01:22:03] Platform: gen4
[05.01.26 01:22:03] Component: Power
[05.01.26 01:22:03] WARNING: Task execution time exceeded threshold
[05.01.26 01:22:03] ERROR: WATCHDOG_RESET triggered
[05.01.26 01:22:03] TRACE: System reset due to watchdog timeout
[05.01.26 01:22:03] INFO: Last task: Power_handler
[05.01.26 01:22:03] CRITICAL: System HANG
[05.01.26 01:22:03] INFO: Component initialized successfully
[05.01.26 01:22:03] DEBUG: Processing event queue",Watchdog Timeout,CRITICAL,AIVI_SW5250,gen4,True,True,49513,Power
LOG_00490,"[09.01.26 01:22:03] ERRMEM: VERSIONINFO: AIVI_SW5250
[09.01.26 01:22:03] Platform: gen3
[09.01.26 01:22:03] Component: Audio
[09.01.26 01:22:03] WARNING: High memory usage detected
[09.01.26 01:22:03] ERROR: Heap allocation failed in Audio
[09.01.26 01:22:03] TRACE: malloc returned NULL
[09.01.26 01:22:03] INFO: Available memory: 128 KB / 2048 KB
[09.01.26 01:22:03] ERROR: Memory leak suspected in navigation module
[09.01.26 01:22:03] TRACE: LEAK - size: 3647 bytes
[09.01.26 01:22:03] INFO: Component initialized successfully
[09.01.26 01:22:03] DEBUG: Processing event queue
[09.01.26 01:22:03] INFO: System running normally",Memory Leak,HIGH,AIVI_SW5250,gen3,False,False,31337,Navigation
LOG_00491,"[06.01.26 01:22:03] ERRMEM: VERSIONINFO: AIVI_SW5244
[06.01.26 01:22:03] Platform: gen3
[06.01.26 01:22:03] Component: System
[06.01.26 01:22:03] ERROR: NORMAL in System
[06.01.26 01:22:03] ERROR: SUCCESS in System
[06.01.26 01:22:03] ERROR: RUNNING in System
[06.01.26 01:22:03] ERROR: OK in System
[06.01.26 01:22:03] ERROR: RUNNING in System
[06.01.26 01:22:03] INFO: Component initialized successfully
[06.01.26 01:22:03] DEBUG: Processing event queue
[06.01.26 01:22:03] INFO: System running normally",No Issue,LOW,AIVI_SW5244,gen3,False,True,10621,System
LOG_00492,"[19.01.26 01:22:03] ERRMEM: VERSIONINFO: AIVI_SW5244
[19.01.26 01:22:03] Platform: gen4
[19.01.26 01:22:03] Component: System
[19.01.26 01:22:03] ERROR: COMPLETED in System
[19.01.26 01:22:03] ERROR: OK in System
[19.01.26 01:22:03] ERROR: COMPLETED in System
[19.01.26 01:22:03] ERROR: COMPLETED in System
[19.01.26 01:22:03] INFO: System running normally
[19.01.26 01:22:03] INFO: Component initialized successfully
[19.01.26 01:22:03] DEBUG: Processing event queue",No Issue,LOW,AIVI_SW5244,gen4,True,True,18557,System
LOG_00493,"[30.12.25 01:22:03] ERRMEM: VERSIONINFO: AIVI_SW5250
[30.12.25 01:22:03] Platform: gen4
[30.12.25 01:22:03] Component: Storage
[30.12.25 01:22:03] ERROR: DISK in Storage
[30.12.25 01:22:03] ERROR: INODE in Storage
[30.12.25 01:22:03] ERROR: READ in Storage
[30.12.25 01:22:03] ERROR: CORRUPT in Storage
[30.12.25 01:22:03] ERROR: FILESYSTEM in Storage
[30.12.25 01:22:03] ERROR: MOUNT in Storage
[30.12.25 01:22:03] INFO: System running normally
[30.12.25 01:22:03] DEBUG: Processing event queue",File System Error,MEDIUM,AIVI_SW5250,gen4,True,True,37186,Storage
LOG_00494,"[19.01.26 01:22:03] ERRMEM: VERSIONINFO: PIVI_SW4110
[19.01.26 01:22:03] Platform: gen4
[19.01.26 01:22:03] Component: System
[19.01.26 01:22:03] ERROR: OK in System
[19.01.26 01:22:03] ERROR: RUNNING in System
[19.01.26 01:22:03] ERROR: SUCCESS in System
[19.01.26 01:22:03] ERROR: SUCCESS in System
[19.01.26 01:22:03] ERROR: COMPLETED in System
[19.01.26 01:22:03] ERROR: NORMAL in System
[19.01.26 01:22:03] INFO: System running normally",No Issue,LOW,PIVI_SW4110,gen4,False,False,39799,System
LOG_00495,"[28.12.25 01:22:03] ERRMEM: VERSIONINFO: AIVI_SW5244
[28.12.25 01:22:03] Platform: gen3
[28.12.25 01:22:03] Component: FileSystem
[28.12.25 01:22:03] ERROR: FILESYSTEM in FileSystem
[28.12.25 01:22:03] ERROR: READ in FileSystem
[28.12.25 01:22:03] ERROR: INODE in FileSystem
[28.12.25 01:22:03] ERROR: READ in FileSystem
[28.12.25 01:22:03] ERROR: MOUNT in FileSystem
[28.12.25 01:22:03] ERROR: INODE in FileSystem
[28.12.25 01:22:03] INFO: Component initialized successfully",File System Error,MEDIUM,AIVI_SW5244,gen3,False,False,7577,Storage
LOG_00496,"[17.01.26 01:22:03] ERRMEM: VERSIONINFO: PIVI_SW4110
[17.01.26 01:22:03] Platform: gen4
[17.01.26 01:22:03] Component: Network
[17.01.26 01:22:03] WARNING: CAN bus error detected
[17.01.26 01:22:03] ERROR: Frame transmission failed on CAN2
[17.01.26 01:22:03] TRACE: Bus-off state entered
[17.01.26 01:22:03] INFO: Error counter: 228
[17.01.26 01:22:03] ERROR: BUS on CAN interface
[17.01.26 01:22:03] INFO: Component initialized successfully",CAN Bus Error,MEDIUM,PIVI_SW4110,gen4,False,True,49613,Communication
LOG_00497,"[01.01.26 01:22:03] ERRMEM: VERSIONINFO: AIVI_SW5250
[01.01.26 01:22:03] Platform: gen4
[01.01.26 01:22:03] Component: System
[01.01.26 01:22:03] WARNING: Task execution time exceeded threshold
[01.01.26 01:22:03] ERROR: WATCHDOG_RESET triggered
[01.01.26 01:22:03] TRACE: System reset due to watchdog timeout
[01.01.26 01:22:03] INFO: Last task: System_handler
[01.01.26 01:22:03] CRITICAL: System RESET
[01.01.26 01:22:03] INFO: System running normally
[01.01.26 01:22:03] INFO: Component initialized successfully
[01.01.26 01:22:03] DEBUG: Processing event queue",Watchdog Timeout,CRITICAL,AIVI_SW5250,gen4,True,True,47775,System
LOG_00498,"[05.01.26 01:22:03] ERRMEM: VERSIONINFO: PIVI_SW4100
[05.01.26 01:22:03] Platform: gen4
[05.01.26 01:22:03] Component: Network
[05.01.26 01:22:03] WARNING: CAN bus error detected
[05.01.26 01:22:03] ERROR: Frame transmission failed on CAN2
[05.01.26 01:22:03] TRACE: Bus-off state entered
[05.01.26 01:22:03] INFO: Error counter: 91
[05.01.26 01:22:03] ERROR: ARBITRATION on CAN interface
[05.01.26 01:22:03] INFO: Component initialized successfully",CAN Bus Error,MEDIUM,PIVI_SW4100,gen4,False,True,34706,Communication
LOG_00499,"[12.01.26 01:22:03] ERRMEM: VERSIONINFO: PIVI_SW4110
[12.01.26 01:22:03] Platform: gen3
[12.01.26 01:22:03] Component: FileSystem
[12.01.26 01:22:03] ERROR: FILESYSTEM in FileSystem
[12.01.26 01:22:03] ERROR: DISK in FileSystem
[12.01.26 01:22:03] ERROR: INODE in FileSystem
[12.01.26 01:22:03] ERROR: CORRUPT in FileSystem
[12.01.26 01:22:03] ERROR: CORRUPT in FileSystem
[12.01.26 01:22:03] ERROR: FILESYSTEM in FileSystem
[12.01.26 01:22:03] DEBUG: Processing event queue",File System Error,MEDIUM,PIVI_SW4110,gen3,False,False,13127,FileSystem
LOG_00500,"[30.12.25 01:22:03] ERRMEM: VERSIONINFO: PIVI_SW4110
[30.12.25 01:22:03] Platform: gen3
[30.12.25 01:22:03] Component: Communication
[30.12.25 01:22:03] WARNING: CAN bus error detected
[30.12.25 01:22:03] ERROR: Frame transmission failed on CAN2
[30.12.25 01:22:03] TRACE: Bus-off state entered
[30.12.25 01:22:03] INFO: Error counter: 214
[30.12.25 01:22:03] ERROR: CAN on CAN interface
[30.12.25 01:22:03] INFO: System running normally
[30.12.25 01:22:03] DEBUG: Processing event queue",CAN Bus Error,MEDIUM,PIVI_SW4110,gen3,True,True,8232,Network
LOG_00501,"[04.01.26 01:22:03] ERRMEM: VERSIONINFO: AIVI_SW5244
[04.01.26 01:22:03] Platform: gen3
[04.01.26 01:22:03] Component: Navigation
[04.01.26 01:22:03] WARNING: High memory usage detected
[04.01.26 01:22:03] ERROR: Heap allocation failed in Navigation
[04.01.26 01:22:03] TRACE: malloc returned NULL
[04.01.26 01:22:03] INFO: Available memory: 128 KB / 2048 KB
[04.01.26 01:22:03] ERROR: Memory leak suspected in navigation module
[04.01.26 01:22:03] TRACE: MEMORY - size: 1007 bytes
[04.01.26 01:22:03] DEBUG: Processing event queue
[04.01.26 01:22:03] INFO: System running normally",Memory Leak,HIGH,AIVI_SW5244,gen3,False,False,26103,Navigation
LOG_00502,"[29.12.25 01:22:03] ERRMEM: VERSIONINFO: AIVI_SW5244
[29.12.25 01:22:03] Platform: gen4
[29.12.25 01:22:03] Component: System
[29.12.25 01:22:03] WARNING: Task execution time exceeded threshold
[29.12.25 01:22:03] ERROR: WATCHDOG_RESET triggered
[29.12.25 01:22:03] TRACE: System reset due to watchdog timeout
[29.12.25 01:22:03] INFO: Last task: System_handler
[29.12.25 01:22:03] CRITICAL: System RESET
[29.12.25 01:22:03] INFO: Component initialized successfully",Watchdog Timeout,CRITICAL,AIVI_SW5244,gen4,False,True,39037,Power
LOG_00503,"[08.01.26 01:22:03] ERRMEM: VERSIONINFO: PIVI_SW4110
[08.01.26 01:22:03] Platform: gen4
[08.01.26 01:22:03] Component: System
[08.01.26 01:22:03] CRITICAL: Kernel panic detected
[08.01.26 01:22:03] ERROR: Unable to handle kernel NULL pointer dereference
[08.01.26 01:22:03] TRACE: Exception at address 0x0966
[08.01.26 01:22:03] ERROR: CPU 3 ABORT
[08.01.26 01:22:03] CRITICAL: System halted
[08.01.26 01:22:03] INFO: System running normally",Kernel Panic,CRITICAL,PIVI_SW4110,gen4,False,True,26125,System
LOG_00504,"[13.01.26 01:22:03] ERRMEM: VERSIONINFO: PIVI_SW4100
[13.01.26 01:22:03] Platform: gen3
[13.01.26 01:22:03] Component: Communication
[13.01.26 01:22:03] WARNING: CAN bus error detected
[13.01.26 01:22:03] ERROR: Frame transmission failed on CAN2
[13.01.26 01:22:03] TRACE: Bus-off state entered
[13.01.26 01:22:03] INFO: Error counter: 55
[13.01.26 01:22:03] ERROR: FRAME on CAN interface
[13.01.26 01:22:03] INFO: System running normally",CAN Bus Error,MEDIUM,PIVI_SW4100,gen3,False,False,12812,Network
LOG_00505,"[11.01.26 01:22:03] ERRMEM: VERSIONINFO: AIVI_SW5244
[11.01.26 01:22:03] Platform: gen4
[11.01.26 01:22:03] Component: Navigation
[11.01.26 01:22:03] WARNING: High memory usage detected
[11.01.26 01:22:03] ERROR: Heap allocation failed in Navigation
[11.01.26 01:22:03] TRACE: malloc returned NULL
[11.01.26 01:22:03] INFO: Available memory: 128 KB / 2048 KB
[11.01.26 01:22:03] ERROR: Memory leak suspected in navigation module
[11.01.26 01:22:03] TRACE: OOM - size: 1817 bytes
[11.01.26 01:22:03] INFO: Component initialized successfully
[11.01.26 01:22:03] DEBUG: Processing event queue
[11.01.26 01:22:03] INFO: System running normally",Memory Leak,HIGH,AIVI_SW5244,gen4,True,False,36147,Multimedia
LOG_00506,"[22.01.26 01:22:03] ERRMEM: VERSIONINFO: PIVI_SW4110
[22.01.26 01:22:03] Platform: gen4
[22.01.26 01:22:03] Component: System
[22.01.26 01:22:03] WARNING: Task execution time exceeded threshold
[22.01.26 01:22:03] ERROR: WATCHDOG_RESET triggered
[22.01.26 01:22:03] TRACE: System reset due to watchdog timeout
[22.01.26 01:22:03] INFO: Last task: System_handler
[22.01.26 01:22:03] CRITICAL: System HANG
[22.01.26 01:22:03] DEBUG: Processing event queue",Watchdog Timeout,CRITICAL,PIVI_SW4110,gen4,False,True,1262,Power
LOG_00507,"[31.12.25 01:22:03] ERRMEM: VERSIONINFO: AIVI_SW5244
[31.12.25 01:22:03] Platform: gen4
[31.12.25 01:22:03] Component: System
[31.12.25 01:22:03] INFO: Starting software update
[31.12.25 01:22:03] WARNING: Update verification failed
[31.12.25 01:22:03] ERROR: Flash write error at block 605
[31.12.25 01:22:03] TRACE: Rolling back to previous version
[31.12.25 01:22:03] CRITICAL: Software FLASH
[31.12.25 01:22:03] INFO: Component initialized successfully
[31.12.25 01:22:03] DEBUG: Processing event queue
[31.12.25 01:22:03] INFO: System running normally",SW Update Failure,HIGH,AIVI_SW5244,gen4,True,True,22465,System
LOG_00508,"[04.01.26 01:22:03] ERRMEM: VERSIONINFO: AIVI_SW5250
[04.01.26 01:22:03] Platform: gen3
[04.01.26 01:22:03] Component: Kernel
[04.01.26 01:22:03] WARNING: Task execution time exceeded threshold
[04.01.26 01:22:03] ERROR: WATCHDOG_RESET triggered
[04.01.26 01:22:03] TRACE: System reset due to watchdog timeout
[04.01.26 01:22:03] INFO: Last task: Kernel_handler
[04.01.26 01:22:03] CRITICAL: System TIMEOUT
[04.01.26 01:22:03] INFO: Component initialized successfully",Watchdog Timeout,CRITICAL,AIVI_SW5250,gen3,False,True,8244,Kernel
LOG_00509,"[22.01.26 01:22:03] ERRMEM: VERSIONINFO: AIVI_SW5244
[22.01.26 01:22:03] Platform: gen3
[22.01.26 01:22:03] Component: Communication
[22.01.26 01:22:03] ERROR: TCP in Communication
[22.01.26 01:22:03] ERROR: CONNECTION in Communication
[22.01.26 01:22:03] ERROR: TCP in Communication
[22.01.26 01:22:03] INFO: Component initialized successfully",Network Timeout,LOW,AIVI_SW5244,gen3,False,True,25520,Network
LOG_00510,"[07.01.26 01:22:03] ERRMEM: VERSIONINFO: AIVI_SW5244
[07.01.26 01:22:03] Platform: gen3
[07.01.26 01:22:03] Component: Storage
[07.01.26 01:22:03] ERROR: FILESYSTEM in Storage
[07.01.26 01:22:03] ERROR: CORRUPT in Storage
[07.01.26 01:22:03] ERROR: MOUNT in Storage
[07.01.26 01:22:03] INFO: System running normally
[07.01.26 01:22:03] DEBUG: Processing event queue
[07.01.26 01:22:03] INFO: Component initialized successfully",File System Error,MEDIUM,AIVI_SW5244,gen3,False,False,45280,FileSystem
LOG_00511,"[23.12.25 01:22:03] ERRMEM: VERSIONINFO: AIVI_SW5250
[23.12.25 01:22:03] Platform: gen3
[23.12.25 01:22:03] Component: Audio
[23.12.25 01:22:03] WARNING: High memory usage detected
[23.12.25 01:22:03] ERROR: Heap allocation failed in Audio
[23.12.25 01:22:03] TRACE: malloc returned NULL
[23.12.25 01:22:03] INFO: Available memory: 128 KB / 2048 KB
[23.12.25 01:22:03] ERROR: Memory leak suspected in navigation module
[23.12.25 01:22:03] TRACE: MEMORY - size: 3139 bytes
[23.12.25 01:22:03] DEBUG: Processing event queue
[23.12.25 01:22:03] INFO: System running normally",Memory Leak,HIGH,AIVI_SW5250,gen3,True,True,41935,Audio
LOG_00512,"[10.01.26 01:22:03] ERRMEM: VERSIONINFO: AIVI_SW5244
[10.01.26 01:22:03] Platform: gen3
[10.01.26 01:22:03] Component: Power
[10.01.26 01:22:03] WARNING: Task execution time exceeded threshold
[10.01.26 01:22:03] ERROR: WATCHDOG_RESET triggered
[10.01.26 01:22:03] TRACE: System reset due to watchdog timeout
[10.01.26 01:22:03] INFO: Last task: Power_handler
[10.01.26 01:22:03] CRITICAL: System RESET
[10.01.26 01:22:03] INFO: System running normally
[10.01.26 01:22:03] DEBUG: Processing event queue",Watchdog Timeout,CRITICAL,AIVI_SW5244,gen3,True,True,34094,Kernel
LOG_00513,"[18.01.26 01:22:03] ERRMEM: VERSIONINFO: AIVI_SW5244
[18.01.26 01:22:03] Platform: gen3
[18.01.26 01:22:03] Component: Audio
[18.01.26 01:22:03] WARNING: High memory usage detected
[18.01.26 01:22:03] ERROR: Heap allocation failed in Audio
[18.01.26 01:22:03] TRACE: malloc returned NULL
[18.01.26 01:22:03] INFO: Available memory: 128 KB / 2048 KB
[18.01.26 01:22:03] ERROR: Memory leak suspected in navigation module
[18.01.26 01:22:03] TRACE: MEMORY - size: 132 bytes
[18.01.26 01:22:03] INFO: System running normally",Memory Leak,HIGH,AIVI_SW5244,gen3,False,False,6388,Navigation
LOG_00514,"[01.01.26 01:22:03] ERRMEM: VERSIONINFO: AIVI_SW5250
[01.01.26 01:22:03] Platform: gen4
[01.01.26 01:22:03] Component: SW_SWUPDATE
[01.01.26 01:22:03] INFO: Starting software update
[01.01.26 01:22:03] WARNING: Update verification failed
[01.01.26 01:22:03] ERROR: Flash write error at block 443
[01.01.26 01:22:03] TRACE: Rolling back to previous version
[01.01.26 01:22:03] CRITICAL: Software FLASH
[01.01.26 01:22:03] DEBUG: Processing event queue",SW Update Failure,HIGH,AIVI_SW5250,gen4,False,True,26227,System
LOG_00515,"[17.01.26 01:22:03] ERRMEM: VERSIONINFO: PIVI_SW4100
[17.01.26 01:22:03] Platform: gen4
[17.01.26 01:22:03] Component: System
[17.01.26 01:22:03] ERROR: COMPLETED in System
[17.01.26 01:22:03] ERROR: COMPLETED in System
[17.01.26 01:22:03] ERROR: RUNNING in System
[17.01.26 01:22:03] ERROR: NORMAL in System
[17.01.26 01:22:03] ERROR: SUCCESS in System
[17.01.26 01:22:03] DEBUG: Processing event queue
[17.01.26 01:22:03] INFO: System running normally",No Issue,LOW,PIVI_SW4100,gen4,False,False,4388,System
LOG_00516,"[09.01.26 01:22:03] ERRMEM: VERSIONINFO: PIVI_SW4110
[09.01.26 01:22:03] Platform: gen4
[09.01.26 01:22:03] Component: Communication
[09.01.26 01:22:03] ERROR: NETWORK in Communication
[09.01.26 01:22:03] ERROR: TIMEOUT in Communication
[09.01.26 01:22:03] ERROR: TCP in Communication
[09.01.26 01:22:03] ERROR: SOCKET in Communication
[09.01.26 01:22:03] ERROR: TIMEOUT in Communication
[09.01.26 01:22:03] DEBUG: Processing event queue
[09.01.26 01:22:03] INFO: System running normally
[09.01.26 01:22:03] INFO: Component initialized successfully",Network Timeout,LOW,PIVI_SW4110,gen4,False,True,1907,Network
LOG_00517,"[14.01.26 01:22:03] ERRMEM: VERSIONINFO: AIVI_SW5244
[14.01.26 01:22:03] Platform: gen3
[14.01.26 01:22:03] Component: System
[14.01.26 01:22:03] INFO: Starting software update
[14.01.26 01:22:03] WARNING: Update verification failed
[14.01.26 01:22:03] ERROR: Flash write error at block 622
[14.01.26 01:22:03] TRACE: Rolling back to previous version
[14.01.26 01:22:03] CRITICAL: Software UPGRADE
[14.01.26 01:22:03] INFO: Component initialized successfully",SW Update Failure,HIGH,AIVI_SW5244,gen3,True,True,47125,SW_SWUPDATE
LOG_00518,"[19.01.26 01:22:03] ERRMEM: VERSIONINFO: PIVI_SW4100
[19.01.26 01:22:03] Platform: gen4
[19.01.26 01:22:03] Component: Hardware
[19.01.26 01:22:03] ERROR: HARDWARE in Hardware
[19.01.26 01:22:03] ERROR: GPIO in Hardware
[19.01.26 01:22:03] ERROR: HARDWARE in Hardware
[19.01.26 01:22:03] INFO: Component initialized successfully
[19.01.26 01:22:03] DEBUG: Processing event queue
[19.01.26 01:22:03] INFO: System running normally",Hardware Fault,HIGH,PIVI_SW4100,gen4,True,True,12409,Sensors
LOG_00519,"[26.12.25 01:22:03] ERRMEM: VERSIONINFO: AIVI_SW5250
[26.12.25 01:22:03] Platform: gen4
[26.12.25 01:22:03] Component: SW_SWUPDATE
[26.12.25 01:22:03] INFO: Starting software update
[26.12.25 01:22:03] WARNING: Update verification failed
[26.12.25 01:22:03] ERROR: Flash write error at block 112
[26.12.25 01:22:03] TRACE: Rolling back to previous version
[26.12.25 01:22:03] CRITICAL: Software UPGRADE
[26.12.25 01:22:03] DEBUG: Processing event queue
[26.12.25 01:22:03] INFO: Component initialized successfully",SW Update Failure,HIGH,AIVI_SW5250,gen4,False,False,2803,System
LOG_00520,"[27.12.25 01:22:03] ERRMEM: VERSIONINFO: PIVI_SW4110
[27.12.25 01:22:03] Platform: gen3
[27.12.25 01:22:03] Component: FileSystem
[27.12.25 01:22:03] ERROR: READ in FileSystem
[27.12.25 01:22:03] ERROR: READ in FileSystem
[27.12.25 01:22:03] ERROR: READ in FileSystem
[27.12.25 01:22:03] INFO: System running normally
[27.12.25 01:22:03] DEBUG: Processing event queue
[27.12.25 01:22:03] INFO: Component initialized successfully",File System Error,MEDIUM,PIVI_SW4110,gen3,True,True,4665,Storage
LOG_00521,"[31.12.25 01:22:03] ERRMEM: VERSIONINFO: PIVI_SW4110
[31.12.25 01:22:03] Platform: gen3
[31.12.25 01:22:03] Component: Communication
[31.12.25 01:22:03] WARNING: CAN bus error detected
[31.12.25 01:22:03] ERROR: Frame transmission failed on CAN2
[31.12.25 01:22:03] TRACE: Bus-off state entered
[31.12.25 01:22:03] INFO: Error counter: 13
[31.12.25 01:22:03] ERROR: ARBITRATION on CAN interface
[31.12.25 01:22:03] INFO: System running normally
[31.12.25 01:22:03] DEBUG: Processing event queue
[31.12.25 01:22:03] INFO: Component initialized successfully",CAN Bus Error,MEDIUM,PIVI_SW4110,gen3,False,False,33792,Communication
LOG_00522,"[16.01.26 01:22:03] ERRMEM: VERSIONINFO: AIVI_SW5244
[16.01.26 01:22:03] Platform: gen4
[16.01.26 01:22:03] Component: Network
[16.01.26 01:22:03] WARNING: CAN bus error detected
[16.01.26 01:22:03] ERROR: Frame transmission failed on CAN2
[16.01.26 01:22:03] TRACE: Bus-off state entered
[16.01.26 01:22:03] INFO: Error counter: 224
[16.01.26 01:22:03] ERROR: ERROR on CAN interface
[16.01.26 01:22:03] DEBUG: Processing event queue",CAN Bus Error,MEDIUM,AIVI_SW5244,gen4,True,True,14448,CAN
LOG_00523,"[19.01.26 01:22:03] ERRMEM: VERSIONINFO: AIVI_SW5244
[19.01.26 01:22:03] Platform: gen3
[19.01.26 01:22:03] Component: Network
[19.01.26 01:22:03] ERROR: TCP in Network
[19.01.26 01:22:03] ERROR: NETWORK in Network
[19.01.26 01:22:03] ERROR: CONNECTION in Network
[19.01.26 01:22:03] ERROR: TIMEOUT in Network
[19.01.26 01:22:03] ERROR: TIMEOUT in Network
[19.01.26 01:22:03] ERROR: NETWORK in Network
[19.01.26 01:22:03] INFO: Component initialized successfully",Network Timeout,LOW,AIVI_SW5244,gen3,False,False,45533,Network
LOG_00524,"[27.12.25 01:22:03] ERRMEM: VERSIONINFO: PIVI_SW4100
[27.12.25 01:22:03] Platform: gen3
[27.12.25 01:22:03] Component: Network
[27.12.25 01:22:03] ERROR: TIMEOUT in Network
[27.12.25 01:22:03] ERROR: TIMEOUT in Network
[27.12.25 01:22:03] ERROR: TCP in Network
[27.12.25 01:22:03] ERROR: SOCKET in Network
[27.12.25 01:22:03] ERROR: REFUSED in Network
[27.12.25 01:22:03] INFO: Component initialized successfully
[27.12.25 01:22:03] DEBUG: Processing event queue",Network Timeout,LOW,PIVI_SW4100,gen3,False,False,13347,Network
LOG_00525,"[28.12.25 01:22:03] ERRMEM: VERSIONINFO: PIVI_SW4110
[28.12.25 01:22:03] Platform: gen3
[28.12.25 01:22:03] Component: Network
[28.12.25 01:22:03] WARNING: CAN bus error detected
[28.12.25 01:22:03] ERROR: Frame transmission failed on CAN2
[28.12.25 01:22:03] TRACE: Bus-off state entered
[28.12.25 01:22:03] INFO: Error counter: 74
[28.12.25 01:22:03] ERROR: CAN on CAN interface
[28.12.25 01:22:03] INFO: Component initialized successfully
[28.12.25 01:22:03] DEBUG: Processing event queue",CAN Bus Error,MEDIUM,PIVI_SW4110,gen3,True,True,9141,Network
LOG_00526,"[12.01.26 01:22:03] ERRMEM: VERSIONINFO: PIVI_SW4100
[12.01.26 01:22:03] Platform: gen3
[12.01.26 01:22:03] Component: System
[12.01.26 01:22:03] INFO: Starting software update
[12.01.26 01:22:03] WARNING: Update verification failed
[12.01.26 01:22:03] ERROR: Flash write error at block 716
[12.01.26 01:22:03] TRACE: Rolling back to previous version
[12.01.26 01:22:03] CRITICAL: Software UPDATE
[12.01.26 01:22:03] INFO: System running normally
[12.01.26 01:22:03] INFO: Component initialized successfully",SW Update Failure,HIGH,PIVI_SW4100,gen3,True,True,40835,System
LOG_00527,"[23.12.25 01:22:03] ERRMEM: VERSIONINFO: PIVI_SW4100
[23.12.25 01:22:03] Platform: gen3
[23.12.25 01:22:03] Component: System
[23.12.25 01:22:03] ERROR: RUNNING in System
[23.12.25 01:22:03] ERROR: COMPLETED in System
[23.12.25 01:22:03] ERROR: RUNNING in System
[23.12.25 01:22:03] INFO: System running normally",No Issue,LOW,PIVI_SW4100,gen3,True,True,24454,System
LOG_00528,"[25.12.25 01:22:03] ERRMEM: VERSIONINFO: AIVI_SW5244
[25.12.25 01:22:03] Platform: gen4
[25.12.25 01:22:03] Component: System
[25.12.25 01:22:03] CRITICAL: Kernel panic detected
[25.12.25 01:22:03] ERROR: Unable to handle kernel NULL pointer dereference
[25.12.25 01:22:03] TRACE: Exception at address 0x0E2A
[25.12.25 01:22:03] ERROR: CPU 3 CRASH
[25.12.25 01:22:03] CRITICAL: System halted
[25.12.25 01:22:03] DEBUG: Processing event queue
[25.12.25 01:22:03] INFO: System running normally
[25.12.25 01:22:03] INFO: Component initialized successfully",Kernel Panic,CRITICAL,AIVI_SW5244,gen4,True,False,41358,Kernel
LOG_00529,"[17.01.26 01:22:03] ERRMEM: VERSIONINFO: PIVI_SW4110
[17.01.26 01:22:03] Platform: gen3
[17.01.26 01:22:03] Component: Network
[17.01.26 01:22:03] WARNING: CAN bus error detected
[17.01.26 01:22:03] ERROR: Frame transmission failed on CAN2
[17.01.26 01:22:03] TRACE: Bus-off state entered
[17.01.26 01:22:03] INFO: Error counter: 198
[17.01.26 01:22:03] ERROR: ERROR on CAN interface
[17.01.26 01:22:03] DEBUG: Processing event queue
[17.01.26 01:22:03] INFO: Component initialized successfully",CAN Bus Error,MEDIUM,PIVI_SW4110,gen3,True,False,26929,CAN
LOG_00530,"[21.01.26 01:22:03] ERRMEM: VERSIONINFO: AIVI_SW5244
[21.01.26 01:22:03] Platform: gen3
[21.01.26 01:22:03] Component: System
[21.01.26 01:22:03] ERROR: NORMAL in System
[21.01.26 01:22:03] ERROR: NORMAL in System
[21.01.26 01:22:03] ERROR: NORMAL in System
[21.01.26 01:22:03] DEBUG: Processing event queue",No Issue,LOW,AIVI_SW5244,gen3,False,False,41845,System
LOG_00531,"[01.01.26 01:22:03] ERRMEM: VERSIONINFO: AIVI_SW5244
[01.01.26 01:22:03] Platform: gen4
[01.01.26 01:22:03] Component: Unknown
[01.01.26 01:22:03] ERROR: ERROR in Unknown
[01.01.26 01:22:03] ERROR: EXCEPTION in Unknown
[01.01.26 01:22:03] ERROR: FAILED in Unknown
[01.01.26 01:22:03] ERROR: EXCEPTION in Unknown
[01.01.26 01:22:03] ERROR: ISSUE in Unknown
[01.01.26 01:22:03] ERROR: WARNING in Unknown
[01.01.26 01:22:03] INFO: System running normally",Unknown Issue,MEDIUM,AIVI_SW5244,gen4,True,True,34606,Unknown
LOG_00532,"[18.01.26 01:22:03] ERRMEM: VERSIONINFO: AIVI_SW5244
[18.01.26 01:22:03] Platform: gen3
[18.01.26 01:22:03] Component: CAN
[18.01.26 01:22:03] WARNING: CAN bus error detected
[18.01.26 01:22:03] ERROR: Frame transmission failed on CAN2
[18.01.26 01:22:03] TRACE: Bus-off state entered
[18.01.26 01:22:03] INFO: Error counter: 158
[18.01.26 01:22:03] ERROR: COMMUNICATION on CAN interface
[18.01.26 01:22:03] DEBUG: Processing event queue
[18.01.26 01:22:03] INFO: System running normally",CAN Bus Error,MEDIUM,AIVI_SW5244,gen3,False,False,41254,Communication
LOG_00533,"[22.01.26 01:22:03] ERRMEM: VERSIONINFO: AIVI_SW5250
[22.01.26 01:22:03] Platform: gen4
[22.01.26 01:22:03] Component: Multimedia
[22.01.26 01:22:03] WARNING: High memory usage detected
[22.01.26 01:22:03] ERROR: Heap allocation failed in Multimedia
[22.01.26 01:22:03] TRACE: malloc returned NULL
[22.01.26 01:22:03] INFO: Available memory: 128 KB / 2048 KB
[22.01.26 01:22:03] ERROR: Memory leak suspected in navigation module
[22.01.26 01:22:03] TRACE: MEMORY - size: 3254 bytes
[22.01.26 01:22:03] DEBUG: Processing event queue",Memory Leak,HIGH,AIVI_SW5250,gen4,True,True,46382,Audio
LOG_00534,"[06.01.26 01:22:03] ERRMEM: VERSIONINFO: AIVI_SW5244
[06.01.26 01:22:03] Platform: gen3
[06.01.26 01:22:03] Component: System
[06.01.26 01:22:03] INFO: Starting software update
[06.01.26 01:22:03] WARNING: Update verification failed
[06.01.26 01:22:03] ERROR: Flash write error at block 166
[06.01.26 01:22:03] TRACE: Rolling back to previous version
[06.01.26 01:22:03] CRITICAL: Software FAILED
[06.01.26 01:22:03] INFO: System running normally
[06.01.26 01:22:03] INFO: Component initialized successfully",SW Update Failure,HIGH,AIVI_SW5244,gen3,False,True,39418,SW_SWUPDATE
LOG_00535,"[11.01.26 01:22:03] ERRMEM: VERSIONINFO: AIVI_SW5244
[11.01.26 01:22:03] Platform: gen3
[11.01.26 01:22:03] Component: Power
[11.01.26 01:22:03] WARNING: Task execution time exceeded threshold
[11.01.26 01:22:03] ERROR: WATCHDOG_RESET triggered
[11.01.26 01:22:03] TRACE: System reset due to watchdog timeout
[11.01.26 01:22:03] INFO: Last task: Power_handler
[11.01.26 01:22:03] CRITICAL: System RESET
[11.01.26 01:22:03] DEBUG: Processing event queue",Watchdog Timeout,CRITICAL,AIVI_SW5244,gen3,True,True,34783,System
LOG_00536,"[29.12.25 01:22:03] ERRMEM: VERSIONINFO: AIVI_SW5244
[29.12.25 01:22:03] Platform: gen3
[29.12.25 01:22:03] Component: System
[29.12.25 01:22:03] WARNING: Task execution time exceeded threshold
[29.12.25 01:22:03] ERROR: WATCHDOG_RESET triggered
[29.12.25 01:22:03] TRACE: System reset due to watchdog timeout
[29.12.25 01:22:03] INFO: Last task: System_handler
[29.12.25 01:22:03] CRITICAL: System DEADLOCK
[29.12.25 01:22:03] INFO: System running normally
[29.12.25 01:22:03] INFO: Component initialized successfully",Watchdog Timeout,CRITICAL,AIVI_SW5244,gen3,False,False,19642,Power
LOG_00537,"[11.01.26 01:22:03] ERRMEM: VERSIONINFO: PIVI_SW4110
[11.01.26 01:22:03] Platform: gen3
[11.01.26 01:22:03] Component: Multimedia
[11.01.26 01:22:03] WARNING: High memory usage detected
[11.01.26 01:22:03] ERROR: Heap allocation failed in Multimedia
[11.01.26 01:22:03] TRACE: malloc returned NULL
[11.01.26 01:22:03] INFO: Available memory: 128 KB / 2048 KB
[11.01.26 01:22:03] ERROR: Memory leak suspected in navigation module
[11.01.26 01:22:03] TRACE: ALLOCATION - size: 4390 bytes
[11.01.26 01:22:03] INFO: System running normally
[11.01.26 01:22:03] INFO: Component initialized successfully
[11.01.26 01:22:03] DEBUG: Processing event queue",Memory Leak,HIGH,PIVI_SW4110,gen3,False,True,28849,Navigation
LOG_00538,"[02.01.26 01:22:03] ERRMEM: VERSIONINFO: AIVI_SW5244
[02.01.26 01:22:03] Platform: gen4
[02.01.26 01:22:03] Component: Navigation
[02.01.26 01:22:03] WARNING: High memory usage detected
[02.01.26 01:22:03] ERROR: Heap allocation failed in Navigation
[02.01.26 01:22:03] TRACE: malloc returned NULL
[02.01.26 01:22:03] INFO: Available memory: 128 KB / 2048 KB
[02.01.26 01:22:03] ERROR: Memory leak suspected in navigation module
[02.01.26 01:22:03] TRACE: HEAP - size: 1074 bytes
[02.01.26 01:22:03] DEBUG: Processing event queue
[02.01.26 01:22:03] INFO: Component initialized successfully",Memory Leak,HIGH,AIVI_SW5244,gen4,False,False,33116,Navigation
LOG_00539,"[11.01.26 01:22:03] ERRMEM: VERSIONINFO: AIVI_SW5250
[11.01.26 01:22:03] Platform: gen3
[11.01.26 01:22:03] Component: Hardware
[11.01.26 01:22:03] ERROR: FAULT in Hardware
[11.01.26 01:22:03] ERROR: FAULT in Hardware
[11.01.26 01:22:03] ERROR: HARDWARE in Hardware
[11.01.26 01:22:03] ERROR: GPIO in Hardware
[11.01.26 01:22:03] ERROR: SENSOR in Hardware
[11.01.26 01:22:03] ERROR: FAULT in Hardware
[11.01.26 01:22:03] INFO: System running normally",Hardware Fault,HIGH,AIVI_SW5250,gen3,False,False,42155,Sensors
LOG_00540,"[06.01.26 01:22:03] ERRMEM: VERSIONINFO: PIVI_SW4100
[06.01.26 01:22:03] Platform: gen3
[06.01.26 01:22:03] Component: SW_SWUPDATE
[06.01.26 01:22:03] INFO: Starting software update
[06.01.26 01:22:03] WARNING: Update verification failed
[06.01.26 01:22:03] ERROR: Flash write error at block 620
[06.01.26 01:22:03] TRACE: Rolling back to previous version
[06.01.26 01:22:03] CRITICAL: Software VERSION
[06.01.26 01:22:03] INFO: Component initialized successfully
[06.01.26 01:22:03] DEBUG: Processing event queue
[06.01.26 01:22:03] INFO: System running normally",SW Update Failure,HIGH,PIVI_SW4100,gen3,False,False,39276,SW_SWUPDATE
LOG_00541,"[04.01.26 01:22:03] ERRMEM: VERSIONINFO: AIVI_SW5250
[04.01.26 01:22:03] Platform: gen3
[04.01.26 01:22:03] Component: SW_SWUPDATE
[04.01.26 01:22:03] INFO: Starting software update
[04.01.26 01:22:03] WARNING: Update verification failed
[04.01.26 01:22:03] ERROR: Flash write error at block 481
[04.01.26 01:22:03] TRACE: Rolling back to previous version
[04.01.26 01:22:03] CRITICAL: Software UPGRADE
[04.01.26 01:22:03] DEBUG: Processing event queue
[04.01.26 01:22:03] INFO: Component initialized successfully",SW Update Failure,HIGH,AIVI_SW5250,gen3,True,False,18744,SW_SWUPDATE
LOG_00542,"[04.01.26 01:22:03] ERRMEM: VERSIONINFO: PIVI_SW4110
[04.01.26 01:22:03] Platform: gen4
[04.01.26 01:22:03] Component: Multimedia
[04.01.26 01:22:03] WARNING: High memory usage detected
[04.01.26 01:22:03] ERROR: Heap allocation failed in Multimedia
[04.01.26 01:22:03] TRACE: malloc returned NULL
[04.01.26 01:22:03] INFO: Available memory: 128 KB / 2048 KB
[04.01.26 01:22:03] ERROR: Memory leak suspected in navigation module
[04.01.26 01:22:03] TRACE: FREE - size: 2345 bytes
[04.01.26 01:22:03] INFO: System running normally",Memory Leak,HIGH,PIVI_SW4110,gen4,True,True,42287,Audio
LOG_00543,"[29.12.25 01:22:03] ERRMEM: VERSIONINFO: AIVI_SW5250
[29.12.25 01:22:03] Platform: gen4
[29.12.25 01:22:03] Component: Hardware
[29.12.25 01:22:03] ERROR: SENSOR in Hardware
[29.12.25 01:22:03] ERROR: GPIO in Hardware
[29.12.25 01:22:03] ERROR: SPI in Hardware
[29.12.25 01:22:03] ERROR: HARDWARE in Hardware
[29.12.25 01:22:03] DEBUG: Processing event queue",Hardware Fault,HIGH,AIVI_SW5250,gen4,False,False,29288,Hardware
LOG_00544,"[20.01.26 01:22:03] ERRMEM: VERSIONINFO: PIVI_SW4100
[20.01.26 01:22:03] Platform: gen3
[20.01.26 01:22:03] Component: System
[20.01.26 01:22:03] ERROR: RUNNING in System
[20.01.26 01:22:03] ERROR: SUCCESS in System
[20.01.26 01:22:03] ERROR: RUNNING in System
[20.01.26 01:22:03] ERROR: RUNNING in System
[20.01.26 01:22:03] ERROR: OK in System
[20.01.26 01:22:03] INFO: Component initialized successfully
[20.01.26 01:22:03] INFO: System running normally
[20.01.26 01:22:03] DEBUG: Processing event queue",No Issue,LOW,PIVI_SW4100,gen3,True,True,47530,System
LOG_00545,"[21.01.26 01:22:03] ERRMEM: VERSIONINFO: PIVI_SW4110
[21.01.26 01:22:03] Platform: gen4
[21.01.26 01:22:03] Component: SW_SWUPDATE
[21.01.26 01:22:03] INFO: Starting software update
[21.01.26 01:22:03] WARNING: Update verification failed
[21.01.26 01:22:03] ERROR: Flash write error at block 619
[21.01.26 01:22:03] TRACE: Rolling back to previous version
[21.01.26 01:22:03] CRITICAL: Software UPGRADE
[21.01.26 01:22:03] INFO: Component initialized successfully",SW Update Failure,HIGH,PIVI_SW4110,gen4,True,True,2824,System
LOG_00546,"[14.01.26 01:22:03] ERRMEM: VERSIONINFO: PIVI_SW4110
[14.01.26 01:22:03] Platform: gen4
[14.01.26 01:22:03] Component: Audio
[14.01.26 01:22:03] WARNING: High memory usage detected
[14.01.26 01:22:03] ERROR: Heap allocation failed in Audio
[14.01.26 01:22:03] TRACE: malloc returned NULL
[14.01.26 01:22:03] INFO: Available memory: 128 KB / 2048 KB
[14.01.26 01:22:03] ERROR: Memory leak suspected in navigation module
[14.01.26 01:22:03] TRACE: ALLOCATION - size: 2272 bytes
[14.01.26 01:22:03] INFO: System running normally
[14.01.26 01:22:03] INFO: Component initialized successfully",Memory Leak,HIGH,PIVI_SW4110,gen4,False,True,48521,Audio
LOG_00547,"[16.01.26 01:22:03] ERRMEM: VERSIONINFO: AIVI_SW5250
[16.01.26 01:22:03] Platform: gen4
[16.01.26 01:22:03] Component: Kernel
[16.01.26 01:22:03] WARNING: Task execution time exceeded threshold
[16.01.26 01:22:03] ERROR: WATCHDOG_RESET triggered
[16.01.26 01:22:03] TRACE: System reset due to watchdog timeout
[16.01.26 01:22:03] INFO: Last task: Kernel_handler
[16.01.26 01:22:03] CRITICAL: System WDT
[16.01.26 01:22:03] INFO: Component initialized successfully",Watchdog Timeout,CRITICAL,AIVI_SW5250,gen4,True,True,1358,Kernel
LOG_00548,"[20.01.26 01:22:03] ERRMEM: VERSIONINFO: AIVI_SW5250
[20.01.26 01:22:03] Platform: gen4
[20.01.26 01:22:03] Component: Unknown
[20.01.26 01:22:03] ERROR: FAILED in Unknown
[20.01.26 01:22:03] ERROR: ERROR in Unknown
[20.01.26 01:22:03] ERROR: EXCEPTION in Unknown
[20.01.26 01:22:03] ERROR: FAILED in Unknown
[20.01.26 01:22:03] ERROR: ISSUE in Unknown
[20.01.26 01:22:03] ERROR: ISSUE in Unknown
[20.01.26 01:22:03] INFO: System running normally",Unknown Issue,MEDIUM,AIVI_SW5250,gen4,True,False,28179,Unknown
LOG_00549,"[29.12.25 01:22:03] ERRMEM: VERSIONINFO: PIVI_SW4100
[29.12.25 01:22:03] Platform: gen4
[29.12.25 01:22:03] Component: Sensors
[29.12.25 01:22:03] ERROR: GPIO in Sensors
[29.12.25 01:22:03] ERROR: HARDWARE in Sensors
[29.12.25 01:22:03] ERROR: SENSOR in Sensors
[29.12.25 01:22:03] ERROR: SPI in Sensors
[29.12.25 01:22:03] ERROR: I2C in Sensors
[29.12.25 01:22:03] ERROR: SENSOR in Sensors
[29.12.25 01:22:03] DEBUG: Processing event queue",Hardware Fault,HIGH,PIVI_SW4100,gen4,True,False,35768,Sensors
LOG_00550,"[22.01.26 01:22:03] ERRMEM: VERSIONINFO: PIVI_SW4100
[22.01.26 01:22:03] Platform: gen4
[22.01.26 01:22:03] Component: SW_SWUPDATE
[22.01.26 01:22:03] INFO: Starting software update
[22.01.26 01:22:03] WARNING: Update verification failed
[22.01.26 01:22:03] ERROR: Flash write error at block 484
[22.01.26 01:22:03] TRACE: Rolling back to previous version
[22.01.26 01:22:03] CRITICAL: Software INSTALLATION
[22.01.26 01:22:03] INFO: System running normally",SW Update Failure,HIGH,PIVI_SW4100,gen4,False,False,48903,SW_SWUPDATE
LOG_00551,"[29.12.25 01:22:03] ERRMEM: VERSIONINFO: AIVI_SW5244
[29.12.25 01:22:03] Platform: gen4
[29.12.25 01:22:03] Component: Multimedia
[29.12.25 01:22:03] WARNING: High memory usage detected
[29.12.25 01:22:03] ERROR: Heap allocation failed in Multimedia
[29.12.25 01:22:03] TRACE: malloc returned NULL
[29.12.25 01:22:03] INFO: Available memory: 128 KB / 2048 KB
[29.12.25 01:22:03] ERROR: Memory leak suspected in navigation module
[29.12.25 01:22:03] TRACE: MEMORY - size: 2564 bytes
[29.12.25 01:22:03] INFO: Component initialized successfully",Memory Leak,HIGH,AIVI_SW5244,gen4,False,False,18941,Audio
LOG_00552,"[19.01.26 01:22:03] ERRMEM: VERSIONINFO: PIVI_SW4100
[19.01.26 01:22:03] Platform: gen4
[19.01.26 01:22:03] Component: FileSystem
[19.01.26 01:22:03] ERROR: READ in FileSystem
[19.01.26 01:22:03] ERROR: INODE in FileSystem
[19.01.26 01:22:03] ERROR: INODE in FileSystem
[19.01.26 01:22:03] DEBUG: Processing event queue
[19.01.26 01:22:03] INFO: Component initialized successfully
[19.01.26 01:22:03] INFO: System running normally",File System Error,MEDIUM,PIVI_SW4100,gen4,False,False,36481,Storage
LOG_00553,"[17.01.26 01:22:03] ERRMEM: VERSIONINFO: PIVI_SW4100
[17.01.26 01:22:03] Platform: gen4
[17.01.26 01:22:03] Component: Unknown
[17.01.26 01:22:03] ERROR: EXCEPTION in Unknown
[17.01.26 01:22:03] ERROR: WARNING in Unknown
[17.01.26 01:22:03] ERROR: ISSUE in Unknown
[17.01.26 01:22:03] ERROR: FAILED in Unknown
[17.01.26 01:22:03] INFO: Component initialized successfully
[17.01.26 01:22:03] DEBUG: Processing event queue
[17.01.26 01:22:03] INFO: System running normally",Unknown Issue,MEDIUM,PIVI_SW4100,gen4,True,False,20258,Unknown
LOG_00554,"[17.01.26 01:22:03] ERRMEM: VERSIONINFO: AIVI_SW5244
[17.01.26 01:22:03] Platform: gen4
[17.01.26 01:22:03] Component: Multimedia
[17.01.26 01:22:03] WARNING: High memory usage detected
[17.01.26 01:22:03] ERROR: Heap allocation failed in Multimedia
[17.01.26 01:22:03] TRACE: malloc returned NULL
[17.01.26 01:22:03] INFO: Available memory: 128 KB / 2048 KB
[17.01.26 01:22:03] ERROR: Memory leak suspected in navigation module
[17.01.26 01:22:03] TRACE: MALLOC - size: 2046 bytes
[17.01.26 01:22:03] INFO: Component initialized successfully",Memory Leak,HIGH,AIVI_SW5244,gen4,False,True,33364,Navigation
LOG_00555,"[28.12.25 01:22:03] ERRMEM: VERSIONINFO: AIVI_SW5250
[28.12.25 01:22:03] Platform: gen3
[28.12.25 01:22:03] Component: Multimedia
[28.12.25 01:22:03] WARNING: High memory usage detected
[28.12.25 01:22:03] ERROR: Heap allocation failed in Multimedia
[28.12.25 01:22:03] TRACE: malloc returned NULL
[28.12.25 01:22:03] INFO: Available memory: 128 KB / 2048 KB
[28.12.25 01:22:03] ERROR: Memory leak suspected in navigation module
[28.12.25 01:22:03] TRACE: MEMORY - size: 2351 bytes
[28.12.25 01:22:03] INFO: Component initialized successfully
[28.12.25 01:22:03] INFO: System running normally",Memory Leak,HIGH,AIVI_SW5250,gen3,True,True,28288,Navigation
LOG_00556,"[07.01.26 01:22:03] ERRMEM: VERSIONINFO: AIVI_SW5244
[07.01.26 01:22:03] Platform: gen3
[07.01.26 01:22:03] Component: FileSystem
[07.01.26 01:22:03] ERROR: CORRUPT in FileSystem
[07.01.26 01:22:03] ERROR: CORRUPT in FileSystem
[07.01.26 01:22:03] ERROR: CORRUPT in FileSystem
[07.01.26 01:22:03] ERROR: INODE in FileSystem
[07.01.26 01:22:03] INFO: Component initialized successfully
[07.01.26 01:22:03] DEBUG: Processing event queue",File System Error,MEDIUM,AIVI_SW5244,gen3,False,True,5317,Storage
LOG_00557,"[26.12.25 01:22:03] ERRMEM: VERSIONINFO: PIVI_SW4100
[26.12.25 01:22:03] Platform: gen4
[26.12.25 01:22:03] Component: System
[26.12.25 01:22:03] ERROR: SUCCESS in System
[26.12.25 01:22:03] ERROR: SUCCESS in System
[26.12.25 01:22:03] ERROR: RUNNING in System
[26.12.25 01:22:03] ERROR: COMPLETED in System
[26.12.25 01:22:03] ERROR: SUCCESS in System
[26.12.25 01:22:03] DEBUG: Processing event queue",No Issue,LOW,PIVI_SW4100,gen4,True,False,30037,System
LOG_00558,"[02.01.26 01:22:03] ERRMEM: VERSIONINFO: AIVI_SW5244
[02.01.26 01:22:03] Platform: gen3
[02.01.26 01:22:03] Component: System
[02.01.26 01:22:03] WARNING: Task execution time exceeded threshold
[02.01.26 01:22:03] ERROR: WATCHDOG_RESET triggered
[02.01.26 01:22:03] TRACE: System reset due to watchdog timeout
[02.01.26 01:22:03] INFO: Last task: System_handler
[02.01.26 01:22:03] CRITICAL: System DEADLOCK
[02.01.26 01:22:03] INFO: System running normally
[02.01.26 01:22:03] INFO: Component initialized successfully
[02.01.26 01:22:03] DEBUG: Processing event queue",Watchdog Timeout,CRITICAL,AIVI_SW5244,gen3,True,False,36038,Power
LOG_00559,"[20.01.26 01:22:03] ERRMEM: VERSIONINFO: PIVI_SW4110
[20.01.26 01:22:03] Platform: gen4
[20.01.26 01:22:03] Component: System
[20.01.26 01:22:03] WARNING: Task execution time exceeded threshold
[20.01.26 01:22:03] ERROR: WATCHDOG_RESET triggered
[20.01.26 01:22:03] TRACE: System reset due to watchdog timeout
[20.01.26 01:22:03] INFO: Last task: System_handler
[20.01.26 01:22:03] CRITICAL: System WATCHDOG
[20.01.26 01:22:03] INFO: System running normally
[20.01.26 01:22:03] INFO: Component initialized successfully
[20.01.26 01:22:03] DEBUG: Processing event queue",Watchdog Timeout,CRITICAL,PIVI_SW4110,gen4,True,True,34253,Power
LOG_00560,"[07.01.26 01:22:03] ERRMEM: VERSIONINFO: PIVI_SW4110
[07.01.26 01:22:03] Platform: gen4
[07.01.26 01:22:03] Component: CAN
[07.01.26 01:22:03] WARNING: CAN bus error detected
[07.01.26 01:22:03] ERROR: Frame transmission failed on CAN2
[07.01.26 01:22:03] TRACE: Bus-off state entered
[07.01.26 01:22:03] INFO: Error counter: 93
[07.01.26 01:22:03] ERROR: COMMUNICATION on CAN interface
[07.01.26 01:22:03] DEBUG: Processing event queue",CAN Bus Error,MEDIUM,PIVI_SW4110,gen4,True,True,3071,Communication
LOG_00561,"[02.01.26 01:22:03] ERRMEM: VERSIONINFO: PIVI_SW4110
[02.01.26 01:22:03] Platform: gen3
[02.01.26 01:22:03] Component: Unknown
[02.01.26 01:22:03] ERROR: FAILED in Unknown
[02.01.26 01:22:03] ERROR: ISSUE in Unknown
[02.01.26 01:22:03] ERROR: ISSUE in Unknown
[02.01.26 01:22:03] ERROR: ISSUE in Unknown
[02.01.26 01:22:03] INFO: System running normally",Unknown Issue,MEDIUM,PIVI_SW4110,gen3,True,True,10826,Unknown
LOG_00562,"[15.01.26 01:22:03] ERRMEM: VERSIONINFO: PIVI_SW4100
[15.01.26 01:22:03] Platform: gen4
[15.01.26 01:22:03] Component: Storage
[15.01.26 01:22:03] ERROR: FILESYSTEM in Storage
[15.01.26 01:22:03] ERROR: DISK in Storage
[15.01.26 01:22:03] ERROR: CORRUPT in Storage
[15.01.26 01:22:03] ERROR: READ in Storage
[15.01.26 01:22:03] ERROR: DISK in Storage
[15.01.26 01:22:03] ERROR: DISK in Storage
[15.01.26 01:22:03] DEBUG: Processing event queue
[15.01.26 01:22:03] INFO: System running normally",File System Error,MEDIUM,PIVI_SW4100,gen4,False,True,25796,Storage
LOG_00563,"[16.01.26 01:22:03] ERRMEM: VERSIONINFO: PIVI_SW4100
[16.01.26 01:22:03] Platform: gen3
[16.01.26 01:22:03] Component: System
[16.01.26 01:22:03] WARNING: Task execution time exceeded threshold
[16.01.26 01:22:03] ERROR: WATCHDOG_RESET triggered
[16.01.26 01:22:03] TRACE: System reset due to watchdog timeout
[16.01.26 01:22:03] INFO: Last task: System_handler
[16.01.26 01:22:03] CRITICAL: System TIMEOUT
[16.01.26 01:22:03] INFO: System running normally",Watchdog Timeout,CRITICAL,PIVI_SW4100,gen3,True,False,10924,Kernel
LOG_00564,"[21.01.26 01:22:03] ERRMEM: VERSIONINFO: AIVI_SW5250
[21.01.26 01:22:03] Platform: gen3
[21.01.26 01:22:03] Component: FileSystem
[21.01.26 01:22:03] ERROR: MOUNT in FileSystem
[21.01.26 01:22:03] ERROR: CORRUPT in FileSystem
[21.01.26 01:22:03] ERROR: INODE in FileSystem
[21.01.26 01:22:03] ERROR: CORRUPT in FileSystem
[21.01.26 01:22:03] ERROR: DISK in FileSystem
[21.01.26 01:22:03] DEBUG: Processing event queue
[21.01.26 01:22:03] INFO: System running normally",File System Error,MEDIUM,AIVI_SW5250,gen3,False,True,43598,Storage
LOG_00565,"[29.12.25 01:22:03] ERRMEM: VERSIONINFO: AIVI_SW5250
[29.12.25 01:22:03] Platform: gen3
[29.12.25 01:22:03] Component: System
[29.12.25 01:22:03] ERROR: SUCCESS in System
[29.12.25 01:22:03] ERROR: OK in System
[29.12.25 01:22:03] ERROR: OK in System
[29.12.25 01:22:03] ERROR: COMPLETED in System
[29.12.25 01:22:03] ERROR: COMPLETED in System
[29.12.25 01:22:03] ERROR: SUCCESS in System
[29.12.25 01:22:03] INFO: Component initialized successfully",No Issue,LOW,AIVI_SW5250,gen3,True,True,21907,System
LOG_00566,"[22.01.26 01:22:03] ERRMEM: VERSIONINFO: AIVI_SW5244
[22.01.26 01:22:03] Platform: gen3
[22.01.26 01:22:03] Component: Communication
[22.01.26 01:22:03] WARNING: CAN bus error detected
[22.01.26 01:22:03] ERROR: Frame transmission failed on CAN2
[22.01.26 01:22:03] TRACE: Bus-off state entered
[22.01.26 01:22:03] INFO: Error counter: 164
[22.01.26 01:22:03] ERROR: ERROR on CAN interface
[22.01.26 01:22:03] DEBUG: Processing event queue",CAN Bus Error,MEDIUM,AIVI_SW5244,gen3,False,False,12205,CAN
LOG_00567,"[30.12.25 01:22:03] ERRMEM: VERSIONINFO: PIVI_SW4110
[30.12.25 01:22:03] Platform: gen3
[30.12.25 01:22:03] Component: System
[30.12.25 01:22:03] ERROR: NORMAL in System
[30.12.25 01:22:03] ERROR: SUCCESS in System
[30.12.25 01:22:03] ERROR: NORMAL in System
[30.12.25 01:22:03] ERROR: RUNNING in System
[30.12.25 01:22:03] ERROR: RUNNING in System
[30.12.25 01:22:03] ERROR: NORMAL in System
[30.12.25 01:22:03] DEBUG: Processing event queue
[30.12.25 01:22:03] INFO: System running normally",No Issue,LOW,PIVI_SW4110,gen3,False,False,46794,System
LOG_00568,"[15.01.26 01:22:03] ERRMEM: VERSIONINFO: PIVI_SW4110
[15.01.26 01:22:03] Platform: gen4
[15.01.26 01:22:03] Component: Unknown
[15.01.26 01:22:03] ERROR: ERROR in Unknown
[15.01.26 01:22:03] ERROR: EXCEPTION in Unknown
[15.01.26 01:22:03] ERROR: ISSUE in Unknown
[15.01.26 01:22:03] ERROR: ISSUE in Unknown
[15.01.26 01:22:03] INFO: System running normally",Unknown Issue,MEDIUM,PIVI_SW4110,gen4,True,True,45148,Unknown
LOG_00569,"[04.01.26 01:22:03] ERRMEM: VERSIONINFO: AIVI_SW5244
[04.01.26 01:22:03] Platform: gen4
[04.01.26 01:22:03] Component: Audio
[04.01.26 01:22:03] WARNING: High memory usage detected
[04.01.26 01:22:03] ERROR: Heap allocation failed in Audio
[04.01.26 01:22:03] TRACE: malloc returned NULL
[04.01.26 01:22:03] INFO: Available memory: 128 KB / 2048 KB
[04.01.26 01:22:03] ERROR: Memory leak suspected in navigation module
[04.01.26 01:22:03] TRACE: HEAP - size: 1915 bytes
[04.01.26 01:22:03] INFO: System running normally
[04.01.26 01:22:03] INFO: Component initialized successfully",Memory Leak,HIGH,AIVI_SW5244,gen4,False,False,26044,Audio
LOG_00570,"[03.01.26 01:22:03] ERRMEM: VERSIONINFO: PIVI_SW4110
[03.01.26 01:22:03] Platform: gen3
[03.01.26 01:22:03] Component: System
[03.01.26 01:22:03] ERROR: SUCCESS in System
[03.01.26 01:22:03] ERROR: SUCCESS in System
[03.01.26 01:22:03] ERROR: NORMAL in System
[03.01.26 01:22:03] ERROR: OK in System
[03.01.26 01:22:03] INFO: System running normally
[03.01.26 01:22:03] INFO: Component initialized successfully
[03.01.26 01:22:03] DEBUG: Processing event queue",No Issue,LOW,PIVI_SW4110,gen3,True,True,31108,System
LOG_00571,"[22.01.26 01:22:03] ERRMEM: VERSIONINFO: PIVI_SW4110
[22.01.26 01:22:03] Platform: gen3
[22.01.26 01:22:03] Component: FileSystem
[22.01.26 01:22:03] ERROR: DISK in FileSystem
[22.01.26 01:22:03] ERROR: MOUNT in FileSystem
[22.01.26 01:22:03] ERROR: READ in FileSystem
[22.01.26 01:22:03] ERROR: FILESYSTEM in FileSystem
[22.01.26 01:22:03] ERROR: FILESYSTEM in FileSystem
[22.01.26 01:22:03] INFO: System running normally",File System Error,MEDIUM,PIVI_SW4110,gen3,False,False,12139,FileSystem
LOG_00572,"[08.01.26 01:22:03] ERRMEM: VERSIONINFO: PIVI_SW4100
[08.01.26 01:22:03] Platform: gen4
[08.01.26 01:22:03] Component: System
[08.01.26 01:22:03] WARNING: Task execution time exceeded threshold
[08.01.26 01:22:03] ERROR: WATCHDOG_RESET triggered
[08.01.26 01:22:03] TRACE: System reset due to watchdog timeout
[08.01.26 01:22:03] INFO: Last task: System_handler
[08.01.26 01:22:03] CRITICAL: System WATCHDOG
[08.01.26 01:22:03] INFO: System running normally",Watchdog Timeout,CRITICAL,PIVI_SW4100,gen4,False,False,24127,Kernel
LOG_00573,"[03.01.26 01:22:03] ERRMEM: VERSIONINFO: PIVI_SW4100
[03.01.26 01:22:03] Platform: gen4
[03.01.26 01:22:03] Component: SW_SWUPDATE
[03.01.26 01:22:03] INFO: Starting software update
[03.01.26 01:22:03] WARNING: Update verification failed
[03.01.26 01:22:03] ERROR: Flash write error at block 258
[03.01.26 01:22:03] TRACE: Rolling back to previous version
[03.01.26 01:22:03] CRITICAL: Software FLASH
[03.01.26 01:22:03] INFO: Component initialized successfully
[03.01.26 01:22:03] DEBUG: Processing event queue",SW Update Failure,HIGH,PIVI_SW4100,gen4,True,False,20191,SW_SWUPDATE
LOG_00574,"[04.01.26 01:22:03] ERRMEM: VERSIONINFO: PIVI_SW4110
[04.01.26 01:22:03] Platform: gen3
[04.01.26 01:22:03] Component: System
[04.01.26 01:22:03] ERROR: COMPLETED in System
[04.01.26 01:22:03] ERROR: RUNNING in System
[04.01.26 01:22:03] ERROR: NORMAL in System
[04.01.26 01:22:03] ERROR: NORMAL in System
[04.01.26 01:22:03] ERROR: COMPLETED in System
[04.01.26 01:22:03] INFO: Component initialized successfully",No Issue,LOW,PIVI_SW4110,gen3,False,True,33992,System
LOG_00575,"[25.12.25 01:22:03] ERRMEM: VERSIONINFO: AIVI_SW5244
[25.12.25 01:22:03] Platform: gen4
[25.12.25 01:22:03] Component: System
[25.12.25 01:22:03] ERROR: SUCCESS in System
[25.12.25 01:22:03] ERROR: SUCCESS in System
[25.12.25 01:22:03] ERROR: NORMAL in System
[25.12.25 01:22:03] ERROR: RUNNING in System
[25.12.25 01:22:03] ERROR: OK in System
[25.12.25 01:22:03] DEBUG: Processing event queue
[25.12.25 01:22:03] INFO: System running normally
[25.12.25 01:22:03] INFO: Component initialized successfully",No Issue,LOW,AIVI_SW5244,gen4,True,False,28924,System
LOG_00576,"[15.01.26 01:22:03] ERRMEM: VERSIONINFO: AIVI_SW5244
[15.01.26 01:22:03] Platform: gen4
[15.01.26 01:22:03] Component: System
[15.01.26 01:22:03] INFO: Starting software update
[15.01.26 01:22:03] WARNING: Update verification failed
[15.01.26 01:22:03] ERROR: Flash write error at block 463
[15.01.26 01:22:03] TRACE: Rolling back to previous version
[15.01.26 01:22:03] CRITICAL: Software INSTALLATION
[15.01.26 01:22:03] DEBUG: Processing event queue",SW Update Failure,HIGH,AIVI_SW5244,gen4,False,True,10142,System
LOG_00577,"[10.01.26 01:22:03] ERRMEM: VERSIONINFO: AIVI_SW5250
[10.01.26 01:22:03] Platform: gen3
[10.01.26 01:22:03] Component: Hardware
[10.01.26 01:22:03] ERROR: HARDWARE in Hardware
[10.01.26 01:22:03] ERROR: GPIO in Hardware
[10.01.26 01:22:03] ERROR: SENSOR in Hardware
[10.01.26 01:22:03] INFO: System running normally
[10.01.26 01:22:03] INFO: Component initialized successfully
[10.01.26 01:22:03] DEBUG: Processing event queue",Hardware Fault,HIGH,AIVI_SW5250,gen3,True,True,24149,Hardware
LOG_00578,"[10.01.26 01:22:03] ERRMEM: VERSIONINFO: AIVI_SW5250
[10.01.26 01:22:03] Platform: gen3
[10.01.26 01:22:03] Component: Power
[10.01.26 01:22:03] WARNING: Task execution time exceeded threshold
[10.01.26 01:22:03] ERROR: WATCHDOG_RESET triggered
[10.01.26 01:22:03] TRACE: System reset due to watchdog timeout
[10.01.26 01:22:03] INFO: Last task: Power_handler
[10.01.26 01:22:03] CRITICAL: System TIMEOUT
[10.01.26 01:22:03] INFO: Component initialized successfully
[10.01.26 01:22:03] INFO: System running normally",Watchdog Timeout,CRITICAL,AIVI_SW5250,gen3,False,True,49834,System
LOG_00579,"[12.01.26 01:22:03] ERRMEM: VERSIONINFO: AIVI_SW5244
[12.01.26 01:22:03] Platform: gen3
[12.01.26 01:22:03] Component: System
[12.01.26 01:22:03] WARNING: Task execution time exceeded threshold
[12.01.26 01:22:03] ERROR: WATCHDOG_RESET triggered
[12.01.26 01:22:03] TRACE: System reset due to watchdog timeout
[12.01.26 01:22:03] INFO: Last task: System_handler
[12.01.26 01:22:03] CRITICAL: System TIMEOUT
[12.01.26 01:22:03] DEBUG: Processing event queue",Watchdog Timeout,CRITICAL,AIVI_SW5244,gen3,False,False,3040,Kernel
LOG_00580,"[01.01.26 01:22:03] ERRMEM: VERSIONINFO: AIVI_SW5250
[01.01.26 01:22:03] Platform: gen3
[01.01.26 01:22:03] Component: Navigation
[01.01.26 01:22:03] WARNING: High memory usage detected
[01.01.26 01:22:03] ERROR: Heap allocation failed in Navigation
[01.01.26 01:22:03] TRACE: malloc returned NULL
[01.01.26 01:22:03] INFO: Available memory: 128 KB / 2048 KB
[01.01.26 01:22:03] ERROR: Memory leak suspected in navigation module
[01.01.26 01:22:03] TRACE: ALLOCATION - size: 3000 bytes
[01.01.26 01:22:03] DEBUG: Processing event queue
[01.01.26 01:22:03] INFO: System running normally
[01.01.26 01:22:03] INFO: Component initialized successfully",Memory Leak,HIGH,AIVI_SW5250,gen3,False,True,6201,Navigation
LOG_00581,"[09.01.26 01:22:03] ERRMEM: VERSIONINFO: PIVI_SW4100
[09.01.26 01:22:03] Platform: gen3
[09.01.26 01:22:03] Component: Kernel
[09.01.26 01:22:03] WARNING: Task execution time exceeded threshold
[09.01.26 01:22:03] ERROR: WATCHDOG_RESET triggered
[09.01.26 01:22:03] TRACE: System reset due to watchdog timeout
[09.01.26 01:22:03] INFO: Last task: Kernel_handler
[09.01.26 01:22:03] CRITICAL: System TIMEOUT
[09.01.26 01:22:03] INFO: System running normally",Watchdog Timeout,CRITICAL,PIVI_SW4100,gen3,True,False,2921,Power
LOG_00582,"[22.01.26 01:22:03] ERRMEM: VERSIONINFO: AIVI_SW5250
[22.01.26 01:22:03] Platform: gen4
[22.01.26 01:22:03] Component: FileSystem
[22.01.26 01:22:03] ERROR: FILESYSTEM in FileSystem
[22.01.26 01:22:03] ERROR: FILESYSTEM in FileSystem
[22.01.26 01:22:03] ERROR: CORRUPT in FileSystem
[22.01.26 01:22:03] ERROR: MOUNT in FileSystem
[22.01.26 01:22:03] INFO: System running normally",File System Error,MEDIUM,AIVI_SW5250,gen4,False,False,16824,FileSystem
LOG_00583,"[24.12.25 01:22:03] ERRMEM: VERSIONINFO: PIVI_SW4100
[24.12.25 01:22:03] Platform: gen4
[24.12.25 01:22:03] Component: Navigation
[24.12.25 01:22:03] WARNING: High memory usage detected
[24.12.25 01:22:03] ERROR: Heap allocation failed in Navigation
[24.12.25 01:22:03] TRACE: malloc returned NULL
[24.12.25 01:22:03] INFO: Available memory: 128 KB / 2048 KB
[24.12.25 01:22:03] ERROR: Memory leak suspected in navigation module
[24.12.25 01:22:03] TRACE: FREE - size: 983 bytes
[24.12.25 01:22:03] INFO: System running normally
[24.12.25 01:22:03] INFO: Component initialized successfully
[24.12.25 01:22:03] DEBUG: Processing event queue",Memory Leak,HIGH,PIVI_SW4100,gen4,True,True,42453,Multimedia
LOG_00584,"[16.01.26 01:22:03] ERRMEM: VERSIONINFO: PIVI_SW4110
[16.01.26 01:22:03] Platform: gen4
[16.01.26 01:22:03] Component: Kernel
[16.01.26 01:22:03] CRITICAL: Kernel panic detected
[16.01.26 01:22:03] ERROR: Unable to handle kernel NULL pointer dereference
[16.01.26 01:22:03] TRACE: Exception at address 0x2055
[16.01.26 01:22:03] ERROR: CPU 0 EXCEPTION
[16.01.26 01:22:03] CRITICAL: System halted
[16.01.26 01:22:03] INFO: Component initialized successfully",Kernel Panic,CRITICAL,PIVI_SW4110,gen4,False,False,11413,System
LOG_00585,"[01.01.26 01:22:03] ERRMEM: VERSIONINFO: AIVI_SW5250
[01.01.26 01:22:03] Platform: gen3
[01.01.26 01:22:03] Component: System
[01.01.26 01:22:03] CRITICAL: Kernel panic detected
[01.01.26 01:22:03] ERROR: Unable to handle kernel NULL pointer dereference
[01.01.26 01:22:03] TRACE: Exception at address 0x1F1C
[01.01.26 01:22:03] ERROR: CPU 1 EXCEPTION
[01.01.26 01:22:03] CRITICAL: System halted
[01.01.26 01:22:03] INFO: Component initialized successfully
[01.01.26 01:22:03] INFO: System running normally
[01.01.26 01:22:03] DEBUG: Processing event queue",Kernel Panic,CRITICAL,AIVI_SW5250,gen3,True,True,32731,System
LOG_00586,"[19.01.26 01:22:03] ERRMEM: VERSIONINFO: PIVI_SW4100
[19.01.26 01:22:03] Platform: gen3
[19.01.26 01:22:03] Component: Power
[19.01.26 01:22:03] WARNING: Task execution time exceeded threshold
[19.01.26 01:22:03] ERROR: WATCHDOG_RESET triggered
[19.01.26 01:22:03] TRACE: System reset due to watchdog timeout
[19.01.26 01:22:03] INFO: Last task: Power_handler
[19.01.26 01:22:03] CRITICAL: System WDT
[19.01.26 01:22:03] INFO: Component initialized successfully
[19.01.26 01:22:03] INFO: System running normally",Watchdog Timeout,CRITICAL,PIVI_SW4100,gen3,True,True,47176,System
LOG_00587,"[06.01.26 01:22:03] ERRMEM: VERSIONINFO: PIVI_SW4110
[06.01.26 01:22:03] Platform: gen4
[06.01.26 01:22:03] Component: Power
[06.01.26 01:22:03] WARNING: Task execution time exceeded threshold
[06.01.26 01:22:03] ERROR: WATCHDOG_RESET triggered
[06.01.26 01:22:03] TRACE: System reset due to watchdog timeout
[06.01.26 01:22:03] INFO: Last task: Power_handler
[06.01.26 01:22:03] CRITICAL: System DEADLOCK
[06.01.26 01:22:03] INFO: System running normally",Watchdog Timeout,CRITICAL,PIVI_SW4110,gen4,False,False,5971,Kernel
LOG_00588,"[16.01.26 01:22:03] ERRMEM: VERSIONINFO: AIVI_SW5250
[16.01.26 01:22:03] Platform: gen3
[16.01.26 01:22:03] Component: System
[16.01.26 01:22:03] WARNING: Task execution time exceeded threshold
[16.01.26 01:22:03] ERROR: WATCHDOG_RESET triggered
[16.01.26 01:22:03] TRACE: System reset due to watchdog timeout
[16.01.26 01:22:03] INFO: Last task: System_handler
[16.01.26 01:22:03] CRITICAL: System TIMEOUT
[16.01.26 01:22:03] DEBUG: Processing event queue
[16.01.26 01:22:03] INFO: Component initialized successfully",Watchdog Timeout,CRITICAL,AIVI_SW5250,gen3,True,True,44969,Power
LOG_00589,"[15.01.26 01:22:03] ERRMEM: VERSIONINFO: PIVI_SW4110
[15.01.26 01:22:03] Platform: gen3
[15.01.26 01:22:03] Component: Unknown
[15.01.26 01:22:03] ERROR: EXCEPTION in Unknown
[15.01.26 01:22:03] ERROR: ERROR in Unknown
[15.01.26 01:22:03] ERROR: WARNING in Unknown
[15.01.26 01:22:03] DEBUG: Processing event queue
[15.01.26 01:22:03] INFO: Component initialized successfully",Unknown Issue,MEDIUM,PIVI_SW4110,gen3,False,False,9917,Unknown
LOG_00590,"[11.01.26 01:22:03] ERRMEM: VERSIONINFO: PIVI_SW4100
[11.01.26 01:22:03] Platform: gen4
[11.01.26 01:22:03] Component: Hardware
[11.01.26 01:22:03] ERROR: FAULT in Hardware
[11.01.26 01:22:03] ERROR: SPI in Hardware
[11.01.26 01:22:03] ERROR: HARDWARE in Hardware
[11.01.26 01:22:03] ERROR: SPI in Hardware
[11.01.26 01:22:03] ERROR: FAULT in Hardware
[11.01.26 01:22:03] DEBUG: Processing event queue",Hardware Fault,HIGH,PIVI_SW4100,gen4,False,True,31845,Sensors
LOG_00591,"[08.01.26 01:22:03] ERRMEM: VERSIONINFO: AIVI_SW5244
[08.01.26 01:22:03] Platform: gen4
[08.01.26 01:22:03] Component: Kernel
[08.01.26 01:22:03] WARNING: Task execution time exceeded threshold
[08.01.26 01:22:03] ERROR: WATCHDOG_RESET triggered
[08.01.26 01:22:03] TRACE: System reset due to watchdog timeout
[08.01.26 01:22:03] INFO: Last task: Kernel_handler
[08.01.26 01:22:03] CRITICAL: System TIMEOUT
[08.01.26 01:22:03] INFO: Component initialized successfully",Watchdog Timeout,CRITICAL,AIVI_SW5244,gen4,True,False,26356,System
LOG_00592,"[05.01.26 01:22:03] ERRMEM: VERSIONINFO: AIVI_SW5244
[05.01.26 01:22:03] Platform: gen3
[05.01.26 01:22:03] Component: Kernel
[05.01.26 01:22:03] CRITICAL: Kernel panic detected
[05.01.26 01:22:03] ERROR: Unable to handle kernel NULL pointer dereference
[05.01.26 01:22:03] TRACE: Exception at address 0x1845
[05.01.26 01:22:03] ERROR: CPU 3 KERNEL
[05.01.26 01:22:03] CRITICAL: System halted
[05.01.26 01:22:03] INFO: Component initialized successfully
[05.01.26 01:22:03] INFO: System running normally
[05.01.26 01:22:03] DEBUG: Processing event queue",Kernel Panic,CRITICAL,AIVI_SW5244,gen3,True,False,44871,Kernel
LOG_00593,"[17.01.26 01:22:03] ERRMEM: VERSIONINFO: PIVI_SW4100
[17.01.26 01:22:03] Platform: gen3
[17.01.26 01:22:03] Component: Network
[17.01.26 01:22:03] ERROR: TCP in Network
[17.01.26 01:22:03] ERROR: NETWORK in Network
[17.01.26 01:22:03] ERROR: SOCKET in Network
[17.01.26 01:22:03] ERROR: NETWORK in Network
[17.01.26 01:22:03] ERROR: CONNECTION in Network
[17.01.26 01:22:03] INFO: System running normally
[17.01.26 01:22:03] INFO: Component initialized successfully
[17.01.26 01:22:03] DEBUG: Processing event queue",Network Timeout,LOW,PIVI_SW4100,gen3,False,False,27711,Network
LOG_00594,"[29.12.25 01:22:03] ERRMEM: VERSIONINFO: AIVI_SW5250
[29.12.25 01:22:03] Platform: gen4
[29.12.25 01:22:03] Component: Communication
[29.12.25 01:22:03] ERROR: TIMEOUT in Communication
[29.12.25 01:22:03] ERROR: TIMEOUT in Communication
[29.12.25 01:22:03] ERROR: TCP in Communication
[29.12.25 01:22:03] ERROR: CONNECTION in Communication
[29.12.25 01:22:03] ERROR: REFUSED in Communication
[29.12.25 01:22:03] ERROR: SOCKET in Communication
[29.12.25 01:22:03] DEBUG: Processing event queue
[29.12.25 01:22:03] INFO: System running normally",Network Timeout,LOW,AIVI_SW5250,gen4,False,False,43696,Communication
LOG_00595,"[17.01.26 01:22:03] ERRMEM: VERSIONINFO: PIVI_SW4110
[17.01.26 01:22:03] Platform: gen3
[17.01.26 01:22:03] Component: Storage
[17.01.26 01:22:03] ERROR: CORRUPT in Storage
[17.01.26 01:22:03] ERROR: MOUNT in Storage
[17.01.26 01:22:03] ERROR: MOUNT in Storage
[17.01.26 01:22:03] INFO: System running normally",File System Error,MEDIUM,PIVI_SW4110,gen3,True,True,32482,Storage
LOG_00596,"[19.01.26 01:22:03] ERRMEM: VERSIONINFO: PIVI_SW4100
[19.01.26 01:22:03] Platform: gen3
[19.01.26 01:22:03] Component: Kernel
[19.01.26 01:22:03] WARNING: Task execution time exceeded threshold
[19.01.26 01:22:03] ERROR: WATCHDOG_RESET triggered
[19.01.26 01:22:03] TRACE: System reset due to watchdog timeout
[19.01.26 01:22:03] INFO: Last task: Kernel_handler
[19.01.26 01:22:03] CRITICAL: System WDT
[19.01.26 01:22:03] INFO: Component initialized successfully",Watchdog Timeout,CRITICAL,PIVI_SW4100,gen3,False,False,11851,Power
LOG_00597,"[10.01.26 01:22:03] ERRMEM: VERSIONINFO: AIVI_SW5250
[10.01.26 01:22:03] Platform: gen4
[10.01.26 01:22:03] Component: Audio
[10.01.26 01:22:03] WARNING: High memory usage detected
[10.01.26 01:22:03] ERROR: Heap allocation failed in Audio
[10.01.26 01:22:03] TRACE: malloc returned NULL
[10.01.26 01:22:03] INFO: Available memory: 128 KB / 2048 KB
[10.01.26 01:22:03] ERROR: Memory leak suspected in navigation module
[10.01.26 01:22:03] TRACE: MALLOC - size: 4611 bytes
[10.01.26 01:22:03] INFO: System running normally
[10.01.26 01:22:03] INFO: Component initialized successfully
[10.01.26 01:22:03] DEBUG: Processing event queue",Memory Leak,HIGH,AIVI_SW5250,gen4,True,False,28707,Audio
LOG_00598,"[12.01.26 01:22:03] ERRMEM: VERSIONINFO: AIVI_SW5244
[12.01.26 01:22:03] Platform: gen3
[12.01.26 01:22:03] Component: Unknown
[12.01.26 01:22:03] ERROR: WARNING in Unknown
[12.01.26 01:22:03] ERROR: WARNING in Unknown
[12.01.26 01:22:03] ERROR: WARNING in Unknown
[12.01.26 01:22:03] ERROR: ISSUE in Unknown
[12.01.26 01:22:03] ERROR: ISSUE in Unknown
[12.01.26 01:22:03] INFO: System running normally
[12.01.26 01:22:03] INFO: Component initialized successfully
[12.01.26 01:22:03] DEBUG: Processing event queue",Unknown Issue,MEDIUM,AIVI_SW5244,gen3,True,False,31124,Unknown
LOG_00599,"[12.01.26 01:22:03] ERRMEM: VERSIONINFO: PIVI_SW4110
[12.01.26 01:22:03] Platform: gen4
[12.01.26 01:22:03] Component: System
[12.01.26 01:22:03] ERROR: OK in System
[12.01.26 01:22:03] ERROR: RUNNING in System
[12.01.26 01:22:03] ERROR: RUNNING in System
[12.01.26 01:22:03] ERROR: SUCCESS in System
[12.01.26 01:22:03] ERROR: RUNNING in System
[12.01.26 01:22:03] ERROR: SUCCESS in System
[12.01.26 01:22:03] INFO: System running normally",No Issue,LOW,PIVI_SW4110,gen4,False,False,25005,System
LOG_00600,"[23.12.25 01:22:03] ERRMEM: VERSIONINFO: PIVI_SW4100
[23.12.25 01:22:03] Platform: gen4
[23.12.25 01:22:03] Component: System
[23.12.25 01:22:03] WARNING: Task execution time exceeded threshold
[23.12.25 01:22:03] ERROR: WATCHDOG_RESET triggered
[23.12.25 01:22:03] TRACE: System reset due to watchdog timeout
[23.12.25 01:22:03] INFO: Last task: System_handler
[23.12.25 01:22:03] CRITICAL: System WDT
[23.12.25 01:22:03] INFO: Component initialized successfully
[23.12.25 01:22:03] DEBUG: Processing event queue",Watchdog Timeout,CRITICAL,PIVI_SW4100,gen4,False,False,12362,System
LOG_00601,"[08.01.26 01:22:03] ERRMEM: VERSIONINFO: AIVI_SW5250
[08.01.26 01:22:03] Platform: gen4
[08.01.26 01:22:03] Component: Network
[08.01.26 01:22:03] WARNING: CAN bus error detected
[08.01.26 01:22:03] ERROR: Frame transmission failed on CAN2
[08.01.26 01:22:03] TRACE: Bus-off state entered
[08.01.26 01:22:03] INFO: Error counter: 251
[08.01.26 01:22:03] ERROR: ARBITRATION on CAN interface
[08.01.26 01:22:03] DEBUG: Processing event queue
[08.01.26 01:22:03] INFO: System running normally",CAN Bus Error,MEDIUM,AIVI_SW5250,gen4,False,True,43264,Network
LOG_00602,"[25.12.25 01:22:03] ERRMEM: VERSIONINFO: AIVI_SW5244
[25.12.25 01:22:03] Platform: gen4
[25.12.25 01:22:03] Component: Network
[25.12.25 01:22:03] ERROR: SOCKET in Network
[25.12.25 01:22:03] ERROR: TCP in Network
[25.12.25 01:22:03] ERROR: TCP in Network
[25.12.25 01:22:03] ERROR: TCP in Network
[25.12.25 01:22:03] ERROR: NETWORK in Network
[25.12.25 01:22:03] ERROR: TIMEOUT in Network
[25.12.25 01:22:03] DEBUG: Processing event queue
[25.12.25 01:22:03] INFO: Component initialized successfully",Network Timeout,LOW,AIVI_SW5244,gen4,True,True,11805,Network
LOG_00603,"[25.12.25 01:22:03] ERRMEM: VERSIONINFO: PIVI_SW4100
[25.12.25 01:22:03] Platform: gen4
[25.12.25 01:22:03] Component: Navigation
[25.12.25 01:22:03] WARNING: High memory usage detected
[25.12.25 01:22:03] ERROR: Heap allocation failed in Navigation
[25.12.25 01:22:03] TRACE: malloc returned NULL
[25.12.25 01:22:03] INFO: Available memory: 128 KB / 2048 KB
[25.12.25 01:22:03] ERROR: Memory leak suspected in navigation module
[25.12.25 01:22:03] TRACE: ALLOCATION - size: 317 bytes
[25.12.25 01:22:03] INFO: Component initialized successfully
[25.12.25 01:22:03] DEBUG: Processing event queue
[25.12.25 01:22:03] INFO: System running normally",Memory Leak,HIGH,PIVI_SW4100,gen4,True,True,4120,Audio
LOG_00604,"[10.01.26 01:22:03] ERRMEM: VERSIONINFO: AIVI_SW5250
[10.01.26 01:22:03] Platform: gen3
[10.01.26 01:22:03] Component: Unknown
[10.01.26 01:22:03] ERROR: FAILED in Unknown
[10.01.26 01:22:03] ERROR: ISSUE in Unknown
[10.01.26 01:22:03] ERROR: FAILED in Unknown
[10.01.26 01:22:03] DEBUG: Processing event queue
[10.01.26 01:22:03] INFO: System running normally",Unknown Issue,MEDIUM,AIVI_SW5250,gen3,True,True,713,Unknown
LOG_00605,"[16.01.26 01:22:03] ERRMEM: VERSIONINFO: AIVI_SW5244
[16.01.26 01:22:03] Platform: gen4
[16.01.26 01:22:03] Component: Network
[16.01.26 01:22:03] ERROR: TCP in Network
[16.01.26 01:22:03] ERROR: TIMEOUT in Network
[16.01.26 01:22:03] ERROR: SOCKET in Network
[16.01.26 01:22:03] ERROR: NETWORK in Network
[16.01.26 01:22:03] INFO: Component initialized successfully
[16.01.26 01:22:03] DEBUG: Processing event queue
[16.01.26 01:22:03] INFO: System running normally",Network Timeout,LOW,AIVI_SW5244,gen4,True,False,21723,Communication
LOG_00606,"[20.01.26 01:22:03] ERRMEM: VERSIONINFO: AIVI_SW5244
[20.01.26 01:22:03] Platform: gen3
[20.01.26 01:22:03] Component: CAN
[20.01.26 01:22:03] WARNING: CAN bus error detected
[20.01.26 01:22:03] ERROR: Frame transmission failed on CAN2
[20.01.26 01:22:03] TRACE: Bus-off state entered
[20.01.26 01:22:03] INFO: Error counter: 47
[20.01.26 01:22:03] ERROR: CAN on CAN interface
[20.01.26 01:22:03] INFO: System running normally
[20.01.26 01:22:03] INFO: Component initialized successfully",CAN Bus Error,MEDIUM,AIVI_SW5244,gen3,False,True,34000,CAN
LOG_00607,"[04.01.26 01:22:03] ERRMEM: VERSIONINFO: PIVI_SW4100
[04.01.26 01:22:03] Platform: gen4
[04.01.26 01:22:03] Component: Unknown
[04.01.26 01:22:03] ERROR: ERROR in Unknown
[04.01.26 01:22:03] ERROR: ERROR in Unknown
[04.01.26 01:22:03] ERROR: ISSUE in Unknown
[04.01.26 01:22:03] ERROR: FAILED in Unknown
[04.01.26 01:22:03] ERROR: ERROR in Unknown
[04.01.26 01:22:03] ERROR: WARNING in Unknown
[04.01.26 01:22:03] INFO: System running normally
[04.01.26 01:22:03] DEBUG: Processing event queue
[04.01.26 01:22:03] INFO: Component initialized successfully",Unknown Issue,MEDIUM,PIVI_SW4100,gen4,True,False,24372,Unknown
LOG_00608,"[11.01.26 01:22:03] ERRMEM: VERSIONINFO: AIVI_SW5244
[11.01.26 01:22:03] Platform: gen3
[11.01.26 01:22:03] Component: Unknown
[11.01.26 01:22:03] ERROR: ERROR in Unknown
[11.01.26 01:22:03] ERROR: ISSUE in Unknown
[11.01.26 01:22:03] ERROR: ERROR in Unknown
[11.01.26 01:22:03] ERROR: ISSUE in Unknown
[11.01.26 01:22:03] ERROR: EXCEPTION in Unknown
[11.01.26 01:22:03] ERROR: EXCEPTION in Unknown
[11.01.26 01:22:03] INFO: Component initialized successfully",Unknown Issue,MEDIUM,AIVI_SW5244,gen3,True,False,28045,Unknown
LOG_00609,"[22.01.26 01:22:03] ERRMEM: VERSIONINFO: AIVI_SW5250
[22.01.26 01:22:03] Platform: gen3
[22.01.26 01:22:03] Component: Network
[22.01.26 01:22:03] WARNING: CAN bus error detected
[22.01.26 01:22:03] ERROR: Frame transmission failed on CAN2
[22.01.26 01:22:03] TRACE: Bus-off state entered
[22.01.26 01:22:03] INFO: Error counter: 18
[22.01.26 01:22:03] ERROR: ERROR on CAN interface
[22.01.26 01:22:03] DEBUG: Processing event queue",CAN Bus Error,MEDIUM,AIVI_SW5250,gen3,True,False,34443,Network
LOG_00610,"[27.12.25 01:22:03] ERRMEM: VERSIONINFO: AIVI_SW5244
[27.12.25 01:22:03] Platform: gen4
[27.12.25 01:22:03] Component: System
[27.12.25 01:22:03] WARNING: Task execution time exceeded threshold
[27.12.25 01:22:03] ERROR: WATCHDOG_RESET triggered
[27.12.25 01:22:03] TRACE: System reset due to watchdog timeout
[27.12.25 01:22:03] INFO: Last task: System_handler
[27.12.25 01:22:03] CRITICAL: System TIMEOUT
[27.12.25 01:22:03] DEBUG: Processing event queue
[27.12.25 01:22:03] INFO: System running normally",Watchdog Timeout,CRITICAL,AIVI_SW5244,gen4,False,True,49760,Kernel
LOG_00611,"[14.01.26 01:22:03] ERRMEM: VERSIONINFO: AIVI_SW5244
[14.01.26 01:22:03] Platform: gen3
[14.01.26 01:22:03] Component: Network
[14.01.26 01:22:03] WARNING: CAN bus error detected
[14.01.26 01:22:03] ERROR: Frame transmission failed on CAN2
[14.01.26 01:22:03] TRACE: Bus-off state entered
[14.01.26 01:22:03] INFO: Error counter: 34
[14.01.26 01:22:03] ERROR: ERROR on CAN interface
[14.01.26 01:22:03] INFO: Component initialized successfully
[14.01.26 01:22:03] INFO: System running normally",CAN Bus Error,MEDIUM,AIVI_SW5244,gen3,False,True,36215,Communication
LOG_00612,"[19.01.26 01:22:03] ERRMEM: VERSIONINFO: AIVI_SW5244
[19.01.26 01:22:03] Platform: gen4
[19.01.26 01:22:03] Component: Unknown
[19.01.26 01:22:03] ERROR: ISSUE in Unknown
[19.01.26 01:22:03] ERROR: EXCEPTION in Unknown
[19.01.26 01:22:03] ERROR: EXCEPTION in Unknown
[19.01.26 01:22:03] DEBUG: Processing event queue
[19.01.26 01:22:03] INFO: Component initialized successfully
[19.01.26 01:22:03] INFO: System running normally",Unknown Issue,MEDIUM,AIVI_SW5244,gen4,True,False,17958,Unknown
LOG_00613,"[11.01.26 01:22:03] ERRMEM: VERSIONINFO: AIVI_SW5250
[11.01.26 01:22:03] Platform: gen3
[11.01.26 01:22:03] Component: SW_SWUPDATE
[11.01.26 01:22:03] INFO: Starting software update
[11.01.26 01:22:03] WARNING: Update verification failed
[11.01.26 01:22:03] ERROR: Flash write error at block 523
[11.01.26 01:22:03] TRACE: Rolling back to previous version
[11.01.26 01:22:03] CRITICAL: Software UPDATE
[11.01.26 01:22:03] INFO: System running normally
[11.01.26 01:22:03] INFO: Component initialized successfully",SW Update Failure,HIGH,AIVI_SW5250,gen3,False,True,37191,System
LOG_00614,"[18.01.26 01:22:03] ERRMEM: VERSIONINFO: PIVI_SW4100
[18.01.26 01:22:03] Platform: gen4
[18.01.26 01:22:03] Component: System
[18.01.26 01:22:03] WARNING: Task execution time exceeded threshold
[18.01.26 01:22:03] ERROR: WATCHDOG_RESET triggered
[18.01.26 01:22:03] TRACE: System reset due to watchdog timeout
[18.01.26 01:22:03] INFO: Last task: System_handler
[18.01.26 01:22:03] CRITICAL: System RESET
[18.01.26 01:22:03] INFO: Component initialized successfully
[18.01.26 01:22:03] INFO: System running normally
[18.01.26 01:22:03] DEBUG: Processing event queue",Watchdog Timeout,CRITICAL,PIVI_SW4100,gen4,False,True,24688,System
LOG_00615,"[31.12.25 01:22:03] ERRMEM: VERSIONINFO: AIVI_SW5244
[31.12.25 01:22:03] Platform: gen4
[31.12.25 01:22:03] Component: Audio
[31.12.25 01:22:03] WARNING: High memory usage detected
[31.12.25 01:22:03] ERROR: Heap allocation failed in Audio
[31.12.25 01:22:03] TRACE: malloc returned NULL
[31.12.25 01:22:03] INFO: Available memory: 128 KB / 2048 KB
[31.12.25 01:22:03] ERROR: Memory leak suspected in navigation module
[31.12.25 01:22:03] TRACE: MALLOC - size: 3149 bytes
[31.12.25 01:22:03] DEBUG: Processing event queue
[31.12.25 01:22:03] INFO: Component initialized successfully",Memory Leak,HIGH,AIVI_SW5244,gen4,False,True,24701,Audio
LOG_00616,"[18.01.26 01:22:03] ERRMEM: VERSIONINFO: PIVI_SW4110
[18.01.26 01:22:03] Platform: gen4
[18.01.26 01:22:03] Component: CAN
[18.01.26 01:22:03] WARNING: CAN bus error detected
[18.01.26 01:22:03] ERROR: Frame transmission failed on CAN2
[18.01.26 01:22:03] TRACE: Bus-off state entered
[18.01.26 01:22:03] INFO: Error counter: 218
[18.01.26 01:22:03] ERROR: COMMUNICATION on CAN interface
[18.01.26 01:22:03] INFO: System running normally
[18.01.26 01:22:03] INFO: Component initialized successfully
[18.01.26 01:22:03] DEBUG: Processing event queue",CAN Bus Error,MEDIUM,PIVI_SW4110,gen4,True,True,29226,Communication
LOG_00617,"[29.12.25 01:22:03] ERRMEM: VERSIONINFO: PIVI_SW4110
[29.12.25 01:22:03] Platform: gen3
[29.12.25 01:22:03] Component: Power
[29.12.25 01:22:03] WARNING: Task execution time exceeded threshold
[29.12.25 01:22:03] ERROR: WATCHDOG_RESET triggered
[29.12.25 01:22:03] TRACE: System reset due to watchdog timeout
[29.12.25 01:22:03] INFO: Last task: Power_handler
[29.12.25 01:22:03] CRITICAL: System HANG
[29.12.25 01:22:03] DEBUG: Processing event queue
[29.12.25 01:22:03] INFO: System running normally
[29.12.25 01:22:03] INFO: Component initialized successfully",Watchdog Timeout,CRITICAL,PIVI_SW4110,gen3,True,False,37997,System
LOG_00618,"[03.01.26 01:22:03] ERRMEM: VERSIONINFO: AIVI_SW5244
[03.01.26 01:22:03] Platform: gen4
[03.01.26 01:22:03] Component: System
[03.01.26 01:22:03] ERROR: NORMAL in System
[03.01.26 01:22:03] ERROR: SUCCESS in System
[03.01.26 01:22:03] ERROR: NORMAL in System
[03.01.26 01:22:03] INFO: Component initialized successfully",No Issue,LOW,AIVI_SW5244,gen4,True,True,29701,System
LOG_00619,"[02.01.26 01:22:03] ERRMEM: VERSIONINFO: AIVI_SW5250
[02.01.26 01:22:03] Platform: gen3
[02.01.26 01:22:03] Component: Kernel
[02.01.26 01:22:03] WARNING: Task execution time exceeded threshold
[02.01.26 01:22:03] ERROR: WATCHDOG_RESET triggered
[02.01.26 01:22:03] TRACE: System reset due to watchdog timeout
[02.01.26 01:22:03] INFO: Last task: Kernel_handler
[02.01.26 01:22:03] CRITICAL: System HANG
[02.01.26 01:22:03] INFO: Component initialized successfully
[02.01.26 01:22:03] INFO: System running normally
[02.01.26 01:22:03] DEBUG: Processing event queue",Watchdog Timeout,CRITICAL,AIVI_SW5250,gen3,False,False,12355,Power
LOG_00620,"[13.01.26 01:22:03] ERRMEM: VERSIONINFO: AIVI_SW5244
[13.01.26 01:22:03] Platform: gen3
[13.01.26 01:22:03] Component: Unknown
[13.01.26 01:22:03] ERROR: EXCEPTION in Unknown
[13.01.26 01:22:03] ERROR: EXCEPTION in Unknown
[13.01.26 01:22:03] ERROR: FAILED in Unknown
[13.01.26 01:22:03] DEBUG: Processing event queue
[13.01.26 01:22:03] INFO: System running normally
[13.01.26 01:22:03] INFO: Component initialized successfully",Unknown Issue,MEDIUM,AIVI_SW5244,gen3,True,False,20192,Unknown
LOG_00621,"[02.01.26 01:22:03] ERRMEM: VERSIONINFO: AIVI_SW5250
[02.01.26 01:22:03] Platform: gen3
[02.01.26 01:22:03] Component: Unknown
[02.01.26 01:22:03] ERROR: EXCEPTION in Unknown
[02.01.26 01:22:03] ERROR: FAILED in Unknown
[02.01.26 01:22:03] ERROR: ERROR in Unknown
[02.01.26 01:22:03] ERROR: FAILED in Unknown
[02.01.26 01:22:03] ERROR: ISSUE in Unknown
[02.01.26 01:22:03] ERROR: ERROR in Unknown
[02.01.26 01:22:03] INFO: Component initialized successfully
[02.01.26 01:22:03] DEBUG: Processing event queue",Unknown Issue,MEDIUM,AIVI_SW5250,gen3,False,False,12936,Unknown
LOG_00622,"[21.01.26 01:22:03] ERRMEM: VERSIONINFO: AIVI_SW5250
[21.01.26 01:22:03] Platform: gen4
[21.01.26 01:22:03] Component: Communication
[21.01.26 01:22:03] ERROR: CONNECTION in Communication
[21.01.26 01:22:03] ERROR: TIMEOUT in Communication
[21.01.26 01:22:03] ERROR: CONNECTION in Communication
[21.01.26 01:22:03] ERROR: REFUSED in Communication
[21.01.26 01:22:03] ERROR: SOCKET in Communication
[21.01.26 01:22:03] ERROR: SOCKET in Communication
[21.01.26 01:22:03] INFO: Component initialized successfully",Network Timeout,LOW,AIVI_SW5250,gen4,True,False,49209,Network
LOG_00623,"[02.01.26 01:22:03] ERRMEM: VERSIONINFO: AIVI_SW5250
[02.01.26 01:22:03] Platform: gen4
[02.01.26 01:22:03] Component: Navigation
[02.01.26 01:22:03] WARNING: High memory usage detected
[02.01.26 01:22:03] ERROR: Heap allocation failed in Navigation
[02.01.26 01:22:03] TRACE: malloc returned NULL
[02.01.26 01:22:03] INFO: Available memory: 128 KB / 2048 KB
[02.01.26 01:22:03] ERROR: Memory leak suspected in navigation module
[02.01.26 01:22:03] TRACE: FREE - size: 4046 bytes
[02.01.26 01:22:03] INFO: System running normally",Memory Leak,HIGH,AIVI_SW5250,gen4,False,True,15203,Audio
LOG_00624,"[16.01.26 01:22:03] ERRMEM: VERSIONINFO: AIVI_SW5250
[16.01.26 01:22:03] Platform: gen4
[16.01.26 01:22:03] Component: System
[16.01.26 01:22:03] ERROR: SUCCESS in System
[16.01.26 01:22:03] ERROR: SUCCESS in System
[16.01.26 01:22:03] ERROR: COMPLETED in System
[16.01.26 01:22:03] INFO: Component initialized successfully
[16.01.26 01:22:03] DEBUG: Processing event queue
[16.01.26 01:22:03] INFO: System running normally",No Issue,LOW,AIVI_SW5250,gen4,True,False,11089,System
LOG_00625,"[01.01.26 01:22:03] ERRMEM: VERSIONINFO: PIVI_SW4100
[01.01.26 01:22:03] Platform: gen4
[01.01.26 01:22:03] Component: Unknown
[01.01.26 01:22:03] ERROR: EXCEPTION in Unknown
[01.01.26 01:22:03] ERROR: ERROR in Unknown
[01.01.26 01:22:03] ERROR: WARNING in Unknown
[01.01.26 01:22:03] ERROR: WARNING in Unknown
[01.01.26 01:22:03] ERROR: WARNING in Unknown
[01.01.26 01:22:03] ERROR: WARNING in Unknown
[01.01.26 01:22:03] INFO: Component initialized successfully
[01.01.26 01:22:03] INFO: System running normally
[01.01.26 01:22:03] DEBUG: Processing event queue",Unknown Issue,MEDIUM,PIVI_SW4100,gen4,True,True,31748,Unknown
LOG_00626,"[23.12.25 01:22:03] ERRMEM: VERSIONINFO: AIVI_SW5244
[23.12.25 01:22:03] Platform: gen3
[23.12.25 01:22:03] Component: Unknown
[23.12.25 01:22:03] ERROR: FAILED in Unknown
[23.12.25 01:22:03] ERROR: EXCEPTION in Unknown
[23.12.25 01:22:03] ERROR: EXCEPTION in Unknown
[23.12.25 01:22:03] INFO: System running normally
[23.12.25 01:22:03] DEBUG: Processing event queue
[23.12.25 01:22:03] INFO: Component initialized successfully",Unknown Issue,MEDIUM,AIVI_SW5244,gen3,True,True,38260,Unknown
LOG_00627,"[18.01.26 01:22:03] ERRMEM: VERSIONINFO: PIVI_SW4110
[18.01.26 01:22:03] Platform: gen3
[18.01.26 01:22:03] Component: Kernel
[18.01.26 01:22:03] CRITICAL: Kernel panic detected
[18.01.26 01:22:03] ERROR: Unable to handle kernel NULL pointer dereference
[18.01.26 01:22:03] TRACE: Exception at address 0x17D9
[18.01.26 01:22:03] ERROR: CPU 3 FAULT
[18.01.26 01:22:03] CRITICAL: System halted
[18.01.26 01:22:03] DEBUG: Processing event queue",Kernel Panic,CRITICAL,PIVI_SW4110,gen3,False,True,42860,System
LOG_00628,"[01.01.26 01:22:03] ERRMEM: VERSIONINFO: PIVI_SW4110
[01.01.26 01:22:03] Platform: gen4
[01.01.26 01:22:03] Component: Unknown
[01.01.26 01:22:03] ERROR: EXCEPTION in Unknown
[01.01.26 01:22:03] ERROR: WARNING in Unknown
[01.01.26 01:22:03] ERROR: FAILED in Unknown
[01.01.26 01:22:03] INFO: System running normally
[01.01.26 01:22:03] DEBUG: Processing event queue
[01.01.26 01:22:03] INFO: Component initialized successfully",Unknown Issue,MEDIUM,PIVI_SW4110,gen4,False,True,16001,Unknown
LOG_00629,"[31.12.25 01:22:03] ERRMEM: VERSIONINFO: AIVI_SW5250
[31.12.25 01:22:03] Platform: gen4
[31.12.25 01:22:03] Component: System
[31.12.25 01:22:03] CRITICAL: Kernel panic detected
[31.12.25 01:22:03] ERROR: Unable to handle kernel NULL pointer dereference
[31.12.25 01:22:03] TRACE: Exception at address 0x0F80
[31.12.25 01:22:03] ERROR: CPU 1 EXCEPTION
[31.12.25 01:22:03] CRITICAL: System halted
[31.12.25 01:22:03] INFO: System running normally
[31.12.25 01:22:03] INFO: Component initialized successfully
[31.12.25 01:22:03] DEBUG: Processing event queue",Kernel Panic,CRITICAL,AIVI_SW5250,gen4,True,False,16629,Kernel
LOG_00630,"[16.01.26 01:22:03] ERRMEM: VERSIONINFO: PIVI_SW4100
[16.01.26 01:22:03] Platform: gen3
[16.01.26 01:22:03] Component: System
[16.01.26 01:22:03] WARNING: Task execution time exceeded threshold
[16.01.26 01:22:03] ERROR: WATCHDOG_RESET triggered
[16.01.26 01:22:03] TRACE: System reset due to watchdog timeout
[16.01.26 01:22:03] INFO: Last task: System_handler
[16.01.26 01:22:03] CRITICAL: System RESET
[16.01.26 01:22:03] DEBUG: Processing event queue",Watchdog Timeout,CRITICAL,PIVI_SW4100,gen3,True,False,39301,Power
LOG_00631,"[26.12.25 01:22:03] ERRMEM: VERSIONINFO: PIVI_SW4100
[26.12.25 01:22:03] Platform: gen3
[26.12.25 01:22:03] Component: System
[26.12.25 01:22:03] CRITICAL: Kernel panic detected
[26.12.25 01:22:03] ERROR: Unable to handle kernel NULL pointer dereference
[26.12.25 01:22:03] TRACE: Exception at address 0x2574
[26.12.25 01:22:03] ERROR: CPU 1 EXCEPTION
[26.12.25 01:22:03] CRITICAL: System halted
[26.12.25 01:22:03] INFO: Component initialized successfully
[26.12.25 01:22:03] INFO: System running normally",Kernel Panic,CRITICAL,PIVI_SW4100,gen3,True,True,37490,Kernel
LOG_00632,"[12.01.26 01:22:03] ERRMEM: VERSIONINFO: PIVI_SW4110
[12.01.26 01:22:03] Platform: gen4
[12.01.26 01:22:03] Component: System
[12.01.26 01:22:03] ERROR: SUCCESS in System
[12.01.26 01:22:03] ERROR: OK in System
[12.01.26 01:22:03] ERROR: NORMAL in System
[12.01.26 01:22:03] ERROR: NORMAL in System
[12.01.26 01:22:03] ERROR: SUCCESS in System
[12.01.26 01:22:03] DEBUG: Processing event queue
[12.01.26 01:22:03] INFO: Component initialized successfully
[12.01.26 01:22:03] INFO: System running normally",No Issue,LOW,PIVI_SW4110,gen4,False,True,13407,System
LOG_00633,"[31.12.25 01:22:03] ERRMEM: VERSIONINFO: AIVI_SW5250
[31.12.25 01:22:03] Platform: gen3
[31.12.25 01:22:03] Component: Multimedia
[31.12.25 01:22:03] WARNING: High memory usage detected
[31.12.25 01:22:03] ERROR: Heap allocation failed in Multimedia
[31.12.25 01:22:03] TRACE: malloc returned NULL
[31.12.25 01:22:03] INFO: Available memory: 128 KB / 2048 KB
[31.12.25 01:22:03] ERROR: Memory leak suspected in navigation module
[31.12.25 01:22:03] TRACE: MEMORY - size: 4256 bytes
[31.12.25 01:22:03] DEBUG: Processing event queue
[31.12.25 01:22:03] INFO: Component initialized successfully",Memory Leak,HIGH,AIVI_SW5250,gen3,False,True,20201,Audio
LOG_00634,"[08.01.26 01:22:03] ERRMEM: VERSIONINFO: PIVI_SW4110
[08.01.26 01:22:03] Platform: gen4
[08.01.26 01:22:03] Component: Kernel
[08.01.26 01:22:03] WARNING: Task execution time exceeded threshold
[08.01.26 01:22:03] ERROR: WATCHDOG_RESET triggered
[08.01.26 01:22:03] TRACE: System reset due to watchdog timeout
[08.01.26 01:22:03] INFO: Last task: Kernel_handler
[08.01.26 01:22:03] CRITICAL: System WDT
[08.01.26 01:22:03] INFO: System running normally",Watchdog Timeout,CRITICAL,PIVI_SW4110,gen4,True,True,13513,Kernel
LOG_00635,"[06.01.26 01:22:03] ERRMEM: VERSIONINFO: AIVI_SW5244
[06.01.26 01:22:03] Platform: gen3
[06.01.26 01:22:03] Component: Hardware
[06.01.26 01:22:03] ERROR: GPIO in Hardware
[06.01.26 01:22:03] ERROR: HARDWARE in Hardware
[06.01.26 01:22:03] ERROR: SENSOR in Hardware
[06.01.26 01:22:03] ERROR: SPI in Hardware
[06.01.26 01:22:03] ERROR: GPIO in Hardware
[06.01.26 01:22:03] DEBUG: Processing event queue
[06.01.26 01:22:03] INFO: System running normally",Hardware Fault,HIGH,AIVI_SW5244,gen3,True,True,28557,Hardware
LOG_00636,"[31.12.25 01:22:03] ERRMEM: VERSIONINFO: PIVI_SW4110
[31.12.25 01:22:03] Platform: gen4
[31.12.25 01:22:03] Component: System
[31.12.25 01:22:03] WARNING: Task execution time exceeded threshold
[31.12.25 01:22:03] ERROR: WATCHDOG_RESET triggered
[31.12.25 01:22:03] TRACE: System reset due to watchdog timeout
[31.12.25 01:22:03] INFO: Last task: System_handler
[31.12.25 01:22:03] CRITICAL: System DEADLOCK
[31.12.25 01:22:03] DEBUG: Processing event queue
[31.12.25 01:22:03] INFO: Component initialized successfully
[31.12.25 01:22:03] INFO: System running normally",Watchdog Timeout,CRITICAL,PIVI_SW4110,gen4,False,False,47926,Kernel
LOG_00637,"[11.01.26 01:22:03] ERRMEM: VERSIONINFO: AIVI_SW5244
[11.01.26 01:22:03] Platform: gen3
[11.01.26 01:22:03] Component: Power
[11.01.26 01:22:03] WARNING: Task execution time exceeded threshold
[11.01.26 01:22:03] ERROR: WATCHDOG_RESET triggered
[11.01.26 01:22:03] TRACE: System reset due to watchdog timeout
[11.01.26 01:22:03] INFO: Last task: Power_handler
[11.01.26 01:22:03] CRITICAL: System DEADLOCK
[11.01.26 01:22:03] DEBUG: Processing event queue",Watchdog Timeout,CRITICAL,AIVI_SW5244,gen3,False,True,1468,System
LOG_00638,"[25.12.25 01:22:03] ERRMEM: VERSIONINFO: PIVI_SW4100
[25.12.25 01:22:03] Platform: gen4
[25.12.25 01:22:03] Component: Navigation
[25.12.25 01:22:03] WARNING: High memory usage detected
[25.12.25 01:22:03] ERROR: Heap allocation failed in Navigation
[25.12.25 01:22:03] TRACE: malloc returned NULL
[25.12.25 01:22:03] INFO: Available memory: 128 KB / 2048 KB
[25.12.25 01:22:03] ERROR: Memory leak suspected in navigation module
[25.12.25 01:22:03] TRACE: FREE - size: 1784 bytes
[25.12.25 01:22:03] INFO: Component initialized successfully
[25.12.25 01:22:03] INFO: System running normally
[25.12.25 01:22:03] DEBUG: Processing event queue",Memory Leak,HIGH,PIVI_SW4100,gen4,True,False,31971,Audio
LOG_00639,"[02.01.26 01:22:03] ERRMEM: VERSIONINFO: PIVI_SW4100
[02.01.26 01:22:03] Platform: gen4
[02.01.26 01:22:03] Component: SW_SWUPDATE
[02.01.26 01:22:03] INFO: Starting software update
[02.01.26 01:22:03] WARNING: Update verification failed
[02.01.26 01:22:03] ERROR: Flash write error at block 233
[02.01.26 01:22:03] TRACE: Rolling back to previous version
[02.01.26 01:22:03] CRITICAL: Software UPDATE
[02.01.26 01:22:03] INFO: System running normally
[02.01.26 01:22:03] INFO: Component initialized successfully
[02.01.26 01:22:03] DEBUG: Processing event queue",SW Update Failure,HIGH,PIVI_SW4100,gen4,False,False,11287,System
LOG_00640,"[03.01.26 01:22:03] ERRMEM: VERSIONINFO: PIVI_SW4100
[03.01.26 01:22:03] Platform: gen4
[03.01.26 01:22:03] Component: System
[03.01.26 01:22:03] ERROR: SUCCESS in System
[03.01.26 01:22:03] ERROR: RUNNING in System
[03.01.26 01:22:03] ERROR: COMPLETED in System
[03.01.26 01:22:03] DEBUG: Processing event queue
[03.01.26 01:22:03] INFO: System running normally",No Issue,LOW,PIVI_SW4100,gen4,True,True,11757,System
LOG_00641,"[26.12.25 01:22:03] ERRMEM: VERSIONINFO: AIVI_SW5250
[26.12.25 01:22:03] Platform: gen3
[26.12.25 01:22:03] Component: System
[26.12.25 01:22:03] ERROR: SUCCESS in System
[26.12.25 01:22:03] ERROR: NORMAL in System
[26.12.25 01:22:03] ERROR: RUNNING in System
[26.12.25 01:22:03] INFO: Component initialized successfully
[26.12.25 01:22:03] DEBUG: Processing event queue",No Issue,LOW,AIVI_SW5250,gen3,False,True,2452,System
LOG_00642,"[13.01.26 01:22:03] ERRMEM: VERSIONINFO: PIVI_SW4100
[13.01.26 01:22:03] Platform: gen4
[13.01.26 01:22:03] Component: Storage
[13.01.26 01:22:03] ERROR: MOUNT in Storage
[13.01.26 01:22:03] ERROR: INODE in Storage
[13.01.26 01:22:03] ERROR: FILESYSTEM in Storage
[13.01.26 01:22:03] ERROR: FILESYSTEM in Storage
[13.01.26 01:22:03] INFO: Component initialized successfully
[13.01.26 01:22:03] INFO: System running normally
[13.01.26 01:22:03] DEBUG: Processing event queue",File System Error,MEDIUM,PIVI_SW4100,gen4,True,True,31605,Storage
LOG_00643,"[19.01.26 01:22:03] ERRMEM: VERSIONINFO: PIVI_SW4110
[19.01.26 01:22:03] Platform: gen3
[19.01.26 01:22:03] Component: Audio
[19.01.26 01:22:03] WARNING: High memory usage detected
[19.01.26 01:22:03] ERROR: Heap allocation failed in Audio
[19.01.26 01:22:03] TRACE: malloc returned NULL
[19.01.26 01:22:03] INFO: Available memory: 128 KB / 2048 KB
[19.01.26 01:22:03] ERROR: Memory leak suspected in navigation module
[19.01.26 01:22:03] TRACE: MALLOC - size: 1649 bytes
[19.01.26 01:22:03] INFO: System running normally
[19.01.26 01:22:03] INFO: Component initialized successfully",Memory Leak,HIGH,PIVI_SW4110,gen3,False,False,33737,Navigation
LOG_00644,"[05.01.26 01:22:03] ERRMEM: VERSIONINFO: AIVI_SW5244
[05.01.26 01:22:03] Platform: gen3
[05.01.26 01:22:03] Component: Kernel
[05.01.26 01:22:03] WARNING: Task execution time exceeded threshold
[05.01.26 01:22:03] ERROR: WATCHDOG_RESET triggered
[05.01.26 01:22:03] TRACE: System reset due to watchdog timeout
[05.01.26 01:22:03] INFO: Last task: Kernel_handler
[05.01.26 01:22:03] CRITICAL: System TIMEOUT
[05.01.26 01:22:03] INFO: Component initialized successfully
[05.01.26 01:22:03] DEBUG: Processing event queue",Watchdog Timeout,CRITICAL,AIVI_SW5244,gen3,True,False,41715,System
LOG_00645,"[06.01.26 01:22:03] ERRMEM: VERSIONINFO: AIVI_SW5250
[06.01.26 01:22:03] Platform: gen4
[06.01.26 01:22:03] Component: CAN
[06.01.26 01:22:03] WARNING: CAN bus error detected
[06.01.26 01:22:03] ERROR: Frame transmission failed on CAN2
[06.01.26 01:22:03] TRACE: Bus-off state entered
[06.01.26 01:22:03] INFO: Error counter: 18
[06.01.26 01:22:03] ERROR: CAN on CAN interface
[06.01.26 01:22:03] INFO: System running normally
[06.01.26 01:22:03] INFO: Component initialized successfully",CAN Bus Error,MEDIUM,AIVI_SW5250,gen4,False,False,22233,CAN
LOG_00646,"[03.01.26 01:22:03] ERRMEM: VERSIONINFO: PIVI_SW4100
[03.01.26 01:22:03] Platform: gen3
[03.01.26 01:22:03] Component: Kernel
[03.01.26 01:22:03] WARNING: Task execution time exceeded threshold
[03.01.26 01:22:03] ERROR: WATCHDOG_RESET triggered
[03.01.26 01:22:03] TRACE: System reset due to watchdog timeout
[03.01.26 01:22:03] INFO: Last task: Kernel_handler
[03.01.26 01:22:03] CRITICAL: System WDT
[03.01.26 01:22:03] INFO: Component initialized successfully",Watchdog Timeout,CRITICAL,PIVI_SW4100,gen3,True,False,2463,Power
LOG_00647,"[28.12.25 01:22:03] ERRMEM: VERSIONINFO: AIVI_SW5250
[28.12.25 01:22:03] Platform: gen4
[28.12.25 01:22:03] Component: System
[28.12.25 01:22:03] ERROR: NORMAL in System
[28.12.25 01:22:03] ERROR: NORMAL in System
[28.12.25 01:22:03] ERROR: SUCCESS in System
[28.12.25 01:22:03] ERROR: OK in System
[28.12.25 01:22:03] ERROR: OK in System
[28.12.25 01:22:03] ERROR: NORMAL in System
[28.12.25 01:22:03] INFO: System running normally
[28.12.25 01:22:03] INFO: Component initialized successfully
[28.12.25 01:22:03] DEBUG: Processing event queue",No Issue,LOW,AIVI_SW5250,gen4,False,False,47507,System
LOG_00648,"[15.01.26 01:22:03] ERRMEM: VERSIONINFO: AIVI_SW5244
[15.01.26 01:22:03] Platform: gen4
[15.01.26 01:22:03] Component: Unknown
[15.01.26 01:22:03] ERROR: FAILED in Unknown
[15.01.26 01:22:03] ERROR: EXCEPTION in Unknown
[15.01.26 01:22:03] ERROR: ERROR in Unknown
[15.01.26 01:22:03] ERROR: ERROR in Unknown
[15.01.26 01:22:03] ERROR: EXCEPTION in Unknown
[15.01.26 01:22:03] INFO: Component initialized successfully",Unknown Issue,MEDIUM,AIVI_SW5244,gen4,True,False,34767,Unknown
LOG_00649,"[21.01.26 01:22:03] ERRMEM: VERSIONINFO: PIVI_SW4110
[21.01.26 01:22:03] Platform: gen3
[21.01.26 01:22:03] Component: Network
[21.01.26 01:22:03] ERROR: TIMEOUT in Network
[21.01.26 01:22:03] ERROR: REFUSED in Network
[21.01.26 01:22:03] ERROR: SOCKET in Network
[21.01.26 01:22:03] ERROR: TCP in Network
[21.01.26 01:22:03] ERROR: NETWORK in Network
[21.01.26 01:22:03] DEBUG: Processing event queue",Network Timeout,LOW,PIVI_SW4110,gen3,True,True,3437,Network
LOG_00650,"[14.01.26 01:22:03] ERRMEM: VERSIONINFO: PIVI_SW4100
[14.01.26 01:22:03] Platform: gen4
[14.01.26 01:22:03] Component: Network
[14.01.26 01:22:03] ERROR: NETWORK in Network
[14.01.26 01:22:03] ERROR: SOCKET in Network
[14.01.26 01:22:03] ERROR: CONNECTION in Network
[14.01.26 01:22:03] ERROR: TIMEOUT in Network
[14.01.26 01:22:03] ERROR: TCP in Network
[14.01.26 01:22:03] DEBUG: Processing event queue
[14.01.26 01:22:03] INFO: System running normally",Network Timeout,LOW,PIVI_SW4100,gen4,True,False,6809,Network
LOG_00651,"[03.01.26 01:22:03] ERRMEM: VERSIONINFO: AIVI_SW5244
[03.01.26 01:22:03] Platform: gen3
[03.01.26 01:22:03] Component: System
[03.01.26 01:22:03] ERROR: SUCCESS in System
[03.01.26 01:22:03] ERROR: NORMAL in System
[03.01.26 01:22:03] ERROR: RUNNING in System
[03.01.26 01:22:03] INFO: Component initialized successfully",No Issue,LOW,AIVI_SW5244,gen3,True,True,6968,System
LOG_00652,"[30.12.25 01:22:03] ERRMEM: VERSIONINFO: PIVI_SW4110
[30.12.25 01:22:03] Platform: gen4
[30.12.25 01:22:03] Component: System
[30.12.25 01:22:03] INFO: Starting software update
[30.12.25 01:22:03] WARNING: Update verification failed
[30.12.25 01:22:03] ERROR: Flash write error at block 352
[30.12.25 01:22:03] TRACE: Rolling back to previous version
[30.12.25 01:22:03] CRITICAL: Software UPDATE
[30.12.25 01:22:03] INFO: Component initialized successfully
[30.12.25 01:22:03] DEBUG: Processing event queue
[30.12.25 01:22:03] INFO: System running normally",SW Update Failure,HIGH,PIVI_SW4110,gen4,True,True,21724,SW_SWUPDATE
LOG_00653,"[03.01.26 01:22:03] ERRMEM: VERSIONINFO: PIVI_SW4110
[03.01.26 01:22:03] Platform: gen3
[03.01.26 01:22:03] Component: Unknown
[03.01.26 01:22:03] ERROR: WARNING in Unknown
[03.01.26 01:22:03] ERROR: FAILED in Unknown
[03.01.26 01:22:03] ERROR: ERROR in Unknown
[03.01.26 01:22:03] ERROR: EXCEPTION in Unknown
[03.01.26 01:22:03] INFO: Component initialized successfully
[03.01.26 01:22:03] DEBUG: Processing event queue",Unknown Issue,MEDIUM,PIVI_SW4110,gen3,False,False,40938,Unknown
LOG_00654,"[21.01.26 01:22:03] ERRMEM: VERSIONINFO: PIVI_SW4100
[21.01.26 01:22:03] Platform: gen4
[21.01.26 01:22:03] Component: Kernel
[21.01.26 01:22:03] CRITICAL: Kernel panic detected
[21.01.26 01:22:03] ERROR: Unable to handle kernel NULL pointer dereference
[21.01.26 01:22:03] TRACE: Exception at address 0x1762
[21.01.26 01:22:03] ERROR: CPU 2 EXCEPTION
[21.01.26 01:22:03] CRITICAL: System halted
[21.01.26 01:22:03] INFO: System running normally
[21.01.26 01:22:03] DEBUG: Processing event queue
[21.01.26 01:22:03] INFO: Component initialized successfully",Kernel Panic,CRITICAL,PIVI_SW4100,gen4,True,False,24350,Kernel
LOG_00655,"[18.01.26 01:22:03] ERRMEM: VERSIONINFO: PIVI_SW4100
[18.01.26 01:22:03] Platform: gen4
[18.01.26 01:22:03] Component: Unknown
[18.01.26 01:22:03] ERROR: ERROR in Unknown
[18.01.26 01:22:03] ERROR: ERROR in Unknown
[18.01.26 01:22:03] ERROR: FAILED in Unknown
[18.01.26 01:22:03] ERROR: EXCEPTION in Unknown
[18.01.26 01:22:03] INFO: Component initialized successfully
[18.01.26 01:22:03] DEBUG: Processing event queue
[18.01.26 01:22:03] INFO: System running normally",Unknown Issue,MEDIUM,PIVI_SW4100,gen4,False,True,21167,Unknown
LOG_00656,"[25.12.25 01:22:03] ERRMEM: VERSIONINFO: PIVI_SW4100
[25.12.25 01:22:03] Platform: gen4
[25.12.25 01:22:03] Component: CAN
[25.12.25 01:22:03] WARNING: CAN bus error detected
[25.12.25 01:22:03] ERROR: Frame transmission failed on CAN2
[25.12.25 01:22:03] TRACE: Bus-off state entered
[25.12.25 01:22:03] INFO: Error counter: 112
[25.12.25 01:22:03] ERROR: CAN on CAN interface
[25.12.25 01:22:03] DEBUG: Processing event queue",CAN Bus Error,MEDIUM,PIVI_SW4100,gen4,True,True,38696,CAN
LOG_00657,"[09.01.26 01:22:03] ERRMEM: VERSIONINFO: PIVI_SW4100
[09.01.26 01:22:03] Platform: gen4
[09.01.26 01:22:03] Component: System
[09.01.26 01:22:03] WARNING: Task execution time exceeded threshold
[09.01.26 01:22:03] ERROR: WATCHDOG_RESET triggered
[09.01.26 01:22:03] TRACE: System reset due to watchdog timeout
[09.01.26 01:22:03] INFO: Last task: System_handler
[09.01.26 01:22:03] CRITICAL: System RESET
[09.01.26 01:22:03] INFO: Component initialized successfully
[09.01.26 01:22:03] DEBUG: Processing event queue",Watchdog Timeout,CRITICAL,PIVI_SW4100,gen4,False,False,45385,Kernel
LOG_00658,"[30.12.25 01:22:03] ERRMEM: VERSIONINFO: AIVI_SW5250
[30.12.25 01:22:03] Platform: gen4
[30.12.25 01:22:03] Component: Kernel
[30.12.25 01:22:03] CRITICAL: Kernel panic detected
[30.12.25 01:22:03] ERROR: Unable to handle kernel NULL pointer dereference
[30.12.25 01:22:03] TRACE: Exception at address 0x0418
[30.12.25 01:22:03] ERROR: CPU 3 KERNEL
[30.12.25 01:22:03] CRITICAL: System halted
[30.12.25 01:22:03] DEBUG: Processing event queue",Kernel Panic,CRITICAL,AIVI_SW5250,gen4,True,False,6717,Kernel
LOG_00659,"[28.12.25 01:22:03] ERRMEM: VERSIONINFO: PIVI_SW4100
[28.12.25 01:22:03] Platform: gen4
[28.12.25 01:22:03] Component: Unknown
[28.12.25 01:22:03] ERROR: EXCEPTION in Unknown
[28.12.25 01:22:03] ERROR: ISSUE in Unknown
[28.12.25 01:22:03] ERROR: EXCEPTION in Unknown
[28.12.25 01:22:03] DEBUG: Processing event queue
[28.12.25 01:22:03] INFO: Component initialized successfully",Unknown Issue,MEDIUM,PIVI_SW4100,gen4,True,True,29206,Unknown
LOG_00660,"[22.01.26 01:22:03] ERRMEM: VERSIONINFO: PIVI_SW4110
[22.01.26 01:22:03] Platform: gen4
[22.01.26 01:22:03] Component: Storage
[22.01.26 01:22:03] ERROR: FILESYSTEM in Storage
[22.01.26 01:22:03] ERROR: FILESYSTEM in Storage
[22.01.26 01:22:03] ERROR: READ in Storage
[22.01.26 01:22:03] ERROR: READ in Storage
[22.01.26 01:22:03] ERROR: CORRUPT in Storage
[22.01.26 01:22:03] ERROR: MOUNT in Storage
[22.01.26 01:22:03] INFO: System running normally",File System Error,MEDIUM,PIVI_SW4110,gen4,True,True,46988,Storage
LOG_00661,"[31.12.25 01:22:03] ERRMEM: VERSIONINFO: AIVI_SW5244
[31.12.25 01:22:03] Platform: gen3
[31.12.25 01:22:03] Component: System
[31.12.25 01:22:03] ERROR: NORMAL in System
[31.12.25 01:22:03] ERROR: SUCCESS in System
[31.12.25 01:22:03] ERROR: OK in System
[31.12.25 01:22:03] ERROR: SUCCESS in System
[31.12.25 01:22:03] INFO: Component initialized successfully
[31.12.25 01:22:03] INFO: System running normally",No Issue,LOW,AIVI_SW5244,gen3,False,False,46061,System
LOG_00662,"[17.01.26 01:22:03] ERRMEM: VERSIONINFO: AIVI_SW5250
[17.01.26 01:22:03] Platform: gen3
[17.01.26 01:22:03] Component: Kernel
[17.01.26 01:22:03] WARNING: Task execution time exceeded threshold
[17.01.26 01:22:03] ERROR: WATCHDOG_RESET triggered
[17.01.26 01:22:03] TRACE: System reset due to watchdog timeout
[17.01.26 01:22:03] INFO: Last task: Kernel_handler
[17.01.26 01:22:03] CRITICAL: System WATCHDOG
[17.01.26 01:22:03] INFO: Component initialized successfully
[17.01.26 01:22:03] INFO: System running normally
[17.01.26 01:22:03] DEBUG: Processing event queue",Watchdog Timeout,CRITICAL,AIVI_SW5250,gen3,True,True,30186,System
LOG_00663,"[02.01.26 01:22:03] ERRMEM: VERSIONINFO: PIVI_SW4110
[02.01.26 01:22:03] Platform: gen3
[02.01.26 01:22:03] Component: Navigation
[02.01.26 01:22:03] WARNING: High memory usage detected
[02.01.26 01:22:03] ERROR: Heap allocation failed in Navigation
[02.01.26 01:22:03] TRACE: malloc returned NULL
[02.01.26 01:22:03] INFO: Available memory: 128 KB / 2048 KB
[02.01.26 01:22:03] ERROR: Memory leak suspected in navigation module
[02.01.26 01:22:03] TRACE: MEMORY - size: 3001 bytes
[02.01.26 01:22:03] INFO: System running normally",Memory Leak,HIGH,PIVI_SW4110,gen3,True,False,41248,Navigation
LOG_00664,"[04.01.26 01:22:03] ERRMEM: VERSIONINFO: AIVI_SW5244
[04.01.26 01:22:03] Platform: gen4
[04.01.26 01:22:03] Component: System
[04.01.26 01:22:03] ERROR: COMPLETED in System
[04.01.26 01:22:03] ERROR: NORMAL in System
[04.01.26 01:22:03] ERROR: RUNNING in System
[04.01.26 01:22:03] ERROR: NORMAL in System
[04.01.26 01:22:03] ERROR: NORMAL in System
[04.01.26 01:22:03] ERROR: SUCCESS in System
[04.01.26 01:22:03] INFO: Component initialized successfully
[04.01.26 01:22:03] DEBUG: Processing event queue
[04.01.26 01:22:03] INFO: System running normally",No Issue,LOW,AIVI_SW5244,gen4,False,False,29069,System
LOG_00665,"[15.01.26 01:22:03] ERRMEM: VERSIONINFO: AIVI_SW5250
[15.01.26 01:22:03] Platform: gen3
[15.01.26 01:22:03] Component: System
[15.01.26 01:22:03] ERROR: NORMAL in System
[15.01.26 01:22:03] ERROR: OK in System
[15.01.26 01:22:03] ERROR: RUNNING in System
[15.01.26 01:22:03] ERROR: COMPLETED in System
[15.01.26 01:22:03] ERROR: COMPLETED in System
[15.01.26 01:22:03] ERROR: OK in System
[15.01.26 01:22:03] DEBUG: Processing event queue",No Issue,LOW,AIVI_SW5250,gen3,False,True,9261,System
LOG_00666,"[18.01.26 01:22:03] ERRMEM: VERSIONINFO: AIVI_SW5244
[18.01.26 01:22:03] Platform: gen4
[18.01.26 01:22:03] Component: FileSystem
[18.01.26 01:22:03] ERROR: READ in FileSystem
[18.01.26 01:22:03] ERROR: MOUNT in FileSystem
[18.01.26 01:22:03] ERROR: MOUNT in FileSystem
[18.01.26 01:22:03] ERROR: READ in FileSystem
[18.01.26 01:22:03] DEBUG: Processing event queue",File System Error,MEDIUM,AIVI_SW5244,gen4,True,True,45369,FileSystem
LOG_00667,"[25.12.25 01:22:03] ERRMEM: VERSIONINFO: PIVI_SW4100
[25.12.25 01:22:03] Platform: gen3
[25.12.25 01:22:03] Component: Network
[25.12.25 01:22:03] ERROR: CONNECTION in Network
[25.12.25 01:22:03] ERROR: TIMEOUT in Network
[25.12.25 01:22:03] ERROR: REFUSED in Network
[25.12.25 01:22:03] ERROR: NETWORK in Network
[25.12.25 01:22:03] INFO: Component initialized successfully
[25.12.25 01:22:03] INFO: System running normally
[25.12.25 01:22:03] DEBUG: Processing event queue",Network Timeout,LOW,PIVI_SW4100,gen3,False,False,6351,Communication
LOG_00668,"[26.12.25 01:22:03] ERRMEM: VERSIONINFO: PIVI_SW4100
[26.12.25 01:22:03] Platform: gen4
[26.12.25 01:22:03] Component: Hardware
[26.12.25 01:22:03] ERROR: I2C in Hardware
[26.12.25 01:22:03] ERROR: GPIO in Hardware
[26.12.25 01:22:03] ERROR: HARDWARE in Hardware
[26.12.25 01:22:03] ERROR: GPIO in Hardware
[26.12.25 01:22:03] INFO: Component initialized successfully",Hardware Fault,HIGH,PIVI_SW4100,gen4,False,False,7009,Sensors
LOG_00669,"[03.01.26 01:22:03] ERRMEM: VERSIONINFO: PIVI_SW4110
[03.01.26 01:22:03] Platform: gen3
[03.01.26 01:22:03] Component: Navigation
[03.01.26 01:22:03] WARNING: High memory usage detected
[03.01.26 01:22:03] ERROR: Heap allocation failed in Navigation
[03.01.26 01:22:03] TRACE: malloc returned NULL
[03.01.26 01:22:03] INFO: Available memory: 128 KB / 2048 KB
[03.01.26 01:22:03] ERROR: Memory leak suspected in navigation module
[03.01.26 01:22:03] TRACE: HEAP - size: 4980 bytes
[03.01.26 01:22:03] INFO: Component initialized successfully
[03.01.26 01:22:03] DEBUG: Processing event queue",Memory Leak,HIGH,PIVI_SW4110,gen3,True,False,27797,Audio
LOG_00670,"[28.12.25 01:22:03] ERRMEM: VERSIONINFO: PIVI_SW4100
[28.12.25 01:22:03] Platform: gen4
[28.12.25 01:22:03] Component: Storage
[28.12.25 01:22:03] ERROR: FILESYSTEM in Storage
[28.12.25 01:22:03] ERROR: FILESYSTEM in Storage
[28.12.25 01:22:03] ERROR: MOUNT in Storage
[28.12.25 01:22:03] INFO: System running normally",File System Error,MEDIUM,PIVI_SW4100,gen4,True,True,47581,FileSystem
LOG_00671,"[02.01.26 01:22:03] ERRMEM: VERSIONINFO: AIVI_SW5244
[02.01.26 01:22:03] Platform: gen3
[02.01.26 01:22:03] Component: System
[02.01.26 01:22:03] ERROR: SUCCESS in System
[02.01.26 01:22:03] ERROR: COMPLETED in System
[02.01.26 01:22:03] ERROR: COMPLETED in System
[02.01.26 01:22:03] ERROR: OK in System
[02.01.26 01:22:03] ERROR: SUCCESS in System
[02.01.26 01:22:03] ERROR: SUCCESS in System
[02.01.26 01:22:03] DEBUG: Processing event queue",No Issue,LOW,AIVI_SW5244,gen3,True,True,824,System
LOG_00672,"[24.12.25 01:22:03] ERRMEM: VERSIONINFO: PIVI_SW4110
[24.12.25 01:22:03] Platform: gen3
[24.12.25 01:22:03] Component: System
[24.12.25 01:22:03] INFO: Starting software update
[24.12.25 01:22:03] WARNING: Update verification failed
[24.12.25 01:22:03] ERROR: Flash write error at block 680
[24.12.25 01:22:03] TRACE: Rolling back to previous version
[24.12.25 01:22:03] CRITICAL: Software UPDATE
[24.12.25 01:22:03] DEBUG: Processing event queue
[24.12.25 01:22:03] INFO: Component initialized successfully",SW Update Failure,HIGH,PIVI_SW4110,gen3,False,False,2898,SW_SWUPDATE
LOG_00673,"[27.12.25 01:22:03] ERRMEM: VERSIONINFO: PIVI_SW4110
[27.12.25 01:22:03] Platform: gen3
[27.12.25 01:22:03] Component: Storage
[27.12.25 01:22:03] ERROR: READ in Storage
[27.12.25 01:22:03] ERROR: FILESYSTEM in Storage
[27.12.25 01:22:03] ERROR: CORRUPT in Storage
[27.12.25 01:22:03] ERROR: FILESYSTEM in Storage
[27.12.25 01:22:03] ERROR: CORRUPT in Storage
[27.12.25 01:22:03] INFO: System running normally
[27.12.25 01:22:03] DEBUG: Processing event queue",File System Error,MEDIUM,PIVI_SW4110,gen3,False,True,18524,Storage
LOG_00674,"[19.01.26 01:22:03] ERRMEM: VERSIONINFO: PIVI_SW4100
[19.01.26 01:22:03] Platform: gen3
[19.01.26 01:22:03] Component: System
[19.01.26 01:22:03] CRITICAL: Kernel panic detected
[19.01.26 01:22:03] ERROR: Unable to handle kernel NULL pointer dereference
[19.01.26 01:22:03] TRACE: Exception at address 0x0BC2
[19.01.26 01:22:03] ERROR: CPU 3 ABORT
[19.01.26 01:22:03] CRITICAL: System halted
[19.01.26 01:22:03] INFO: Component initialized successfully
[19.01.26 01:22:03] INFO: System running normally
[19.01.26 01:22:03] DEBUG: Processing event queue",Kernel Panic,CRITICAL,PIVI_SW4100,gen3,False,True,3331,Kernel
LOG_00675,"[30.12.25 01:22:03] ERRMEM: VERSIONINFO: PIVI_SW4100
[30.12.25 01:22:03] Platform: gen4
[30.12.25 01:22:03] Component: System
[30.12.25 01:22:03] CRITICAL: Kernel panic detected
[30.12.25 01:22:03] ERROR: Unable to handle kernel NULL pointer dereference
[30.12.25 01:22:03] TRACE: Exception at address 0x0CCA
[30.12.25 01:22:03] ERROR: CPU 3 EXCEPTION
[30.12.25 01:22:03] CRITICAL: System halted
[30.12.25 01:22:03] INFO: Component initialized successfully",Kernel Panic,CRITICAL,PIVI_SW4100,gen4,True,False,20760,Kernel
LOG_00676,"[19.01.26 01:22:03] ERRMEM: VERSIONINFO: PIVI_SW4110
[19.01.26 01:22:03] Platform: gen4
[19.01.26 01:22:03] Component: System
[19.01.26 01:22:03] INFO: Starting software update
[19.01.26 01:22:03] WARNING: Update verification failed
[19.01.26 01:22:03] ERROR: Flash write error at block 649
[19.01.26 01:22:03] TRACE: Rolling back to previous version
[19.01.26 01:22:03] CRITICAL: Software FLASH
[19.01.26 01:22:03] INFO: Component initialized successfully",SW Update Failure,HIGH,PIVI_SW4110,gen4,False,True,34366,System
LOG_00677,"[12.01.26 01:22:03] ERRMEM: VERSIONINFO: PIVI_SW4100
[12.01.26 01:22:03] Platform: gen3
[12.01.26 01:22:03] Component: SW_SWUPDATE
[12.01.26 01:22:03] INFO: Starting software update
[12.01.26 01:22:03] WARNING: Update verification failed
[12.01.26 01:22:03] ERROR: Flash write error at block 166
[12.01.26 01:22:03] TRACE: Rolling back to previous version
[12.01.26 01:22:03] CRITICAL: Software FLASH
[12.01.26 01:22:03] INFO: Component initialized successfully
[12.01.26 01:22:03] INFO: System running normally
[12.01.26 01:22:03] DEBUG: Processing event queue",SW Update Failure,HIGH,PIVI_SW4100,gen3,True,True,47588,System
LOG_00678,"[13.01.26 01:22:03] ERRMEM: VERSIONINFO: AIVI_SW5250
[13.01.26 01:22:03] Platform: gen4
[13.01.26 01:22:03] Component: CAN
[13.01.26 01:22:03] WARNING: CAN bus error detected
[13.01.26 01:22:03] ERROR: Frame transmission failed on CAN2
[13.01.26 01:22:03] TRACE: Bus-off state entered
[13.01.26 01:22:03] INFO: Error counter: 149
[13.01.26 01:22:03] ERROR: CAN on CAN interface
[13.01.26 01:22:03] DEBUG: Processing event queue
[13.01.26 01:22:03] INFO: System running normally
[13.01.26 01:22:03] INFO: Component initialized successfully",CAN Bus Error,MEDIUM,AIVI_SW5250,gen4,True,True,31760,Network
LOG_00679,"[31.12.25 01:22:03] ERRMEM: VERSIONINFO: AIVI_SW5244
[31.12.25 01:22:03] Platform: gen3
[31.12.25 01:22:03] Component: System
[31.12.25 01:22:03] WARNING: Task execution time exceeded threshold
[31.12.25 01:22:03] ERROR: WATCHDOG_RESET triggered
[31.12.25 01:22:03] TRACE: System reset due to watchdog timeout
[31.12.25 01:22:03] INFO: Last task: System_handler
[31.12.25 01:22:03] CRITICAL: System RESET
[31.12.25 01:22:03] DEBUG: Processing event queue
[31.12.25 01:22:03] INFO: Component initialized successfully
[31.12.25 01:22:03] INFO: System running normally",Watchdog Timeout,CRITICAL,AIVI_SW5244,gen3,True,True,24520,Power
LOG_00680,"[15.01.26 01:22:03] ERRMEM: VERSIONINFO: AIVI_SW5244
[15.01.26 01:22:03] Platform: gen4
[15.01.26 01:22:03] Component: SW_SWUPDATE
[15.01.26 01:22:03] INFO: Starting software update
[15.01.26 01:22:03] WARNING: Update verification failed
[15.01.26 01:22:03] ERROR: Flash write error at block 661
[15.01.26 01:22:03] TRACE: Rolling back to previous version
[15.01.26 01:22:03] CRITICAL: Software UPGRADE
[15.01.26 01:22:03] INFO: System running normally
[15.01.26 01:22:03] INFO: Component initialized successfully
[15.01.26 01:22:03] DEBUG: Processing event queue",SW Update Failure,HIGH,AIVI_SW5244,gen4,True,False,24438,SW_SWUPDATE
LOG_00681,"[30.12.25 01:22:03] ERRMEM: VERSIONINFO: AIVI_SW5250
[30.12.25 01:22:03] Platform: gen3
[30.12.25 01:22:03] Component: Kernel
[30.12.25 01:22:03] CRITICAL: Kernel panic detected
[30.12.25 01:22:03] ERROR: Unable to handle kernel NULL pointer dereference
[30.12.25 01:22:03] TRACE: Exception at address 0x0807
[30.12.25 01:22:03] ERROR: CPU 0 PANIC
[30.12.25 01:22:03] CRITICAL: System halted
[30.12.25 01:22:03] DEBUG: Processing event queue
[30.12.25 01:22:03] INFO: System running normally
[30.12.25 01:22:03] INFO: Component initialized successfully",Kernel Panic,CRITICAL,AIVI_SW5250,gen3,False,True,26926,Kernel
LOG_00682,"[02.01.26 01:22:03] ERRMEM: VERSIONINFO: AIVI_SW5244
[02.01.26 01:22:03] Platform: gen4
[02.01.26 01:22:03] Component: SW_SWUPDATE
[02.01.26 01:22:03] INFO: Starting software update
[02.01.26 01:22:03] WARNING: Update verification failed
[02.01.26 01:22:03] ERROR: Flash write error at block 556
[02.01.26 01:22:03] TRACE: Rolling back to previous version
[02.01.26 01:22:03] CRITICAL: Software VERSION
[02.01.26 01:22:03] INFO: Component initialized successfully
[02.01.26 01:22:03] DEBUG: Processing event queue
[02.01.26 01:22:03] INFO: System running normally",SW Update Failure,HIGH,AIVI_SW5244,gen4,True,False,18764,SW_SWUPDATE
LOG_00683,"[09.01.26 01:22:03] ERRMEM: VERSIONINFO: AIVI_SW5250
[09.01.26 01:22:03] Platform: gen4
[09.01.26 01:22:03] Component: System
[09.01.26 01:22:03] CRITICAL: Kernel panic detected
[09.01.26 01:22:03] ERROR: Unable to handle kernel NULL pointer dereference
[09.01.26 01:22:03] TRACE: Exception at address 0x1488
[09.01.26 01:22:03] ERROR: CPU 0 ABORT
[09.01.26 01:22:03] CRITICAL: System halted
[09.01.26 01:22:03] DEBUG: Processing event queue
[09.01.26 01:22:03] INFO: System running normally
[09.01.26 01:22:03] INFO: Component initialized successfully",Kernel Panic,CRITICAL,AIVI_SW5250,gen4,False,True,41213,Kernel
LOG_00684,"[26.12.25 01:22:03] ERRMEM: VERSIONINFO: PIVI_SW4110
[26.12.25 01:22:03] Platform: gen3
[26.12.25 01:22:03] Component: Multimedia
[26.12.25 01:22:03] WARNING: High memory usage detected
[26.12.25 01:22:03] ERROR: Heap allocation failed in Multimedia
[26.12.25 01:22:03] TRACE: malloc returned NULL
[26.12.25 01:22:03] INFO: Available memory: 128 KB / 2048 KB
[26.12.25 01:22:03] ERROR: Memory leak suspected in navigation module
[26.12.25 01:22:03] TRACE: FREE - size: 4371 bytes
[26.12.25 01:22:03] INFO: Component initialized successfully
[26.12.25 01:22:03] INFO: System running normally",Memory Leak,HIGH,PIVI_SW4110,gen3,True,True,19215,Multimedia
LOG_00685,"[04.01.26 01:22:03] ERRMEM: VERSIONINFO: PIVI_SW4100
[04.01.26 01:22:03] Platform: gen4
[04.01.26 01:22:03] Component: Communication
[04.01.26 01:22:03] ERROR: REFUSED in Communication
[04.01.26 01:22:03] ERROR: REFUSED in Communication
[04.01.26 01:22:03] ERROR: REFUSED in Communication
[04.01.26 01:22:03] ERROR: NETWORK in Communication
[04.01.26 01:22:03] DEBUG: Processing event queue
[04.01.26 01:22:03] INFO: System running normally
[04.01.26 01:22:03] INFO: Component initialized successfully",Network Timeout,LOW,PIVI_SW4100,gen4,False,True,14335,Communication
LOG_00686,"[14.01.26 01:22:03] ERRMEM: VERSIONINFO: PIVI_SW4100
[14.01.26 01:22:03] Platform: gen3
[14.01.26 01:22:03] Component: System
[14.01.26 01:22:03] WARNING: Task execution time exceeded threshold
[14.01.26 01:22:03] ERROR: WATCHDOG_RESET triggered
[14.01.26 01:22:03] TRACE: System reset due to watchdog timeout
[14.01.26 01:22:03] INFO: Last task: System_handler
[14.01.26 01:22:03] CRITICAL: System DEADLOCK
[14.01.26 01:22:03] INFO: Component initialized successfully
[14.01.26 01:22:03] INFO: System running normally
[14.01.26 01:22:03] DEBUG: Processing event queue",Watchdog Timeout,CRITICAL,PIVI_SW4100,gen3,False,False,5944,Kernel
LOG_00687,"[11.01.26 01:22:03] ERRMEM: VERSIONINFO: AIVI_SW5244
[11.01.26 01:22:03] Platform: gen4
[11.01.26 01:22:03] Component: SW_SWUPDATE
[11.01.26 01:22:03] INFO: Starting software update
[11.01.26 01:22:03] WARNING: Update verification failed
[11.01.26 01:22:03] ERROR: Flash write error at block 683
[11.01.26 01:22:03] TRACE: Rolling back to previous version
[11.01.26 01:22:03] CRITICAL: Software FLASH
[11.01.26 01:22:03] INFO: System running normally
[11.01.26 01:22:03] DEBUG: Processing event queue",SW Update Failure,HIGH,AIVI_SW5244,gen4,False,True,31920,System
LOG_00688,"[26.12.25 01:22:03] ERRMEM: VERSIONINFO: PIVI_SW4110
[26.12.25 01:22:03] Platform: gen3
[26.12.25 01:22:03] Component: Kernel
[26.12.25 01:22:03] CRITICAL: Kernel panic detected
[26.12.25 01:22:03] ERROR: Unable to handle kernel NULL pointer dereference
[26.12.25 01:22:03] TRACE: Exception at address 0x20A8
[26.12.25 01:22:03] ERROR: CPU 0 EXCEPTION
[26.12.25 01:22:03] CRITICAL: System halted
[26.12.25 01:22:03] INFO: Component initialized successfully
[26.12.25 01:22:03] INFO: System running normally",Kernel Panic,CRITICAL,PIVI_SW4110,gen3,False,False,28987,System
LOG_00689,"[26.12.25 01:22:03] ERRMEM: VERSIONINFO: PIVI_SW4100
[26.12.25 01:22:03] Platform: gen4
[26.12.25 01:22:03] Component: System
[26.12.25 01:22:03] ERROR: RUNNING in System
[26.12.25 01:22:03] ERROR: COMPLETED in System
[26.12.25 01:22:03] ERROR: OK in System
[26.12.25 01:22:03] ERROR: NORMAL in System
[26.12.25 01:22:03] INFO: System running normally",No Issue,LOW,PIVI_SW4100,gen4,True,False,41945,System
LOG_00690,"[26.12.25 01:22:03] ERRMEM: VERSIONINFO: PIVI_SW4110
[26.12.25 01:22:03] Platform: gen3
[26.12.25 01:22:03] Component: System
[26.12.25 01:22:03] INFO: Starting software update
[26.12.25 01:22:03] WARNING: Update verification failed
[26.12.25 01:22:03] ERROR: Flash write error at block 165
[26.12.25 01:22:03] TRACE: Rolling back to previous version
[26.12.25 01:22:03] CRITICAL: Software UPGRADE
[26.12.25 01:22:03] DEBUG: Processing event queue",SW Update Failure,HIGH,PIVI_SW4110,gen3,False,False,37748,System
LOG_00691,"[17.01.26 01:22:03] ERRMEM: VERSIONINFO: AIVI_SW5250
[17.01.26 01:22:03] Platform: gen4
[17.01.26 01:22:03] Component: Communication
[17.01.26 01:22:03] WARNING: CAN bus error detected
[17.01.26 01:22:03] ERROR: Frame transmission failed on CAN2
[17.01.26 01:22:03] TRACE: Bus-off state entered
[17.01.26 01:22:03] INFO: Error counter: 205
[17.01.26 01:22:03] ERROR: ARBITRATION on CAN interface
[17.01.26 01:22:03] DEBUG: Processing event queue
[17.01.26 01:22:03] INFO: Component initialized successfully
[17.01.26 01:22:03] INFO: System running normally",CAN Bus Error,MEDIUM,AIVI_SW5250,gen4,True,False,22443,CAN
LOG_00692,"[29.12.25 01:22:03] ERRMEM: VERSIONINFO: AIVI_SW5244
[29.12.25 01:22:03] Platform: gen4
[29.12.25 01:22:03] Component: Unknown
[29.12.25 01:22:03] ERROR: WARNING in Unknown
[29.12.25 01:22:03] ERROR: WARNING in Unknown
[29.12.25 01:22:03] ERROR: ERROR in Unknown
[29.12.25 01:22:03] ERROR: WARNING in Unknown
[29.12.25 01:22:03] ERROR: ERROR in Unknown
[29.12.25 01:22:03] INFO: System running normally
[29.12.25 01:22:03] INFO: Component initialized successfully
[29.12.25 01:22:03] DEBUG: Processing event queue",Unknown Issue,MEDIUM,AIVI_SW5244,gen4,False,False,8370,Unknown
LOG_00693,"[08.01.26 01:22:03] ERRMEM: VERSIONINFO: AIVI_SW5244
[08.01.26 01:22:03] Platform: gen4
[08.01.26 01:22:03] Component: Navigation
[08.01.26 01:22:03] WARNING: High memory usage detected
[08.01.26 01:22:03] ERROR: Heap allocation failed in Navigation
[08.01.26 01:22:03] TRACE: malloc returned NULL
[08.01.26 01:22:03] INFO: Available memory: 128 KB / 2048 KB
[08.01.26 01:22:03] ERROR: Memory leak suspected in navigation module
[08.01.26 01:22:03] TRACE: MALLOC - size: 993 bytes
[08.01.26 01:22:03] DEBUG: Processing event queue",Memory Leak,HIGH,AIVI_SW5244,gen4,True,False,3788,Navigation
LOG_00694,"[20.01.26 01:22:03] ERRMEM: VERSIONINFO: PIVI_SW4110
[20.01.26 01:22:03] Platform: gen3
[20.01.26 01:22:03] Component: SW_SWUPDATE
[20.01.26 01:22:03] INFO: Starting software update
[20.01.26 01:22:03] WARNING: Update verification failed
[20.01.26 01:22:03] ERROR: Flash write error at block 983
[20.01.26 01:22:03] TRACE: Rolling back to previous version
[20.01.26 01:22:03] CRITICAL: Software VERSION
[20.01.26 01:22:03] DEBUG: Processing event queue
[20.01.26 01:22:03] INFO: Component initialized successfully",SW Update Failure,HIGH,PIVI_SW4110,gen3,False,True,34520,System
LOG_00695,"[19.01.26 01:22:03] ERRMEM: VERSIONINFO: PIVI_SW4110
[19.01.26 01:22:03] Platform: gen4
[19.01.26 01:22:03] Component: Kernel
[19.01.26 01:22:03] CRITICAL: Kernel panic detected
[19.01.26 01:22:03] ERROR: Unable to handle kernel NULL pointer dereference
[19.01.26 01:22:03] TRACE: Exception at address 0x1F5D
[19.01.26 01:22:03] ERROR: CPU 0 CRASH
[19.01.26 01:22:03] CRITICAL: System halted
[19.01.26 01:22:03] DEBUG: Processing event queue
[19.01.26 01:22:03] INFO: Component initialized successfully
[19.01.26 01:22:03] INFO: System running normally",Kernel Panic,CRITICAL,PIVI_SW4110,gen4,False,False,30512,System
LOG_00696,"[16.01.26 01:22:03] ERRMEM: VERSIONINFO: AIVI_SW5244
[16.01.26 01:22:03] Platform: gen4
[16.01.26 01:22:03] Component: Navigation
[16.01.26 01:22:03] WARNING: High memory usage detected
[16.01.26 01:22:03] ERROR: Heap allocation failed in Navigation
[16.01.26 01:22:03] TRACE: malloc returned NULL
[16.01.26 01:22:03] INFO: Available memory: 128 KB / 2048 KB
[16.01.26 01:22:03] ERROR: Memory leak suspected in navigation module
[16.01.26 01:22:03] TRACE: FREE - size: 4110 bytes
[16.01.26 01:22:03] INFO: System running normally",Memory Leak,HIGH,AIVI_SW5244,gen4,True,True,15045,Audio
LOG_00697,"[10.01.26 01:22:03] ERRMEM: VERSIONINFO: PIVI_SW4110
[10.01.26 01:22:03] Platform: gen4
[10.01.26 01:22:03] Component: System
[10.01.26 01:22:03] INFO: Starting software update
[10.01.26 01:22:03] WARNING: Update verification failed
[10.01.26 01:22:03] ERROR: Flash write error at block 333
[10.01.26 01:22:03] TRACE: Rolling back to previous version
[10.01.26 01:22:03] CRITICAL: Software UPDATE
[10.01.26 01:22:03] DEBUG: Processing event queue
[10.01.26 01:22:03] INFO: System running normally",SW Update Failure,HIGH,PIVI_SW4110,gen4,True,False,14926,System
LOG_00698,"[13.01.26 01:22:03] ERRMEM: VERSIONINFO: PIVI_SW4100
[13.01.26 01:22:03] Platform: gen4
[13.01.26 01:22:03] Component: Sensors
[13.01.26 01:22:03] ERROR: I2C in Sensors
[13.01.26 01:22:03] ERROR: SPI in Sensors
[13.01.26 01:22:03] ERROR: FAULT in Sensors
[13.01.26 01:22:03] INFO: Component initialized successfully",Hardware Fault,HIGH,PIVI_SW4100,gen4,False,False,14603,Hardware
LOG_00699,"[02.01.26 01:22:03] ERRMEM: VERSIONINFO: PIVI_SW4100
[02.01.26 01:22:03] Platform: gen3
[02.01.26 01:22:03] Component: CAN
[02.01.26 01:22:03] WARNING: CAN bus error detected
[02.01.26 01:22:03] ERROR: Frame transmission failed on CAN2
[02.01.26 01:22:03] TRACE: Bus-off state entered
[02.01.26 01:22:03] INFO: Error counter: 81
[02.01.26 01:22:03] ERROR: ARBITRATION on CAN interface
[02.01.26 01:22:03] DEBUG: Processing event queue",CAN Bus Error,MEDIUM,PIVI_SW4100,gen3,True,True,30157,CAN
LOG_00700,"[05.01.26 01:22:03] ERRMEM: VERSIONINFO: PIVI_SW4110
[05.01.26 01:22:03] Platform: gen3
[05.01.26 01:22:03] Component: System
[05.01.26 01:22:03] INFO: Starting software update
[05.01.26 01:22:03] WARNING: Update verification failed
[05.01.26 01:22:03] ERROR: Flash write error at block 313
[05.01.26 01:22:03] TRACE: Rolling back to previous version
[05.01.26 01:22:03] CRITICAL: Software FLASH
[05.01.26 01:22:03] DEBUG: Processing event queue
[05.01.26 01:22:03] INFO: System running normally",SW Update Failure,HIGH,PIVI_SW4110,gen3,True,True,21056,SW_SWUPDATE
LOG_00701,"[27.12.25 01:22:03] ERRMEM: VERSIONINFO: PIVI_SW4110
[27.12.25 01:22:03] Platform: gen4
[27.12.25 01:22:03] Component: Unknown
[27.12.25 01:22:03] ERROR: ISSUE in Unknown
[27.12.25 01:22:03] ERROR: FAILED in Unknown
[27.12.25 01:22:03] ERROR: ISSUE in Unknown
[27.12.25 01:22:03] ERROR: FAILED in Unknown
[27.12.25 01:22:03] ERROR: FAILED in Unknown
[27.12.25 01:22:03] ERROR: WARNING in Unknown
[27.12.25 01:22:03] INFO: System running normally",Unknown Issue,MEDIUM,PIVI_SW4110,gen4,True,True,2401,Unknown
LOG_00702,"[03.01.26 01:22:03] ERRMEM: VERSIONINFO: PIVI_SW4110
[03.01.26 01:22:03] Platform: gen3
[03.01.26 01:22:03] Component: System
[03.01.26 01:22:03] INFO: Starting software update
[03.01.26 01:22:03] WARNING: Update verification failed
[03.01.26 01:22:03] ERROR: Flash write error at block 715
[03.01.26 01:22:03] TRACE: Rolling back to previous version
[03.01.26 01:22:03] CRITICAL: Software UPDATE
[03.01.26 01:22:03] INFO: Component initialized successfully
[03.01.26 01:22:03] INFO: System running normally",SW Update Failure,HIGH,PIVI_SW4110,gen3,False,True,17722,SW_SWUPDATE
LOG_00703,"[27.12.25 01:22:03] ERRMEM: VERSIONINFO: AIVI_SW5244
[27.12.25 01:22:03] Platform: gen3
[27.12.25 01:22:03] Component: Power
[27.12.25 01:22:03] WARNING: Task execution time exceeded threshold
[27.12.25 01:22:03] ERROR: WATCHDOG_RESET triggered
[27.12.25 01:22:03] TRACE: System reset due to watchdog timeout
[27.12.25 01:22:03] INFO: Last task: Power_handler
[27.12.25 01:22:03] CRITICAL: System HANG
[27.12.25 01:22:03] DEBUG: Processing event queue",Watchdog Timeout,CRITICAL,AIVI_SW5244,gen3,True,False,33639,System
LOG_00704,"[21.01.26 01:22:03] ERRMEM: VERSIONINFO: AIVI_SW5250
[21.01.26 01:22:03] Platform: gen3
[21.01.26 01:22:03] Component: Audio
[21.01.26 01:22:03] WARNING: High memory usage detected
[21.01.26 01:22:03] ERROR: Heap allocation failed in Audio
[21.01.26 01:22:03] TRACE: malloc returned NULL
[21.01.26 01:22:03] INFO: Available memory: 128 KB / 2048 KB
[21.01.26 01:22:03] ERROR: Memory leak suspected in navigation module
[21.01.26 01:22:03] TRACE: HEAP - size: 2018 bytes
[21.01.26 01:22:03] INFO: Component initialized successfully
[21.01.26 01:22:03] DEBUG: Processing event queue",Memory Leak,HIGH,AIVI_SW5250,gen3,True,False,46304,Multimedia
LOG_00705,"[16.01.26 01:22:03] ERRMEM: VERSIONINFO: AIVI_SW5244
[16.01.26 01:22:03] Platform: gen4
[16.01.26 01:22:03] Component: Multimedia
[16.01.26 01:22:03] WARNING: High memory usage detected
[16.01.26 01:22:03] ERROR: Heap allocation failed in Multimedia
[16.01.26 01:22:03] TRACE: malloc returned NULL
[16.01.26 01:22:03] INFO: Available memory: 128 KB / 2048 KB
[16.01.26 01:22:03] ERROR: Memory leak suspected in navigation module
[16.01.26 01:22:03] TRACE: HEAP - size: 426 bytes
[16.01.26 01:22:03] INFO: System running normally
[16.01.26 01:22:03] INFO: Component initialized successfully
[16.01.26 01:22:03] DEBUG: Processing event queue",Memory Leak,HIGH,AIVI_SW5244,gen4,False,False,27879,Audio
LOG_00706,"[12.01.26 01:22:03] ERRMEM: VERSIONINFO: AIVI_SW5244
[12.01.26 01:22:03] Platform: gen3
[12.01.26 01:22:03] Component: Power
[12.01.26 01:22:03] WARNING: Task execution time exceeded threshold
[12.01.26 01:22:03] ERROR: WATCHDOG_RESET triggered
[12.01.26 01:22:03] TRACE: System reset due to watchdog timeout
[12.01.26 01:22:03] INFO: Last task: Power_handler
[12.01.26 01:22:03] CRITICAL: System HANG
[12.01.26 01:22:03] DEBUG: Processing event queue
[12.01.26 01:22:03] INFO: System running normally",Watchdog Timeout,CRITICAL,AIVI_SW5244,gen3,True,False,8610,Power
LOG_00707,"[22.01.26 01:22:03] ERRMEM: VERSIONINFO: AIVI_SW5250
[22.01.26 01:22:03] Platform: gen3
[22.01.26 01:22:03] Component: Navigation
[22.01.26 01:22:03] WARNING: High memory usage detected
[22.01.26 01:22:03] ERROR: Heap allocation failed in Navigation
[22.01.26 01:22:03] TRACE: malloc returned NULL
[22.01.26 01:22:03] INFO: Available memory: 128 KB / 2048 KB
[22.01.26 01:22:03] ERROR: Memory leak suspected in navigation module
[22.01.26 01:22:03] TRACE: LEAK - size: 1541 bytes
[22.01.26 01:22:03] DEBUG: Processing event queue
[22.01.26 01:22:03] INFO: Component initialized successfully",Memory Leak,HIGH,AIVI_SW5250,gen3,True,True,3679,Navigation
LOG_00708,"[26.12.25 01:22:03] ERRMEM: VERSIONINFO: AIVI_SW5250
[26.12.25 01:22:03] Platform: gen3
[26.12.25 01:22:03] Component: Unknown
[26.12.25 01:22:03] ERROR: WARNING in Unknown
[26.12.25 01:22:03] ERROR: ISSUE in Unknown
[26.12.25 01:22:03] ERROR: ISSUE in Unknown
[26.12.25 01:22:03] ERROR: ISSUE in Unknown
[26.12.25 01:22:03] DEBUG: Processing event queue
[26.12.25 01:22:03] INFO: System running normally
[26.12.25 01:22:03] INFO: Component initialized successfully",Unknown Issue,MEDIUM,AIVI_SW5250,gen3,False,True,2787,Unknown
LOG_00709,"[09.01.26 01:22:03] ERRMEM: VERSIONINFO: AIVI_SW5244
[09.01.26 01:22:03] Platform: gen4
[09.01.26 01:22:03] Component: Navigation
[09.01.26 01:22:03] WARNING: High memory usage detected
[09.01.26 01:22:03] ERROR: Heap allocation failed in Navigation
[09.01.26 01:22:03] TRACE: malloc returned NULL
[09.01.26 01:22:03] INFO: Available memory: 128 KB / 2048 KB
[09.01.26 01:22:03] ERROR: Memory leak suspected in navigation module
[09.01.26 01:22:03] TRACE: HEAP - size: 2065 bytes
[09.01.26 01:22:03] DEBUG: Processing event queue
[09.01.26 01:22:03] INFO: Component initialized successfully",Memory Leak,HIGH,AIVI_SW5244,gen4,False,False,15761,Multimedia
LOG_00710,"[30.12.25 01:22:03] ERRMEM: VERSIONINFO: AIVI_SW5250
[30.12.25 01:22:03] Platform: gen4
[30.12.25 01:22:03] Component: FileSystem
[30.12.25 01:22:03] ERROR: READ in FileSystem
[30.12.25 01:22:03] ERROR: INODE in FileSystem
[30.12.25 01:22:03] ERROR: MOUNT in FileSystem
[30.12.25 01:22:03] ERROR: READ in FileSystem
[30.12.25 01:22:03] ERROR: INODE in FileSystem
[30.12.25 01:22:03] ERROR: CORRUPT in FileSystem
[30.12.25 01:22:03] DEBUG: Processing event queue
[30.12.25 01:22:03] INFO: System running normally
[30.12.25 01:22:03] INFO: Component initialized successfully",File System Error,MEDIUM,AIVI_SW5250,gen4,False,True,23763,FileSystem
LOG_00711,"[05.01.26 01:22:03] ERRMEM: VERSIONINFO: PIVI_SW4110
[05.01.26 01:22:03] Platform: gen3
[05.01.26 01:22:03] Component: Multimedia
[05.01.26 01:22:03] WARNING: High memory usage detected
[05.01.26 01:22:03] ERROR: Heap allocation failed in Multimedia
[05.01.26 01:22:03] TRACE: malloc returned NULL
[05.01.26 01:22:03] INFO: Available memory: 128 KB / 2048 KB
[05.01.26 01:22:03] ERROR: Memory leak suspected in navigation module
[05.01.26 01:22:03] TRACE: HEAP - size: 1799 bytes
[05.01.26 01:22:03] INFO: System running normally
[05.01.26 01:22:03] DEBUG: Processing event queue
[05.01.26 01:22:03] INFO: Component initialized successfully",Memory Leak,HIGH,PIVI_SW4110,gen3,False,False,5770,Multimedia
LOG_00712,"[02.01.26 01:22:03] ERRMEM: VERSIONINFO: AIVI_SW5250
[02.01.26 01:22:03] Platform: gen4
[02.01.26 01:22:03] Component: CAN
[02.01.26 01:22:03] WARNING: CAN bus error detected
[02.01.26 01:22:03] ERROR: Frame transmission failed on CAN2
[02.01.26 01:22:03] TRACE: Bus-off state entered
[02.01.26 01:22:03] INFO: Error counter: 24
[02.01.26 01:22:03] ERROR: ERROR on CAN interface
[02.01.26 01:22:03] INFO: Component initialized successfully",CAN Bus Error,MEDIUM,AIVI_SW5250,gen4,False,False,10818,CAN
LOG_00713,"[23.12.25 01:22:03] ERRMEM: VERSIONINFO: AIVI_SW5250
[23.12.25 01:22:03] Platform: gen3
[23.12.25 01:22:03] Component: Communication
[23.12.25 01:22:03] ERROR: SOCKET in Communication
[23.12.25 01:22:03] ERROR: NETWORK in Communication
[23.12.25 01:22:03] ERROR: NETWORK in Communication
[23.12.25 01:22:03] INFO: Component initialized successfully",Network Timeout,LOW,AIVI_SW5250,gen3,True,False,38836,Network
LOG_00714,"[05.01.26 01:22:03] ERRMEM: VERSIONINFO: AIVI_SW5250
[05.01.26 01:22:03] Platform: gen4
[05.01.26 01:22:03] Component: System
[05.01.26 01:22:03] CRITICAL: Kernel panic detected
[05.01.26 01:22:03] ERROR: Unable to handle kernel NULL pointer dereference
[05.01.26 01:22:03] TRACE: Exception at address 0x16F8
[05.01.26 01:22:03] ERROR: CPU 3 PANIC
[05.01.26 01:22:03] CRITICAL: System halted
[05.01.26 01:22:03] INFO: System running normally",Kernel Panic,CRITICAL,AIVI_SW5250,gen4,False,True,18680,System
LOG_00715,"[11.01.26 01:22:03] ERRMEM: VERSIONINFO: AIVI_SW5244
[11.01.26 01:22:03] Platform: gen4
[11.01.26 01:22:03] Component: Audio
[11.01.26 01:22:03] WARNING: High memory usage detected
[11.01.26 01:22:03] ERROR: Heap allocation failed in Audio
[11.01.26 01:22:03] TRACE: malloc returned NULL
[11.01.26 01:22:03] INFO: Available memory: 128 KB / 2048 KB
[11.01.26 01:22:03] ERROR: Memory leak suspected in navigation module
[11.01.26 01:22:03] TRACE: HEAP - size: 2642 bytes
[11.01.26 01:22:03] INFO: System running normally
[11.01.26 01:22:03] INFO: Component initialized successfully",Memory Leak,HIGH,AIVI_SW5244,gen4,False,True,33364,Multimedia
LOG_00716,"[07.01.26 01:22:03] ERRMEM: VERSIONINFO: PIVI_SW4110
[07.01.26 01:22:03] Platform: gen3
[07.01.26 01:22:03] Component: Kernel
[07.01.26 01:22:03] CRITICAL: Kernel panic detected
[07.01.26 01:22:03] ERROR: Unable to handle kernel NULL pointer dereference
[07.01.26 01:22:03] TRACE: Exception at address 0x1390
[07.01.26 01:22:03] ERROR: CPU 0 FAULT
[07.01.26 01:22:03] CRITICAL: System halted
[07.01.26 01:22:03] DEBUG: Processing event queue
[07.01.26 01:22:03] INFO: System running normally
[07.01.26 01:22:03] INFO: Component initialized successfully",Kernel Panic,CRITICAL,PIVI_SW4110,gen3,True,True,28501,System
LOG_00717,"[31.12.25 01:22:03] ERRMEM: VERSIONINFO: AIVI_SW5250
[31.12.25 01:22:03] Platform: gen3
[31.12.25 01:22:03] Component: Communication
[31.12.25 01:22:03] ERROR: TIMEOUT in Communication
[31.12.25 01:22:03] ERROR: TCP in Communication
[31.12.25 01:22:03] ERROR: TCP in Communication
[31.12.25 01:22:03] INFO: Component initialized successfully
[31.12.25 01:22:03] INFO: System running normally",Network Timeout,LOW,AIVI_SW5250,gen3,False,True,18309,Communication
LOG_00718,"[27.12.25 01:22:03] ERRMEM: VERSIONINFO: PIVI_SW4110
[27.12.25 01:22:03] Platform: gen4
[27.12.25 01:22:03] Component: System
[27.12.25 01:22:03] ERROR: RUNNING in System
[27.12.25 01:22:03] ERROR: OK in System
[27.12.25 01:22:03] ERROR: COMPLETED in System
[27.12.25 01:22:03] INFO: System running normally
[27.12.25 01:22:03] DEBUG: Processing event queue",No Issue,LOW,PIVI_SW4110,gen4,True,False,21076,System
LOG_00719,"[21.01.26 01:22:03] ERRMEM: VERSIONINFO: AIVI_SW5250
[21.01.26 01:22:03] Platform: gen4
[21.01.26 01:22:03] Component: Storage
[21.01.26 01:22:03] ERROR: INODE in Storage
[21.01.26 01:22:03] ERROR: READ in Storage
[21.01.26 01:22:03] ERROR: READ in Storage
[21.01.26 01:22:03] ERROR: READ in Storage
[21.01.26 01:22:03] ERROR: CORRUPT in Storage
[21.01.26 01:22:03] INFO: System running normally
[21.01.26 01:22:03] DEBUG: Processing event queue",File System Error,MEDIUM,AIVI_SW5250,gen4,True,False,38531,FileSystem
LOG_00720,"[28.12.25 01:22:03] ERRMEM: VERSIONINFO: PIVI_SW4110
[28.12.25 01:22:03] Platform: gen3
[28.12.25 01:22:03] Component: Unknown
[28.12.25 01:22:03] ERROR: ERROR in Unknown
[28.12.25 01:22:03] ERROR: FAILED in Unknown
[28.12.25 01:22:03] ERROR: FAILED in Unknown
[28.12.25 01:22:03] ERROR: FAILED in Unknown
[28.12.25 01:22:03] INFO: Component initialized successfully
[28.12.25 01:22:03] DEBUG: Processing event queue",Unknown Issue,MEDIUM,PIVI_SW4110,gen3,True,True,14641,Unknown
LOG_00721,"[14.01.26 01:22:03] ERRMEM: VERSIONINFO: PIVI_SW4100
[14.01.26 01:22:03] Platform: gen4
[14.01.26 01:22:03] Component: Audio
[14.01.26 01:22:03] WARNING: High memory usage detected
[14.01.26 01:22:03] ERROR: Heap allocation failed in Audio
[14.01.26 01:22:03] TRACE: malloc returned NULL
[14.01.26 01:22:03] INFO: Available memory: 128 KB / 2048 KB
[14.01.26 01:22:03] ERROR: Memory leak suspected in navigation module
[14.01.26 01:22:03] TRACE: HEAP - size: 1194 bytes
[14.01.26 01:22:03] DEBUG: Processing event queue",Memory Leak,HIGH,PIVI_SW4100,gen4,True,False,29543,Navigation
LOG_00722,"[02.01.26 01:22:03] ERRMEM: VERSIONINFO: PIVI_SW4110
[02.01.26 01:22:03] Platform: gen4
[02.01.26 01:22:03] Component: System
[02.01.26 01:22:03] ERROR: RUNNING in System
[02.01.26 01:22:03] ERROR: NORMAL in System
[02.01.26 01:22:03] ERROR: OK in System
[02.01.26 01:22:03] ERROR: RUNNING in System
[02.01.26 01:22:03] INFO: Component initialized successfully
[02.01.26 01:22:03] DEBUG: Processing event queue
[02.01.26 01:22:03] INFO: System running normally",No Issue,LOW,PIVI_SW4110,gen4,True,True,48556,System
LOG_00723,"[15.01.26 01:22:03] ERRMEM: VERSIONINFO: AIVI_SW5244
[15.01.26 01:22:03] Platform: gen3
[15.01.26 01:22:03] Component: Storage
[15.01.26 01:22:03] ERROR: CORRUPT in Storage
[15.01.26 01:22:03] ERROR: CORRUPT in Storage
[15.01.26 01:22:03] ERROR: INODE in Storage
[15.01.26 01:22:03] ERROR: MOUNT in Storage
[15.01.26 01:22:03] INFO: System running normally",File System Error,MEDIUM,AIVI_SW5244,gen3,False,False,38041,FileSystem
LOG_00724,"[08.01.26 01:22:03] ERRMEM: VERSIONINFO: PIVI_SW4110
[08.01.26 01:22:03] Platform: gen3
[08.01.26 01:22:03] Component: SW_SWUPDATE
[08.01.26 01:22:03] INFO: Starting software update
[08.01.26 01:22:03] WARNING: Update verification failed
[08.01.26 01:22:03] ERROR: Flash write error at block 801
[08.01.26 01:22:03] TRACE: Rolling back to previous version
[08.01.26 01:22:03] CRITICAL: Software UPGRADE
[08.01.26 01:22:03] INFO: Component initialized successfully",SW Update Failure,HIGH,PIVI_SW4110,gen3,False,False,12214,SW_SWUPDATE
LOG_00725,"[27.12.25 01:22:03] ERRMEM: VERSIONINFO: AIVI_SW5244
[27.12.25 01:22:03] Platform: gen4
[27.12.25 01:22:03] Component: Unknown
[27.12.25 01:22:03] ERROR: ERROR in Unknown
[27.12.25 01:22:03] ERROR: EXCEPTION in Unknown
[27.12.25 01:22:03] ERROR: ISSUE in Unknown
[27.12.25 01:22:03] ERROR: ISSUE in Unknown
[27.12.25 01:22:03] ERROR: ISSUE in Unknown
[27.12.25 01:22:03] ERROR: WARNING in Unknown
[27.12.25 01:22:03] INFO: System running normally",Unknown Issue,MEDIUM,AIVI_SW5244,gen4,True,False,42361,Unknown
LOG_00726,"[21.01.26 01:22:03] ERRMEM: VERSIONINFO: PIVI_SW4110
[21.01.26 01:22:03] Platform: gen4
[21.01.26 01:22:03] Component: CAN
[21.01.26 01:22:03] WARNING: CAN bus error detected
[21.01.26 01:22:03] ERROR: Frame transmission failed on CAN2
[21.01.26 01:22:03] TRACE: Bus-off state entered
[21.01.26 01:22:03] INFO: Error counter: 129
[21.01.26 01:22:03] ERROR: ERROR on CAN interface
[21.01.26 01:22:03] INFO: System running normally
[21.01.26 01:22:03] DEBUG: Processing event queue
[21.01.26 01:22:03] INFO: Component initialized successfully",CAN Bus Error,MEDIUM,PIVI_SW4110,gen4,True,True,48166,Network
LOG_00727,"[23.12.25 01:22:03] ERRMEM: VERSIONINFO: PIVI_SW4110
[23.12.25 01:22:03] Platform: gen3
[23.12.25 01:22:03] Component: Communication
[23.12.25 01:22:03] WARNING: CAN bus error detected
[23.12.25 01:22:03] ERROR: Frame transmission failed on CAN2
[23.12.25 01:22:03] TRACE: Bus-off state entered
[23.12.25 01:22:03] INFO: Error counter: 161
[23.12.25 01:22:03] ERROR: BUS on CAN interface
[23.12.25 01:22:03] DEBUG: Processing event queue
[23.12.25 01:22:03] INFO: System running normally
[23.12.25 01:22:03] INFO: Component initialized successfully",CAN Bus Error,MEDIUM,PIVI_SW4110,gen3,True,True,20443,CAN
LOG_00728,"[09.01.26 01:22:03] ERRMEM: VERSIONINFO: AIVI_SW5244
[09.01.26 01:22:03] Platform: gen4
[09.01.26 01:22:03] Component: System
[09.01.26 01:22:03] ERROR: NORMAL in System
[09.01.26 01:22:03] ERROR: RUNNING in System
[09.01.26 01:22:03] ERROR: RUNNING in System
[09.01.26 01:22:03] ERROR: RUNNING in System
[09.01.26 01:22:03] ERROR: SUCCESS in System
[09.01.26 01:22:03] ERROR: SUCCESS in System
[09.01.26 01:22:03] INFO: System running normally
[09.01.26 01:22:03] INFO: Component initialized successfully",No Issue,LOW,AIVI_SW5244,gen4,True,False,1295,System
LOG_00729,"[16.01.26 01:22:03] ERRMEM: VERSIONINFO: PIVI_SW4110
[16.01.26 01:22:03] Platform: gen4
[16.01.26 01:22:03] Component: Storage
[16.01.26 01:22:03] ERROR: INODE in Storage
[16.01.26 01:22:03] ERROR: READ in Storage
[16.01.26 01:22:03] ERROR: INODE in Storage
[16.01.26 01:22:03] INFO: Component initialized successfully",File System Error,MEDIUM,PIVI_SW4110,gen4,False,False,20356,FileSystem
LOG_00730,"[05.01.26 01:22:03] ERRMEM: VERSIONINFO: PIVI_SW4110
[05.01.26 01:22:03] Platform: gen3
[05.01.26 01:22:03] Component: System
[05.01.26 01:22:03] CRITICAL: Kernel panic detected
[05.01.26 01:22:03] ERROR: Unable to handle kernel NULL pointer dereference
[05.01.26 01:22:03] TRACE: Exception at address 0x0B19
[05.01.26 01:22:03] ERROR: CPU 1 PANIC
[05.01.26 01:22:03] CRITICAL: System halted
[05.01.26 01:22:03] INFO: System running normally
[05.01.26 01:22:03] DEBUG: Processing event queue
[05.01.26 01:22:03] INFO: Component initialized successfully",Kernel Panic,CRITICAL,PIVI_SW4110,gen3,True,False,42209,Kernel
LOG_00731,"[10.01.26 01:22:03] ERRMEM: VERSIONINFO: AIVI_SW5250
[10.01.26 01:22:03] Platform: gen3
[10.01.26 01:22:03] Component: System
[10.01.26 01:22:03] WARNING: Task execution time exceeded threshold
[10.01.26 01:22:03] ERROR: WATCHDOG_RESET triggered
[10.01.26 01:22:03] TRACE: System reset due to watchdog timeout
[10.01.26 01:22:03] INFO: Last task: System_handler
[10.01.26 01:22:03] CRITICAL: System WDT
[10.01.26 01:22:03] INFO: Component initialized successfully
[10.01.26 01:22:03] DEBUG: Processing event queue",Watchdog Timeout,CRITICAL,AIVI_SW5250,gen3,False,False,27433,Kernel
LOG_00732,"[14.01.26 01:22:03] ERRMEM: VERSIONINFO: PIVI_SW4100
[14.01.26 01:22:03] Platform: gen4
[14.01.26 01:22:03] Component: System
[14.01.26 01:22:03] ERROR: OK in System
[14.01.26 01:22:03] ERROR: OK in System
[14.01.26 01:22:03] ERROR: OK in System
[14.01.26 01:22:03] ERROR: SUCCESS in System
[14.01.26 01:22:03] ERROR: OK in System
[14.01.26 01:22:03] INFO: Component initialized successfully",No Issue,LOW,PIVI_SW4100,gen4,True,True,8653,System
LOG_00733,"[12.01.26 01:22:03] ERRMEM: VERSIONINFO: AIVI_SW5244
[12.01.26 01:22:03] Platform: gen3
[12.01.26 01:22:03] Component: Communication
[12.01.26 01:22:03] ERROR: TIMEOUT in Communication
[12.01.26 01:22:03] ERROR: CONNECTION in Communication
[12.01.26 01:22:03] ERROR: SOCKET in Communication
[12.01.26 01:22:03] ERROR: SOCKET in Communication
[12.01.26 01:22:03] ERROR: SOCKET in Communication
[12.01.26 01:22:03] ERROR: NETWORK in Communication
[12.01.26 01:22:03] INFO: Component initialized successfully",Network Timeout,LOW,AIVI_SW5244,gen3,True,True,32315,Communication
LOG_00734,"[17.01.26 01:22:03] ERRMEM: VERSIONINFO: AIVI_SW5244
[17.01.26 01:22:03] Platform: gen4
[17.01.26 01:22:03] Component: System
[17.01.26 01:22:03] ERROR: SUCCESS in System
[17.01.26 01:22:03] ERROR: COMPLETED in System
[17.01.26 01:22:03] ERROR: SUCCESS in System
[17.01.26 01:22:03] ERROR: NORMAL in System
[17.01.26 01:22:03] ERROR: RUNNING in System
[17.01.26 01:22:03] ERROR: NORMAL in System
[17.01.26 01:22:03] DEBUG: Processing event queue
[17.01.26 01:22:03] INFO: System running normally",No Issue,LOW,AIVI_SW5244,gen4,False,True,9398,System
LOG_00735,"[04.01.26 01:22:03] ERRMEM: VERSIONINFO: PIVI_SW4100
[04.01.26 01:22:03] Platform: gen3
[04.01.26 01:22:03] Component: Storage
[04.01.26 01:22:03] ERROR: CORRUPT in Storage
[04.01.26 01:22:03] ERROR: DISK in Storage
[04.01.26 01:22:03] ERROR: MOUNT in Storage
[04.01.26 01:22:03] ERROR: CORRUPT in Storage
[04.01.26 01:22:03] DEBUG: Processing event queue
[04.01.26 01:22:03] INFO: System running normally",File System Error,MEDIUM,PIVI_SW4100,gen3,False,False,47331,Storage
LOG_00736,"[20.01.26 01:22:03] ERRMEM: VERSIONINFO: AIVI_SW5244
[20.01.26 01:22:03] Platform: gen4
[20.01.26 01:22:03] Component: System
[20.01.26 01:22:03] INFO: Starting software update
[20.01.26 01:22:03] WARNING: Update verification failed
[20.01.26 01:22:03] ERROR: Flash write error at block 863
[20.01.26 01:22:03] TRACE: Rolling back to previous version
[20.01.26 01:22:03] CRITICAL: Software UPDATE
[20.01.26 01:22:03] INFO: Component initialized successfully
[20.01.26 01:22:03] DEBUG: Processing event queue",SW Update Failure,HIGH,AIVI_SW5244,gen4,False,False,10405,System
LOG_00737,"[23.12.25 01:22:03] ERRMEM: VERSIONINFO: PIVI_SW4100
[23.12.25 01:22:03] Platform: gen3
[23.12.25 01:22:03] Component: Power
[23.12.25 01:22:03] WARNING: Task execution time exceeded threshold
[23.12.25 01:22:03] ERROR: WATCHDOG_RESET triggered
[23.12.25 01:22:03] TRACE: System reset due to watchdog timeout
[23.12.25 01:22:03] INFO: Last task: Power_handler
[23.12.25 01:22:03] CRITICAL: System HANG
[23.12.25 01:22:03] INFO: System running normally
[23.12.25 01:22:03] DEBUG: Processing event queue
[23.12.25 01:22:03] INFO: Component initialized successfully",Watchdog Timeout,CRITICAL,PIVI_SW4100,gen3,False,True,41286,Kernel
LOG_00738,"[15.01.26 01:22:03] ERRMEM: VERSIONINFO: PIVI_SW4110
[15.01.26 01:22:03] Platform: gen4
[15.01.26 01:22:03] Component: Unknown
[15.01.26 01:22:03] ERROR: FAILED in Unknown
[15.01.26 01:22:03] ERROR: EXCEPTION in Unknown
[15.01.26 01:22:03] ERROR: ERROR in Unknown
[15.01.26 01:22:03] ERROR: FAILED in Unknown
[15.01.26 01:22:03] INFO: Component initialized successfully
[15.01.26 01:22:03] INFO: System running normally
[15.01.26 01:22:03] DEBUG: Processing event queue",Unknown Issue,MEDIUM,PIVI_SW4110,gen4,False,True,13964,Unknown
LOG_00739,"[04.01.26 01:22:03] ERRMEM: VERSIONINFO: PIVI_SW4110
[04.01.26 01:22:03] Platform: gen4
[04.01.26 01:22:03] Component: Kernel
[04.01.26 01:22:03] WARNING: Task execution time exceeded threshold
[04.01.26 01:22:03] ERROR: WATCHDOG_RESET triggered
[04.01.26 01:22:03] TRACE: System reset due to watchdog timeout
[04.01.26 01:22:03] INFO: Last task: Kernel_handler
[04.01.26 01:22:03] CRITICAL: System HANG
[04.01.26 01:22:03] INFO: Component initialized successfully
[04.01.26 01:22:03] DEBUG: Processing event queue",Watchdog Timeout,CRITICAL,PIVI_SW4110,gen4,True,False,46238,Kernel
LOG_00740,"[10.01.26 01:22:03] ERRMEM: VERSIONINFO: PIVI_SW4110
[10.01.26 01:22:03] Platform: gen3
[10.01.26 01:22:03] Component: Multimedia
[10.01.26 01:22:03] WARNING: High memory usage detected
[10.01.26 01:22:03] ERROR: Heap allocation failed in Multimedia
[10.01.26 01:22:03] TRACE: malloc returned NULL
[10.01.26 01:22:03] INFO: Available memory: 128 KB / 2048 KB
[10.01.26 01:22:03] ERROR: Memory leak suspected in navigation module
[10.01.26 01:22:03] TRACE: MEMORY - size: 267 bytes
[10.01.26 01:22:03] INFO: Component initialized successfully",Memory Leak,HIGH,PIVI_SW4110,gen3,False,True,49270,Multimedia
LOG_00741,"[05.01.26 01:22:03] ERRMEM: VERSIONINFO: PIVI_SW4100
[05.01.26 01:22:03] Platform: gen3
[05.01.26 01:22:03] Component: FileSystem
[05.01.26 01:22:03] ERROR: DISK in FileSystem
[05.01.26 01:22:03] ERROR: READ in FileSystem
[05.01.26 01:22:03] ERROR: READ in FileSystem
[05.01.26 01:22:03] ERROR: CORRUPT in FileSystem
[05.01.26 01:22:03] ERROR: DISK in FileSystem
[05.01.26 01:22:03] ERROR: FILESYSTEM in FileSystem
[05.01.26 01:22:03] DEBUG: Processing event queue
[05.01.26 01:22:03] INFO: Component initialized successfully",File System Error,MEDIUM,PIVI_SW4100,gen3,True,False,22250,FileSystem
LOG_00742,"[14.01.26 01:22:03] ERRMEM: VERSIONINFO: AIVI_SW5244
[14.01.26 01:22:03] Platform: gen4
[14.01.26 01:22:03] Component: Hardware
[14.01.26 01:22:03] ERROR: SPI in Hardware
[14.01.26 01:22:03] ERROR: FAULT in Hardware
[14.01.26 01:22:03] ERROR: GPIO in Hardware
[14.01.26 01:22:03] ERROR: SPI in Hardware
[14.01.26 01:22:03] ERROR: SENSOR in Hardware
[14.01.26 01:22:03] ERROR: FAULT in Hardware
[14.01.26 01:22:03] INFO: Component initialized successfully
[14.01.26 01:22:03] INFO: System running normally",Hardware Fault,HIGH,AIVI_SW5244,gen4,False,True,36935,Hardware
LOG_00743,"[26.12.25 01:22:03] ERRMEM: VERSIONINFO: PIVI_SW4110
[26.12.25 01:22:03] Platform: gen3
[26.12.25 01:22:03] Component: SW_SWUPDATE
[26.12.25 01:22:03] INFO: Starting software update
[26.12.25 01:22:03] WARNING: Update verification failed
[26.12.25 01:22:03] ERROR: Flash write error at block 227
[26.12.25 01:22:03] TRACE: Rolling back to previous version
[26.12.25 01:22:03] CRITICAL: Software FAILED
[26.12.25 01:22:03] INFO: Component initialized successfully
[26.12.25 01:22:03] DEBUG: Processing event queue",SW Update Failure,HIGH,PIVI_SW4110,gen3,False,True,37179,System
LOG_00744,"[24.12.25 01:22:03] ERRMEM: VERSIONINFO: PIVI_SW4110
[24.12.25 01:22:03] Platform: gen3
[24.12.25 01:22:03] Component: Unknown
[24.12.25 01:22:03] ERROR: FAILED in Unknown
[24.12.25 01:22:03] ERROR: EXCEPTION in Unknown
[24.12.25 01:22:03] ERROR: WARNING in Unknown
[24.12.25 01:22:03] ERROR: FAILED in Unknown
[24.12.25 01:22:03] ERROR: ERROR in Unknown
[24.12.25 01:22:03] ERROR: EXCEPTION in Unknown
[24.12.25 01:22:03] INFO: System running normally
[24.12.25 01:22:03] DEBUG: Processing event queue
[24.12.25 01:22:03] INFO: Component initialized successfully",Unknown Issue,MEDIUM,PIVI_SW4110,gen3,False,True,14608,Unknown
LOG_00745,"[23.12.25 01:22:03] ERRMEM: VERSIONINFO: PIVI_SW4100
[23.12.25 01:22:03] Platform: gen3
[23.12.25 01:22:03] Component: System
[23.12.25 01:22:03] ERROR: OK in System
[23.12.25 01:22:03] ERROR: SUCCESS in System
[23.12.25 01:22:03] ERROR: OK in System
[23.12.25 01:22:03] ERROR: SUCCESS in System
[23.12.25 01:22:03] INFO: System running normally
[23.12.25 01:22:03] INFO: Component initialized successfully",No Issue,LOW,PIVI_SW4100,gen3,False,False,40910,System
LOG_00746,"[11.01.26 01:22:03] ERRMEM: VERSIONINFO: AIVI_SW5250
[11.01.26 01:22:03] Platform: gen3
[11.01.26 01:22:03] Component: Unknown
[11.01.26 01:22:03] ERROR: FAILED in Unknown
[11.01.26 01:22:03] ERROR: WARNING in Unknown
[11.01.26 01:22:03] ERROR: EXCEPTION in Unknown
[11.01.26 01:22:03] ERROR: EXCEPTION in Unknown
[11.01.26 01:22:03] ERROR: ERROR in Unknown
[11.01.26 01:22:03] ERROR: FAILED in Unknown
[11.01.26 01:22:03] INFO: System running normally
[11.01.26 01:22:03] DEBUG: Processing event queue",Unknown Issue,MEDIUM,AIVI_SW5250,gen3,True,True,2438,Unknown
LOG_00747,"[11.01.26 01:22:03] ERRMEM: VERSIONINFO: PIVI_SW4110
[11.01.26 01:22:03] Platform: gen4
[11.01.26 01:22:03] Component: Communication
[11.01.26 01:22:03] WARNING: CAN bus error detected
[11.01.26 01:22:03] ERROR: Frame transmission failed on CAN2
[11.01.26 01:22:03] TRACE: Bus-off state entered
[11.01.26 01:22:03] INFO: Error counter: 55
[11.01.26 01:22:03] ERROR: BUS on CAN interface
[11.01.26 01:22:03] INFO: Component initialized successfully
[11.01.26 01:22:03] DEBUG: Processing event queue
[11.01.26 01:22:03] INFO: System running normally",CAN Bus Error,MEDIUM,PIVI_SW4110,gen4,True,False,34228,Communication
LOG_00748,"[07.01.26 01:22:03] ERRMEM: VERSIONINFO: AIVI_SW5244
[07.01.26 01:22:03] Platform: gen3
[07.01.26 01:22:03] Component: Unknown
[07.01.26 01:22:03] ERROR: WARNING in Unknown
[07.01.26 01:22:03] ERROR: EXCEPTION in Unknown
[07.01.26 01:22:03] ERROR: FAILED in Unknown
[07.01.26 01:22:03] ERROR: WARNING in Unknown
[07.01.26 01:22:03] ERROR: WARNING in Unknown
[07.01.26 01:22:03] ERROR: FAILED in Unknown
[07.01.26 01:22:03] DEBUG: Processing event queue
[07.01.26 01:22:03] INFO: System running normally
[07.01.26 01:22:03] INFO: Component initialized successfully",Unknown Issue,MEDIUM,AIVI_SW5244,gen3,True,False,13927,Unknown
LOG_00749,"[19.01.26 01:22:03] ERRMEM: VERSIONINFO: AIVI_SW5250
[19.01.26 01:22:03] Platform: gen4
[19.01.26 01:22:03] Component: Multimedia
[19.01.26 01:22:03] WARNING: High memory usage detected
[19.01.26 01:22:03] ERROR: Heap allocation failed in Multimedia
[19.01.26 01:22:03] TRACE: malloc returned NULL
[19.01.26 01:22:03] INFO: Available memory: 128 KB / 2048 KB
[19.01.26 01:22:03] ERROR: Memory leak suspected in navigation module
[19.01.26 01:22:03] TRACE: OOM - size: 4709 bytes
[19.01.26 01:22:03] INFO: System running normally
[19.01.26 01:22:03] INFO: Component initialized successfully
[19.01.26 01:22:03] DEBUG: Processing event queue",Memory Leak,HIGH,AIVI_SW5250,gen4,True,False,48798,Audio
LOG_00750,"[06.01.26 01:22:03] ERRMEM: VERSIONINFO: PIVI_SW4100
[06.01.26 01:22:03] Platform: gen3
[06.01.26 01:22:03] Component: Kernel
[06.01.26 01:22:03] CRITICAL: Kernel panic detected
[06.01.26 01:22:03] ERROR: Unable to handle kernel NULL pointer dereference
[06.01.26 01:22:03] TRACE: Exception at address 0x19C1
[06.01.26 01:22:03] ERROR: CPU 0 CRASH
[06.01.26 01:22:03] CRITICAL: System halted
[06.01.26 01:22:03] INFO: Component initialized successfully
[06.01.26 01:22:03] INFO: System running normally",Kernel Panic,CRITICAL,PIVI_SW4100,gen3,False,True,42726,System
LOG_00751,"[19.01.26 01:22:03] ERRMEM: VERSIONINFO: PIVI_SW4110
[19.01.26 01:22:03] Platform: gen4
[19.01.26 01:22:03] Component: Communication
[19.01.26 01:22:03] WARNING: CAN bus error detected
[19.01.26 01:22:03] ERROR: Frame transmission failed on CAN2
[19.01.26 01:22:03] TRACE: Bus-off state entered
[19.01.26 01:22:03] INFO: Error counter: 138
[19.01.26 01:22:03] ERROR: CAN on CAN interface
[19.01.26 01:22:03] INFO: Component initialized successfully
[19.01.26 01:22:03] INFO: System running normally
[19.01.26 01:22:03] DEBUG: Processing event queue",CAN Bus Error,MEDIUM,PIVI_SW4110,gen4,False,False,7395,Communication
LOG_00752,"[08.01.26 01:22:03] ERRMEM: VERSIONINFO: PIVI_SW4100
[08.01.26 01:22:03] Platform: gen3
[08.01.26 01:22:03] Component: Communication
[08.01.26 01:22:03] WARNING: CAN bus error detected
[08.01.26 01:22:03] ERROR: Frame transmission failed on CAN2
[08.01.26 01:22:03] TRACE: Bus-off state entered
[08.01.26 01:22:03] INFO: Error counter: 68
[08.01.26 01:22:03] ERROR: ERROR on CAN interface
[08.01.26 01:22:03] DEBUG: Processing event queue",CAN Bus Error,MEDIUM,PIVI_SW4100,gen3,True,True,47534,CAN
LOG_00753,"[14.01.26 01:22:03] ERRMEM: VERSIONINFO: PIVI_SW4110
[14.01.26 01:22:03] Platform: gen3
[14.01.26 01:22:03] Component: Kernel
[14.01.26 01:22:03] WARNING: Task execution time exceeded threshold
[14.01.26 01:22:03] ERROR: WATCHDOG_RESET triggered
[14.01.26 01:22:03] TRACE: System reset due to watchdog timeout
[14.01.26 01:22:03] INFO: Last task: Kernel_handler
[14.01.26 01:22:03] CRITICAL: System RESET
[14.01.26 01:22:03] INFO: Component initialized successfully
[14.01.26 01:22:03] INFO: System running normally",Watchdog Timeout,CRITICAL,PIVI_SW4110,gen3,False,False,45499,Power
LOG_00754,"[19.01.26 01:22:03] ERRMEM: VERSIONINFO: AIVI_SW5244
[19.01.26 01:22:03] Platform: gen4
[19.01.26 01:22:03] Component: System
[19.01.26 01:22:03] INFO: Starting software update
[19.01.26 01:22:03] WARNING: Update verification failed
[19.01.26 01:22:03] ERROR: Flash write error at block 599
[19.01.26 01:22:03] TRACE: Rolling back to previous version
[19.01.26 01:22:03] CRITICAL: Software VERSION
[19.01.26 01:22:03] DEBUG: Processing event queue",SW Update Failure,HIGH,AIVI_SW5244,gen4,True,True,14898,System
LOG_00755,"[26.12.25 01:22:03] ERRMEM: VERSIONINFO: AIVI_SW5244
[26.12.25 01:22:03] Platform: gen3
[26.12.25 01:22:03] Component: Communication
[26.12.25 01:22:03] ERROR: SOCKET in Communication
[26.12.25 01:22:03] ERROR: TIMEOUT in Communication
[26.12.25 01:22:03] ERROR: CONNECTION in Communication
[26.12.25 01:22:03] ERROR: TIMEOUT in Communication
[26.12.25 01:22:03] ERROR: CONNECTION in Communication
[26.12.25 01:22:03] DEBUG: Processing event queue
[26.12.25 01:22:03] INFO: System running normally
[26.12.25 01:22:03] INFO: Component initialized successfully",Network Timeout,LOW,AIVI_SW5244,gen3,False,True,24955,Communication
LOG_00756,"[28.12.25 01:22:03] ERRMEM: VERSIONINFO: AIVI_SW5250
[28.12.25 01:22:03] Platform: gen4
[28.12.25 01:22:03] Component: Navigation
[28.12.25 01:22:03] WARNING: High memory usage detected
[28.12.25 01:22:03] ERROR: Heap allocation failed in Navigation
[28.12.25 01:22:03] TRACE: malloc returned NULL
[28.12.25 01:22:03] INFO: Available memory: 128 KB / 2048 KB
[28.12.25 01:22:03] ERROR: Memory leak suspected in navigation module
[28.12.25 01:22:03] TRACE: OOM - size: 1410 bytes
[28.12.25 01:22:03] INFO: Component initialized successfully
[28.12.25 01:22:03] INFO: System running normally
[28.12.25 01:22:03] DEBUG: Processing event queue",Memory Leak,HIGH,AIVI_SW5250,gen4,True,True,36645,Navigation
LOG_00757,"[03.01.26 01:22:03] ERRMEM: VERSIONINFO: PIVI_SW4110
[03.01.26 01:22:03] Platform: gen3
[03.01.26 01:22:03] Component: Unknown
[03.01.26 01:22:03] ERROR: WARNING in Unknown
[03.01.26 01:22:03] ERROR: EXCEPTION in Unknown
[03.01.26 01:22:03] ERROR: WARNING in Unknown
[03.01.26 01:22:03] INFO: System running normally",Unknown Issue,MEDIUM,PIVI_SW4110,gen3,True,True,13018,Unknown
LOG_00758,"[14.01.26 01:22:03] ERRMEM: VERSIONINFO: PIVI_SW4100
[14.01.26 01:22:03] Platform: gen3
[14.01.26 01:22:03] Component: Unknown
[14.01.26 01:22:03] ERROR: FAILED in Unknown
[14.01.26 01:22:03] ERROR: EXCEPTION in Unknown
[14.01.26 01:22:03] ERROR: FAILED in Unknown
[14.01.26 01:22:03] ERROR: FAILED in Unknown
[14.01.26 01:22:03] ERROR: EXCEPTION in Unknown
[14.01.26 01:22:03] INFO: System running normally
[14.01.26 01:22:03] INFO: Component initialized successfully",Unknown Issue,MEDIUM,PIVI_SW4100,gen3,False,False,11518,Unknown
LOG_00759,"[07.01.26 01:22:03] ERRMEM: VERSIONINFO: AIVI_SW5250
[07.01.26 01:22:03] Platform: gen3
[07.01.26 01:22:03] Component: Communication
[07.01.26 01:22:03] WARNING: CAN bus error detected
[07.01.26 01:22:03] ERROR: Frame transmission failed on CAN2
[07.01.26 01:22:03] TRACE: Bus-off state entered
[07.01.26 01:22:03] INFO: Error counter: 42
[07.01.26 01:22:03] ERROR: ERROR on CAN interface
[07.01.26 01:22:03] DEBUG: Processing event queue
[07.01.26 01:22:03] INFO: Component initialized successfully",CAN Bus Error,MEDIUM,AIVI_SW5250,gen3,True,True,6359,CAN
LOG_00760,"[02.01.26 01:22:03] ERRMEM: VERSIONINFO: AIVI_SW5250
[02.01.26 01:22:03] Platform: gen3
[02.01.26 01:22:03] Component: System
[02.01.26 01:22:03] ERROR: RUNNING in System
[02.01.26 01:22:03] ERROR: OK in System
[02.01.26 01:22:03] ERROR: NORMAL in System
[02.01.26 01:22:03] DEBUG: Processing event queue
[02.01.26 01:22:03] INFO: Component initialized successfully",No Issue,LOW,AIVI_SW5250,gen3,False,True,30574,System
LOG_00761,"[04.01.26 01:22:03] ERRMEM: VERSIONINFO: AIVI_SW5244
[04.01.26 01:22:03] Platform: gen3
[04.01.26 01:22:03] Component: System
[04.01.26 01:22:03] WARNING: Task execution time exceeded threshold
[04.01.26 01:22:03] ERROR: WATCHDOG_RESET triggered
[04.01.26 01:22:03] TRACE: System reset due to watchdog timeout
[04.01.26 01:22:03] INFO: Last task: System_handler
[04.01.26 01:22:03] CRITICAL: System WATCHDOG
[04.01.26 01:22:03] INFO: System running normally
[04.01.26 01:22:03] INFO: Component initialized successfully",Watchdog Timeout,CRITICAL,AIVI_SW5244,gen3,False,False,38502,Kernel
LOG_00762,"[30.12.25 01:22:03] ERRMEM: VERSIONINFO: AIVI_SW5250
[30.12.25 01:22:03] Platform: gen3
[30.12.25 01:22:03] Component: Audio
[30.12.25 01:22:03] WARNING: High memory usage detected
[30.12.25 01:22:03] ERROR: Heap allocation failed in Audio
[30.12.25 01:22:03] TRACE: malloc returned NULL
[30.12.25 01:22:03] INFO: Available memory: 128 KB / 2048 KB
[30.12.25 01:22:03] ERROR: Memory leak suspected in navigation module
[30.12.25 01:22:03] TRACE: LEAK - size: 417 bytes
[30.12.25 01:22:03] INFO: System running normally
[30.12.25 01:22:03] INFO: Component initialized successfully
[30.12.25 01:22:03] DEBUG: Processing event queue",Memory Leak,HIGH,AIVI_SW5250,gen3,True,False,43959,Multimedia
LOG_00763,"[18.01.26 01:22:03] ERRMEM: VERSIONINFO: AIVI_SW5250
[18.01.26 01:22:03] Platform: gen3
[18.01.26 01:22:03] Component: SW_SWUPDATE
[18.01.26 01:22:03] INFO: Starting software update
[18.01.26 01:22:03] WARNING: Update verification failed
[18.01.26 01:22:03] ERROR: Flash write error at block 243
[18.01.26 01:22:03] TRACE: Rolling back to previous version
[18.01.26 01:22:03] CRITICAL: Software INSTALLATION
[18.01.26 01:22:03] DEBUG: Processing event queue",SW Update Failure,HIGH,AIVI_SW5250,gen3,False,True,32564,SW_SWUPDATE
LOG_00764,"[27.12.25 01:22:03] ERRMEM: VERSIONINFO: AIVI_SW5250
[27.12.25 01:22:03] Platform: gen3
[27.12.25 01:22:03] Component: System
[27.12.25 01:22:03] ERROR: OK in System
[27.12.25 01:22:03] ERROR: NORMAL in System
[27.12.25 01:22:03] ERROR: NORMAL in System
[27.12.25 01:22:03] ERROR: OK in System
[27.12.25 01:22:03] ERROR: SUCCESS in System
[27.12.25 01:22:03] DEBUG: Processing event queue
[27.12.25 01:22:03] INFO: Component initialized successfully
[27.12.25 01:22:03] INFO: System running normally",No Issue,LOW,AIVI_SW5250,gen3,True,False,36500,System
LOG_00765,"[09.01.26 01:22:03] ERRMEM: VERSIONINFO: PIVI_SW4100
[09.01.26 01:22:03] Platform: gen3
[09.01.26 01:22:03] Component: System
[09.01.26 01:22:03] ERROR: SUCCESS in System
[09.01.26 01:22:03] ERROR: RUNNING in System
[09.01.26 01:22:03] ERROR: NORMAL in System
[09.01.26 01:22:03] ERROR: NORMAL in System
[09.01.26 01:22:03] ERROR: COMPLETED in System
[09.01.26 01:22:03] INFO: Component initialized successfully
[09.01.26 01:22:03] DEBUG: Processing event queue",No Issue,LOW,PIVI_SW4100,gen3,False,False,40614,System
LOG_00766,"[12.01.26 01:22:03] ERRMEM: VERSIONINFO: AIVI_SW5244
[12.01.26 01:22:03] Platform: gen4
[12.01.26 01:22:03] Component: Unknown
[12.01.26 01:22:03] ERROR: FAILED in Unknown
[12.01.26 01:22:03] ERROR: FAILED in Unknown
[12.01.26 01:22:03] ERROR: ISSUE in Unknown
[12.01.26 01:22:03] INFO: Component initialized successfully",Unknown Issue,MEDIUM,AIVI_SW5244,gen4,True,True,46348,Unknown
LOG_00767,"[22.01.26 01:22:03] ERRMEM: VERSIONINFO: PIVI_SW4100
[22.01.26 01:22:03] Platform: gen4
[22.01.26 01:22:03] Component: System
[22.01.26 01:22:03] CRITICAL: Kernel panic detected
[22.01.26 01:22:03] ERROR: Unable to handle kernel NULL pointer dereference
[22.01.26 01:22:03] TRACE: Exception at address 0x1267
[22.01.26 01:22:03] ERROR: CPU 1 KERNEL
[22.01.26 01:22:03] CRITICAL: System halted
[22.01.26 01:22:03] DEBUG: Processing event queue
[22.01.26 01:22:03] INFO: System running normally
[22.01.26 01:22:03] INFO: Component initialized successfully",Kernel Panic,CRITICAL,PIVI_SW4100,gen4,False,False,30046,System
LOG_00768,"[14.01.26 01:22:03] ERRMEM: VERSIONINFO: AIVI_SW5250
[14.01.26 01:22:03] Platform: gen3
[14.01.26 01:22:03] Component: System
[14.01.26 01:22:03] ERROR: NORMAL in System
[14.01.26 01:22:03] ERROR: SUCCESS in System
[14.01.26 01:22:03] ERROR: RUNNING in System
[14.01.26 01:22:03] ERROR: RUNNING in System
[14.01.26 01:22:03] ERROR: RUNNING in System
[14.01.26 01:22:03] ERROR: OK in System
[14.01.26 01:22:03] INFO: System running normally
[14.01.26 01:22:03] DEBUG: Processing event queue",No Issue,LOW,AIVI_SW5250,gen3,True,False,20509,System
LOG_00769,"[26.12.25 01:22:03] ERRMEM: VERSIONINFO: PIVI_SW4110
[26.12.25 01:22:03] Platform: gen3
[26.12.25 01:22:03] Component: System
[26.12.25 01:22:03] ERROR: OK in System
[26.12.25 01:22:03] ERROR: OK in System
[26.12.25 01:22:03] ERROR: COMPLETED in System
[26.12.25 01:22:03] ERROR: RUNNING in System
[26.12.25 01:22:03] ERROR: NORMAL in System
[26.12.25 01:22:03] ERROR: COMPLETED in System
[26.12.25 01:22:03] INFO: System running normally
[26.12.25 01:22:03] INFO: Component initialized successfully
[26.12.25 01:22:03] DEBUG: Processing event queue",No Issue,LOW,PIVI_SW4110,gen3,False,True,5828,System
LOG_00770,"[10.01.26 01:22:03] ERRMEM: VERSIONINFO: AIVI_SW5250
[10.01.26 01:22:03] Platform: gen3
[10.01.26 01:22:03] Component: Sensors
[10.01.26 01:22:03] ERROR: SENSOR in Sensors
[10.01.26 01:22:03] ERROR: GPIO in Sensors
[10.01.26 01:22:03] ERROR: FAULT in Sensors
[10.01.26 01:22:03] ERROR: FAULT in Sensors
[10.01.26 01:22:03] ERROR: HARDWARE in Sensors
[10.01.26 01:22:03] ERROR: FAULT in Sensors
[10.01.26 01:22:03] INFO: Component initialized successfully",Hardware Fault,HIGH,AIVI_SW5250,gen3,True,False,45711,Sensors
LOG_00771,"[04.01.26 01:22:03] ERRMEM: VERSIONINFO: PIVI_SW4110
[04.01.26 01:22:03] Platform: gen4
[04.01.26 01:22:03] Component: Kernel
[04.01.26 01:22:03] CRITICAL: Kernel panic detected
[04.01.26 01:22:03] ERROR: Unable to handle kernel NULL pointer dereference
[04.01.26 01:22:03] TRACE: Exception at address 0x055C
[04.01.26 01:22:03] ERROR: CPU 3 EXCEPTION
[04.01.26 01:22:03] CRITICAL: System halted
[04.01.26 01:22:03] INFO: Component initialized successfully
[04.01.26 01:22:03] DEBUG: Processing event queue
[04.01.26 01:22:03] INFO: System running normally",Kernel Panic,CRITICAL,PIVI_SW4110,gen4,False,False,25197,System
LOG_00772,"[26.12.25 01:22:03] ERRMEM: VERSIONINFO: AIVI_SW5250
[26.12.25 01:22:03] Platform: gen3
[26.12.25 01:22:03] Component: Kernel
[26.12.25 01:22:03] CRITICAL: Kernel panic detected
[26.12.25 01:22:03] ERROR: Unable to handle kernel NULL pointer dereference
[26.12.25 01:22:03] TRACE: Exception at address 0x205A
[26.12.25 01:22:03] ERROR: CPU 3 PANIC
[26.12.25 01:22:03] CRITICAL: System halted
[26.12.25 01:22:03] INFO: System running normally",Kernel Panic,CRITICAL,AIVI_SW5250,gen3,True,True,13400,Kernel
LOG_00773,"[18.01.26 01:22:03] ERRMEM: VERSIONINFO: AIVI_SW5250
[18.01.26 01:22:03] Platform: gen4
[18.01.26 01:22:03] Component: Communication
[18.01.26 01:22:03] ERROR: REFUSED in Communication
[18.01.26 01:22:03] ERROR: TIMEOUT in Communication
[18.01.26 01:22:03] ERROR: REFUSED in Communication
[18.01.26 01:22:03] ERROR: TIMEOUT in Communication
[18.01.26 01:22:03] DEBUG: Processing event queue
[18.01.26 01:22:03] INFO: Component initialized successfully
[18.01.26 01:22:03] INFO: System running normally",Network Timeout,LOW,AIVI_SW5250,gen4,False,False,41303,Network
LOG_00774,"[24.12.25 01:22:03] ERRMEM: VERSIONINFO: AIVI_SW5250
[24.12.25 01:22:03] Platform: gen3
[24.12.25 01:22:03] Component: Storage
[24.12.25 01:22:03] ERROR: CORRUPT in Storage
[24.12.25 01:22:03] ERROR: READ in Storage
[24.12.25 01:22:03] ERROR: DISK in Storage
[24.12.25 01:22:03] INFO: System running normally
[24.12.25 01:22:03] DEBUG: Processing event queue
[24.12.25 01:22:03] INFO: Component initialized successfully",File System Error,MEDIUM,AIVI_SW5250,gen3,False,True,8313,FileSystem
LOG_00775,"[05.01.26 01:22:03] ERRMEM: VERSIONINFO: AIVI_SW5250
[05.01.26 01:22:03] Platform: gen3
[05.01.26 01:22:03] Component: Network
[05.01.26 01:22:03] WARNING: CAN bus error detected
[05.01.26 01:22:03] ERROR: Frame transmission failed on CAN2
[05.01.26 01:22:03] TRACE: Bus-off state entered
[05.01.26 01:22:03] INFO: Error counter: 107
[05.01.26 01:22:03] ERROR: ARBITRATION on CAN interface
[05.01.26 01:22:03] INFO: System running normally",CAN Bus Error,MEDIUM,AIVI_SW5250,gen3,False,False,12476,CAN
LOG_00776,"[01.01.26 01:22:03] ERRMEM: VERSIONINFO: AIVI_SW5244
[01.01.26 01:22:03] Platform: gen4
[01.01.26 01:22:03] Component: Power
[01.01.26 01:22:03] WARNING: Task execution time exceeded threshold
[01.01.26 01:22:03] ERROR: WATCHDOG_RESET triggered
[01.01.26 01:22:03] TRACE: System reset due to watchdog timeout
[01.01.26 01:22:03] INFO: Last task: Power_handler
[01.01.26 01:22:03] CRITICAL: System WATCHDOG
[01.01.26 01:22:03] INFO: Component initialized successfully
[01.01.26 01:22:03] DEBUG: Processing event queue
[01.01.26 01:22:03] INFO: System running normally",Watchdog Timeout,CRITICAL,AIVI_SW5244,gen4,False,False,40845,Power
LOG_00777,"[23.12.25 01:22:03] ERRMEM: VERSIONINFO: PIVI_SW4100
[23.12.25 01:22:03] Platform: gen3
[23.12.25 01:22:03] Component: Hardware
[23.12.25 01:22:03] ERROR: SENSOR in Hardware
[23.12.25 01:22:03] ERROR: SENSOR in Hardware
[23.12.25 01:22:03] ERROR: SENSOR in Hardware
[23.12.25 01:22:03] ERROR: SPI in Hardware
[23.12.25 01:22:03] ERROR: FAULT in Hardware
[23.12.25 01:22:03] DEBUG: Processing event queue
[23.12.25 01:22:03] INFO: System running normally
[23.12.25 01:22:03] INFO: Component initialized successfully",Hardware Fault,HIGH,PIVI_SW4100,gen3,False,False,44822,Sensors
LOG_00778,"[13.01.26 01:22:03] ERRMEM: VERSIONINFO: PIVI_SW4110
[13.01.26 01:22:03] Platform: gen3
[13.01.26 01:22:03] Component: Multimedia
[13.01.26 01:22:03] WARNING: High memory usage detected
[13.01.26 01:22:03] ERROR: Heap allocation failed in Multimedia
[13.01.26 01:22:03] TRACE: malloc returned NULL
[13.01.26 01:22:03] INFO: Available memory: 128 KB / 2048 KB
[13.01.26 01:22:03] ERROR: Memory leak suspected in navigation module
[13.01.26 01:22:03] TRACE: MALLOC - size: 4772 bytes
[13.01.26 01:22:03] INFO: System running normally",Memory Leak,HIGH,PIVI_SW4110,gen3,False,False,1700,Navigation
LOG_00779,"[25.12.25 01:22:03] ERRMEM: VERSIONINFO: AIVI_SW5250
[25.12.25 01:22:03] Platform: gen3
[25.12.25 01:22:03] Component: System
[25.12.25 01:22:03] ERROR: RUNNING in System
[25.12.25 01:22:03] ERROR: RUNNING in System
[25.12.25 01:22:03] ERROR: OK in System
[25.12.25 01:22:03] ERROR: SUCCESS in System
[25.12.25 01:22:03] INFO: System running normally
[25.12.25 01:22:03] DEBUG: Processing event queue",No Issue,LOW,AIVI_SW5250,gen3,True,True,15418,System
LOG_00780,"[08.01.26 01:22:03] ERRMEM: VERSIONINFO: PIVI_SW4110
[08.01.26 01:22:03] Platform: gen4
[08.01.26 01:22:03] Component: Unknown
[08.01.26 01:22:03] ERROR: ERROR in Unknown
[08.01.26 01:22:03] ERROR: FAILED in Unknown
[08.01.26 01:22:03] ERROR: FAILED in Unknown
[08.01.26 01:22:03] INFO: Component initialized successfully
[08.01.26 01:22:03] DEBUG: Processing event queue
[08.01.26 01:22:03] INFO: System running normally",Unknown Issue,MEDIUM,PIVI_SW4110,gen4,False,True,44823,Unknown
LOG_00781,"[03.01.26 01:22:03] ERRMEM: VERSIONINFO: AIVI_SW5244
[03.01.26 01:22:03] Platform: gen3
[03.01.26 01:22:03] Component: Multimedia
[03.01.26 01:22:03] WARNING: High memory usage detected
[03.01.26 01:22:03] ERROR: Heap allocation failed in Multimedia
[03.01.26 01:22:03] TRACE: malloc returned NULL
[03.01.26 01:22:03] INFO: Available memory: 128 KB / 2048 KB
[03.01.26 01:22:03] ERROR: Memory leak suspected in navigation module
[03.01.26 01:22:03] TRACE: MALLOC - size: 860 bytes
[03.01.26 01:22:03] INFO: Component initialized successfully
[03.01.26 01:22:03] DEBUG: Processing event queue
[03.01.26 01:22:03] INFO: System running normally",Memory Leak,HIGH,AIVI_SW5244,gen3,True,True,11082,Navigation
LOG_00782,"[21.01.26 01:22:03] ERRMEM: VERSIONINFO: AIVI_SW5244
[21.01.26 01:22:03] Platform: gen4
[21.01.26 01:22:03] Component: Unknown
[21.01.26 01:22:03] ERROR: WARNING in Unknown
[21.01.26 01:22:03] ERROR: EXCEPTION in Unknown
[21.01.26 01:22:03] ERROR: WARNING in Unknown
[21.01.26 01:22:03] ERROR: FAILED in Unknown
[21.01.26 01:22:03] ERROR: ERROR in Unknown
[21.01.26 01:22:03] INFO: Component initialized successfully",Unknown Issue,MEDIUM,AIVI_SW5244,gen4,False,False,34748,Unknown
LOG_00783,"[20.01.26 01:22:03] ERRMEM: VERSIONINFO: PIVI_SW4110
[20.01.26 01:22:03] Platform: gen3
[20.01.26 01:22:03] Component: Unknown
[20.01.26 01:22:03] ERROR: EXCEPTION in Unknown
[20.01.26 01:22:03] ERROR: EXCEPTION in Unknown
[20.01.26 01:22:03] ERROR: EXCEPTION in Unknown
[20.01.26 01:22:03] ERROR: ISSUE in Unknown
[20.01.26 01:22:03] ERROR: WARNING in Unknown
[20.01.26 01:22:03] INFO: System running normally
[20.01.26 01:22:03] DEBUG: Processing event queue
[20.01.26 01:22:03] INFO: Component initialized successfully",Unknown Issue,MEDIUM,PIVI_SW4110,gen3,True,False,43457,Unknown
LOG_00784,"[06.01.26 01:22:03] ERRMEM: VERSIONINFO: PIVI_SW4100
[06.01.26 01:22:03] Platform: gen4
[06.01.26 01:22:03] Component: Kernel
[06.01.26 01:22:03] CRITICAL: Kernel panic detected
[06.01.26 01:22:03] ERROR: Unable to handle kernel NULL pointer dereference
[06.01.26 01:22:03] TRACE: Exception at address 0x09B7
[06.01.26 01:22:03] ERROR: CPU 3 PANIC
[06.01.26 01:22:03] CRITICAL: System halted
[06.01.26 01:22:03] INFO: System running normally",Kernel Panic,CRITICAL,PIVI_SW4100,gen4,False,True,24763,Kernel
LOG_00785,"[25.12.25 01:22:03] ERRMEM: VERSIONINFO: AIVI_SW5244
[25.12.25 01:22:03] Platform: gen3
[25.12.25 01:22:03] Component: FileSystem
[25.12.25 01:22:03] ERROR: READ in FileSystem
[25.12.25 01:22:03] ERROR: DISK in FileSystem
[25.12.25 01:22:03] ERROR: INODE in FileSystem
[25.12.25 01:22:03] ERROR: FILESYSTEM in FileSystem
[25.12.25 01:22:03] ERROR: READ in FileSystem
[25.12.25 01:22:03] ERROR: MOUNT in FileSystem
[25.12.25 01:22:03] DEBUG: Processing event queue",File System Error,MEDIUM,AIVI_SW5244,gen3,True,True,12141,FileSystem
LOG_00786,"[26.12.25 01:22:03] ERRMEM: VERSIONINFO: PIVI_SW4110
[26.12.25 01:22:03] Platform: gen3
[26.12.25 01:22:03] Component: Network
[26.12.25 01:22:03] ERROR: REFUSED in Network
[26.12.25 01:22:03] ERROR: TCP in Network
[26.12.25 01:22:03] ERROR: CONNECTION in Network
[26.12.25 01:22:03] DEBUG: Processing event queue
[26.12.25 01:22:03] INFO: System running normally",Network Timeout,LOW,PIVI_SW4110,gen3,False,False,22649,Communication
LOG_00787,"[19.01.26 01:22:03] ERRMEM: VERSIONINFO: AIVI_SW5250
[19.01.26 01:22:03] Platform: gen3
[19.01.26 01:22:03] Component: Communication
[19.01.26 01:22:03] ERROR: TCP in Communication
[19.01.26 01:22:03] ERROR: TIMEOUT in Communication
[19.01.26 01:22:03] ERROR: TCP in Communication
[19.01.26 01:22:03] ERROR: REFUSED in Communication
[19.01.26 01:22:03] INFO: System running normally
[19.01.26 01:22:03] INFO: Component initialized successfully",Network Timeout,LOW,AIVI_SW5250,gen3,True,True,19316,Communication
LOG_00788,"[06.01.26 01:22:03] ERRMEM: VERSIONINFO: AIVI_SW5244
[06.01.26 01:22:03] Platform: gen4
[06.01.26 01:22:03] Component: Unknown
[06.01.26 01:22:03] ERROR: ERROR in Unknown
[06.01.26 01:22:03] ERROR: WARNING in Unknown
[06.01.26 01:22:03] ERROR: FAILED in Unknown
[06.01.26 01:22:03] ERROR: WARNING in Unknown
[06.01.26 01:22:03] ERROR: EXCEPTION in Unknown
[06.01.26 01:22:03] ERROR: FAILED in Unknown
[06.01.26 01:22:03] INFO: System running normally
[06.01.26 01:22:03] INFO: Component initialized successfully
[06.01.26 01:22:03] DEBUG: Processing event queue",Unknown Issue,MEDIUM,AIVI_SW5244,gen4,True,True,21365,Unknown
LOG_00789,"[01.01.26 01:22:03] ERRMEM: VERSIONINFO: PIVI_SW4110
[01.01.26 01:22:03] Platform: gen4
[01.01.26 01:22:03] Component: Network
[01.01.26 01:22:03] WARNING: CAN bus error detected
[01.01.26 01:22:03] ERROR: Frame transmission failed on CAN2
[01.01.26 01:22:03] TRACE: Bus-off state entered
[01.01.26 01:22:03] INFO: Error counter: 98
[01.01.26 01:22:03] ERROR: ERROR on CAN interface
[01.01.26 01:22:03] INFO: System running normally
[01.01.26 01:22:03] INFO: Component initialized successfully",CAN Bus Error,MEDIUM,PIVI_SW4110,gen4,False,False,40005,Network
LOG_00790,"[06.01.26 01:22:03] ERRMEM: VERSIONINFO: PIVI_SW4110
[06.01.26 01:22:03] Platform: gen4
[06.01.26 01:22:03] Component: SW_SWUPDATE
[06.01.26 01:22:03] INFO: Starting software update
[06.01.26 01:22:03] WARNING: Update verification failed
[06.01.26 01:22:03] ERROR: Flash write error at block 120
[06.01.26 01:22:03] TRACE: Rolling back to previous version
[06.01.26 01:22:03] CRITICAL: Software UPGRADE
[06.01.26 01:22:03] INFO: Component initialized successfully
[06.01.26 01:22:03] DEBUG: Processing event queue
[06.01.26 01:22:03] INFO: System running normally",SW Update Failure,HIGH,PIVI_SW4110,gen4,True,False,8449,System
LOG_00791,"[05.01.26 01:22:03] ERRMEM: VERSIONINFO: AIVI_SW5244
[05.01.26 01:22:03] Platform: gen3
[05.01.26 01:22:03] Component: System
[05.01.26 01:22:03] ERROR: NORMAL in System
[05.01.26 01:22:03] ERROR: NORMAL in System
[05.01.26 01:22:03] ERROR: COMPLETED in System
[05.01.26 01:22:03] INFO: Component initialized successfully",No Issue,LOW,AIVI_SW5244,gen3,True,False,17550,System
LOG_00792,"[01.01.26 01:22:03] ERRMEM: VERSIONINFO: AIVI_SW5244
[01.01.26 01:22:03] Platform: gen4
[01.01.26 01:22:03] Component: Network
[01.01.26 01:22:03] WARNING: CAN bus error detected
[01.01.26 01:22:03] ERROR: Frame transmission failed on CAN2
[01.01.26 01:22:03] TRACE: Bus-off state entered
[01.01.26 01:22:03] INFO: Error counter: 91
[01.01.26 01:22:03] ERROR: FRAME on CAN interface
[01.01.26 01:22:03] INFO: Component initialized successfully
[01.01.26 01:22:03] INFO: System running normally
[01.01.26 01:22:03] DEBUG: Processing event queue",CAN Bus Error,MEDIUM,AIVI_SW5244,gen4,True,False,8648,Network
LOG_00793,"[31.12.25 01:22:03] ERRMEM: VERSIONINFO: AIVI_SW5250
[31.12.25 01:22:03] Platform: gen4
[31.12.25 01:22:03] Component: Multimedia
[31.12.25 01:22:03] WARNING: High memory usage detected
[31.12.25 01:22:03] ERROR: Heap allocation failed in Multimedia
[31.12.25 01:22:03] TRACE: malloc returned NULL
[31.12.25 01:22:03] INFO: Available memory: 128 KB / 2048 KB
[31.12.25 01:22:03] ERROR: Memory leak suspected in navigation module
[31.12.25 01:22:03] TRACE: MEMORY - size: 1073 bytes
[31.12.25 01:22:03] INFO: Component initialized successfully",Memory Leak,HIGH,AIVI_SW5250,gen4,True,False,12080,Audio
LOG_00794,"[28.12.25 01:22:03] ERRMEM: VERSIONINFO: PIVI_SW4100
[28.12.25 01:22:03] Platform: gen4
[28.12.25 01:22:03] Component: Power
[28.12.25 01:22:03] WARNING: Task execution time exceeded threshold
[28.12.25 01:22:03] ERROR: WATCHDOG_RESET triggered
[28.12.25 01:22:03] TRACE: System reset due to watchdog timeout
[28.12.25 01:22:03] INFO: Last task: Power_handler
[28.12.25 01:22:03] CRITICAL: System DEADLOCK
[28.12.25 01:22:03] DEBUG: Processing event queue
[28.12.25 01:22:03] INFO: System running normally
[28.12.25 01:22:03] INFO: Component initialized successfully",Watchdog Timeout,CRITICAL,PIVI_SW4100,gen4,False,False,46093,Power
LOG_00795,"[12.01.26 01:22:03] ERRMEM: VERSIONINFO: PIVI_SW4110
[12.01.26 01:22:03] Platform: gen3
[12.01.26 01:22:03] Component: SW_SWUPDATE
[12.01.26 01:22:03] INFO: Starting software update
[12.01.26 01:22:03] WARNING: Update verification failed
[12.01.26 01:22:03] ERROR: Flash write error at block 372
[12.01.26 01:22:03] TRACE: Rolling back to previous version
[12.01.26 01:22:03] CRITICAL: Software FAILED
[12.01.26 01:22:03] INFO: System running normally
[12.01.26 01:22:03] DEBUG: Processing event queue",SW Update Failure,HIGH,PIVI_SW4110,gen3,False,False,46333,SW_SWUPDATE
LOG_00796,"[19.01.26 01:22:03] ERRMEM: VERSIONINFO: PIVI_SW4100
[19.01.26 01:22:03] Platform: gen4
[19.01.26 01:22:03] Component: Communication
[19.01.26 01:22:03] WARNING: CAN bus error detected
[19.01.26 01:22:03] ERROR: Frame transmission failed on CAN2
[19.01.26 01:22:03] TRACE: Bus-off state entered
[19.01.26 01:22:03] INFO: Error counter: 128
[19.01.26 01:22:03] ERROR: CAN on CAN interface
[19.01.26 01:22:03] INFO: System running normally
[19.01.26 01:22:03] INFO: Component initialized successfully",CAN Bus Error,MEDIUM,PIVI_SW4100,gen4,False,False,1711,CAN
LOG_00797,"[23.12.25 01:22:03] ERRMEM: VERSIONINFO: AIVI_SW5244
[23.12.25 01:22:03] Platform: gen3
[23.12.25 01:22:03] Component: System
[23.12.25 01:22:03] ERROR: SUCCESS in System
[23.12.25 01:22:03] ERROR: NORMAL in System
[23.12.25 01:22:03] ERROR: SUCCESS in System
[23.12.25 01:22:03] ERROR: COMPLETED in System
[23.12.25 01:22:03] ERROR: RUNNING in System
[23.12.25 01:22:03] INFO: System running normally",No Issue,LOW,AIVI_SW5244,gen3,True,True,10299,System
LOG_00798,"[19.01.26 01:22:03] ERRMEM: VERSIONINFO: AIVI_SW5244
[19.01.26 01:22:03] Platform: gen4
[19.01.26 01:22:03] Component: System
[19.01.26 01:22:03] INFO: Starting software update
[19.01.26 01:22:03] WARNING: Update verification failed
[19.01.26 01:22:03] ERROR: Flash write error at block 253
[19.01.26 01:22:03] TRACE: Rolling back to previous version
[19.01.26 01:22:03] CRITICAL: Software FLASH
[19.01.26 01:22:03] INFO: Component initialized successfully
[19.01.26 01:22:03] INFO: System running normally
[19.01.26 01:22:03] DEBUG: Processing event queue",SW Update Failure,HIGH,AIVI_SW5244,gen4,True,False,39646,SW_SWUPDATE
LOG_00799,"[30.12.25 01:22:03] ERRMEM: VERSIONINFO: PIVI_SW4110
[30.12.25 01:22:03] Platform: gen3
[30.12.25 01:22:03] Component: System
[30.12.25 01:22:03] INFO: Starting software update
[30.12.25 01:22:03] WARNING: Update verification failed
[30.12.25 01:22:03] ERROR: Flash write error at block 294
[30.12.25 01:22:03] TRACE: Rolling back to previous version
[30.12.25 01:22:03] CRITICAL: Software UPDATE
[30.12.25 01:22:03] INFO: System running normally
[30.12.25 01:22:03] INFO: Component initialized successfully",SW Update Failure,HIGH,PIVI_SW4110,gen3,True,False,18379,SW_SWUPDATE
LOG_00800,"[06.01.26 01:22:03] ERRMEM: VERSIONINFO: AIVI_SW5244
[06.01.26 01:22:03] Platform: gen3
[06.01.26 01:22:03] Component: System
[06.01.26 01:22:03] INFO: Starting software update
[06.01.26 01:22:03] WARNING: Update verification failed
[06.01.26 01:22:03] ERROR: Flash write error at block 254
[06.01.26 01:22:03] TRACE: Rolling back to previous version
[06.01.26 01:22:03] CRITICAL: Software UPDATE
[06.01.26 01:22:03] INFO: System running normally
[06.01.26 01:22:03] INFO: Component initialized successfully
[06.01.26 01:22:03] DEBUG: Processing event queue",SW Update Failure,HIGH,AIVI_SW5244,gen3,True,True,2994,SW_SWUPDATE
LOG_00801,"[17.01.26 01:22:03] ERRMEM: VERSIONINFO: AIVI_SW5244
[17.01.26 01:22:03] Platform: gen4
[17.01.26 01:22:03] Component: SW_SWUPDATE
[17.01.26 01:22:03] INFO: Starting software update
[17.01.26 01:22:03] WARNING: Update verification failed
[17.01.26 01:22:03] ERROR: Flash write error at block 378
[17.01.26 01:22:03] TRACE: Rolling back to previous version
[17.01.26 01:22:03] CRITICAL: Software UPDATE
[17.01.26 01:22:03] INFO: System running normally",SW Update Failure,HIGH,AIVI_SW5244,gen4,False,False,34311,SW_SWUPDATE
LOG_00802,"[04.01.26 01:22:03] ERRMEM: VERSIONINFO: PIVI_SW4110
[04.01.26 01:22:03] Platform: gen3
[04.01.26 01:22:03] Component: CAN
[04.01.26 01:22:03] WARNING: CAN bus error detected
[04.01.26 01:22:03] ERROR: Frame transmission failed on CAN2
[04.01.26 01:22:03] TRACE: Bus-off state entered
[04.01.26 01:22:03] INFO: Error counter: 45
[04.01.26 01:22:03] ERROR: ARBITRATION on CAN interface
[04.01.26 01:22:03] INFO: Component initialized successfully
[04.01.26 01:22:03] INFO: System running normally",CAN Bus Error,MEDIUM,PIVI_SW4110,gen3,False,False,30971,CAN
LOG_00803,"[08.01.26 01:22:03] ERRMEM: VERSIONINFO: AIVI_SW5250
[08.01.26 01:22:03] Platform: gen3
[08.01.26 01:22:03] Component: Navigation
[08.01.26 01:22:03] WARNING: High memory usage detected
[08.01.26 01:22:03] ERROR: Heap allocation failed in Navigation
[08.01.26 01:22:03] TRACE: malloc returned NULL
[08.01.26 01:22:03] INFO: Available memory: 128 KB / 2048 KB
[08.01.26 01:22:03] ERROR: Memory leak suspected in navigation module
[08.01.26 01:22:03] TRACE: MALLOC - size: 4419 bytes
[08.01.26 01:22:03] INFO: System running normally
[08.01.26 01:22:03] INFO: Component initialized successfully",Memory Leak,HIGH,AIVI_SW5250,gen3,True,True,28562,Audio
LOG_00804,"[27.12.25 01:22:03] ERRMEM: VERSIONINFO: AIVI_SW5250
[27.12.25 01:22:03] Platform: gen4
[27.12.25 01:22:03] Component: System
[27.12.25 01:22:03] ERROR: OK in System
[27.12.25 01:22:03] ERROR: RUNNING in System
[27.12.25 01:22:03] ERROR: SUCCESS in System
[27.12.25 01:22:03] INFO: System running normally",No Issue,LOW,AIVI_SW5250,gen4,True,True,26380,System
LOG_00805,"[20.01.26 01:22:03] ERRMEM: VERSIONINFO: AIVI_SW5244
[20.01.26 01:22:03] Platform: gen3
[20.01.26 01:22:03] Component: Network
[20.01.26 01:22:03] ERROR: CONNECTION in Network
[20.01.26 01:22:03] ERROR: REFUSED in Network
[20.01.26 01:22:03] ERROR: REFUSED in Network
[20.01.26 01:22:03] DEBUG: Processing event queue",Network Timeout,LOW,AIVI_SW5244,gen3,False,True,35271,Network
LOG_00806,"[03.01.26 01:22:03] ERRMEM: VERSIONINFO: PIVI_SW4110
[03.01.26 01:22:03] Platform: gen4
[03.01.26 01:22:03] Component: Storage
[03.01.26 01:22:03] ERROR: DISK in Storage
[03.01.26 01:22:03] ERROR: DISK in Storage
[03.01.26 01:22:03] ERROR: READ in Storage
[03.01.26 01:22:03] ERROR: CORRUPT in Storage
[03.01.26 01:22:03] ERROR: DISK in Storage
[03.01.26 01:22:03] ERROR: READ in Storage
[03.01.26 01:22:03] INFO: Component initialized successfully
[03.01.26 01:22:03] DEBUG: Processing event queue",File System Error,MEDIUM,PIVI_SW4110,gen4,False,False,39702,Storage
LOG_00807,"[14.01.26 01:22:03] ERRMEM: VERSIONINFO: AIVI_SW5250
[14.01.26 01:22:03] Platform: gen3
[14.01.26 01:22:03] Component: Network
[14.01.26 01:22:03] WARNING: CAN bus error detected
[14.01.26 01:22:03] ERROR: Frame transmission failed on CAN2
[14.01.26 01:22:03] TRACE: Bus-off state entered
[14.01.26 01:22:03] INFO: Error counter: 126
[14.01.26 01:22:03] ERROR: COMMUNICATION on CAN interface
[14.01.26 01:22:03] INFO: System running normally",CAN Bus Error,MEDIUM,AIVI_SW5250,gen3,False,False,23545,CAN
LOG_00808,"[13.01.26 01:22:03] ERRMEM: VERSIONINFO: AIVI_SW5244
[13.01.26 01:22:03] Platform: gen4
[13.01.26 01:22:03] Component: System
[13.01.26 01:22:03] INFO: Starting software update
[13.01.26 01:22:03] WARNING: Update verification failed
[13.01.26 01:22:03] ERROR: Flash write error at block 287
[13.01.26 01:22:03] TRACE: Rolling back to previous version
[13.01.26 01:22:03] CRITICAL: Software UPDATE
[13.01.26 01:22:03] INFO: Component initialized successfully
[13.01.26 01:22:03] DEBUG: Processing event queue
[13.01.26 01:22:03] INFO: System running normally",SW Update Failure,HIGH,AIVI_SW5244,gen4,False,False,5891,SW_SWUPDATE
LOG_00809,"[02.01.26 01:22:03] ERRMEM: VERSIONINFO: PIVI_SW4110
[02.01.26 01:22:03] Platform: gen4
[02.01.26 01:22:03] Component: System
[02.01.26 01:22:03] ERROR: SUCCESS in System
[02.01.26 01:22:03] ERROR: OK in System
[02.01.26 01:22:03] ERROR: COMPLETED in System
[02.01.26 01:22:03] ERROR: COMPLETED in System
[02.01.26 01:22:03] ERROR: NORMAL in System
[02.01.26 01:22:03] ERROR: SUCCESS in System
[02.01.26 01:22:03] INFO: Component initialized successfully
[02.01.26 01:22:03] INFO: System running normally
[02.01.26 01:22:03] DEBUG: Processing event queue",No Issue,LOW,PIVI_SW4110,gen4,True,True,46181,System
LOG_00810,"[30.12.25 01:22:03] ERRMEM: VERSIONINFO: PIVI_SW4110
[30.12.25 01:22:03] Platform: gen3
[30.12.25 01:22:03] Component: Unknown
[30.12.25 01:22:03] ERROR: WARNING in Unknown
[30.12.25 01:22:03] ERROR: ERROR in Unknown
[30.12.25 01:22:03] ERROR: WARNING in Unknown
[30.12.25 01:22:03] ERROR: ERROR in Unknown
[30.12.25 01:22:03] ERROR: FAILED in Unknown
[30.12.25 01:22:03] INFO: System running normally
[30.12.25 01:22:03] DEBUG: Processing event queue",Unknown Issue,MEDIUM,PIVI_SW4110,gen3,True,True,49282,Unknown
LOG_00811,"[09.01.26 01:22:03] ERRMEM: VERSIONINFO: AIVI_SW5244
[09.01.26 01:22:03] Platform: gen3
[09.01.26 01:22:03] Component: Kernel
[09.01.26 01:22:03] CRITICAL: Kernel panic detected
[09.01.26 01:22:03] ERROR: Unable to handle kernel NULL pointer dereference
[09.01.26 01:22:03] TRACE: Exception at address 0x0A31
[09.01.26 01:22:03] ERROR: CPU 2 KERNEL
[09.01.26 01:22:03] CRITICAL: System halted
[09.01.26 01:22:03] DEBUG: Processing event queue
[09.01.26 01:22:03] INFO: Component initialized successfully
[09.01.26 01:22:03] INFO: System running normally",Kernel Panic,CRITICAL,AIVI_SW5244,gen3,True,True,32084,Kernel
LOG_00812,"[24.12.25 01:22:03] ERRMEM: VERSIONINFO: PIVI_SW4110
[24.12.25 01:22:03] Platform: gen3
[24.12.25 01:22:03] Component: Navigation
[24.12.25 01:22:03] WARNING: High memory usage detected
[24.12.25 01:22:03] ERROR: Heap allocation failed in Navigation
[24.12.25 01:22:03] TRACE: malloc returned NULL
[24.12.25 01:22:03] INFO: Available memory: 128 KB / 2048 KB
[24.12.25 01:22:03] ERROR: Memory leak suspected in navigation module
[24.12.25 01:22:03] TRACE: MALLOC - size: 2531 bytes
[24.12.25 01:22:03] INFO: Component initialized successfully
[24.12.25 01:22:03] DEBUG: Processing event queue",Memory Leak,HIGH,PIVI_SW4110,gen3,False,False,39952,Audio
LOG_00813,"[09.01.26 01:22:03] ERRMEM: VERSIONINFO: AIVI_SW5244
[09.01.26 01:22:03] Platform: gen3
[09.01.26 01:22:03] Component: Unknown
[09.01.26 01:22:03] ERROR: WARNING in Unknown
[09.01.26 01:22:03] ERROR: FAILED in Unknown
[09.01.26 01:22:03] ERROR: EXCEPTION in Unknown
[09.01.26 01:22:03] ERROR: WARNING in Unknown
[09.01.26 01:22:03] ERROR: ERROR in Unknown
[09.01.26 01:22:03] INFO: System running normally
[09.01.26 01:22:03] DEBUG: Processing event queue
[09.01.26 01:22:03] INFO: Component initialized successfully",Unknown Issue,MEDIUM,AIVI_SW5244,gen3,True,True,27605,Unknown
LOG_00814,"[06.01.26 01:22:03] ERRMEM: VERSIONINFO: AIVI_SW5244
[06.01.26 01:22:03] Platform: gen3
[06.01.26 01:22:03] Component: CAN
[06.01.26 01:22:03] WARNING: CAN bus error detected
[06.01.26 01:22:03] ERROR: Frame transmission failed on CAN2
[06.01.26 01:22:03] TRACE: Bus-off state entered
[06.01.26 01:22:03] INFO: Error counter: 205
[06.01.26 01:22:03] ERROR: FRAME on CAN interface
[06.01.26 01:22:03] INFO: System running normally",CAN Bus Error,MEDIUM,AIVI_SW5244,gen3,False,True,3651,Communication
LOG_00815,"[26.12.25 01:22:03] ERRMEM: VERSIONINFO: PIVI_SW4110
[26.12.25 01:22:03] Platform: gen3
[26.12.25 01:22:03] Component: Storage
[26.12.25 01:22:03] ERROR: READ in Storage
[26.12.25 01:22:03] ERROR: FILESYSTEM in Storage
[26.12.25 01:22:03] ERROR: DISK in Storage
[26.12.25 01:22:03] ERROR: DISK in Storage
[26.12.25 01:22:03] ERROR: MOUNT in Storage
[26.12.25 01:22:03] ERROR: CORRUPT in Storage
[26.12.25 01:22:03] INFO: Component initialized successfully",File System Error,MEDIUM,PIVI_SW4110,gen3,True,False,4122,Storage
LOG_00816,"[19.01.26 01:22:03] ERRMEM: VERSIONINFO: AIVI_SW5250
[19.01.26 01:22:03] Platform: gen3
[19.01.26 01:22:03] Component: Navigation
[19.01.26 01:22:03] WARNING: High memory usage detected
[19.01.26 01:22:03] ERROR: Heap allocation failed in Navigation
[19.01.26 01:22:03] TRACE: malloc returned NULL
[19.01.26 01:22:03] INFO: Available memory: 128 KB / 2048 KB
[19.01.26 01:22:03] ERROR: Memory leak suspected in navigation module
[19.01.26 01:22:03] TRACE: OOM - size: 395 bytes
[19.01.26 01:22:03] DEBUG: Processing event queue",Memory Leak,HIGH,AIVI_SW5250,gen3,True,False,10310,Navigation
LOG_00817,"[05.01.26 01:22:03] ERRMEM: VERSIONINFO: AIVI_SW5250
[05.01.26 01:22:03] Platform: gen3
[05.01.26 01:22:03] Component: Multimedia
[05.01.26 01:22:03] WARNING: High memory usage detected
[05.01.26 01:22:03] ERROR: Heap allocation failed in Multimedia
[05.01.26 01:22:03] TRACE: malloc returned NULL
[05.01.26 01:22:03] INFO: Available memory: 128 KB / 2048 KB
[05.01.26 01:22:03] ERROR: Memory leak suspected in navigation module
[05.01.26 01:22:03] TRACE: HEAP - size: 1462 bytes
[05.01.26 01:22:03] INFO: System running normally
[05.01.26 01:22:03] INFO: Component initialized successfully
[05.01.26 01:22:03] DEBUG: Processing event queue",Memory Leak,HIGH,AIVI_SW5250,gen3,True,False,37301,Audio
LOG_00818,"[05.01.26 01:22:03] ERRMEM: VERSIONINFO: PIVI_SW4110
[05.01.26 01:22:03] Platform: gen3
[05.01.26 01:22:03] Component: System
[05.01.26 01:22:03] ERROR: NORMAL in System
[05.01.26 01:22:03] ERROR: NORMAL in System
[05.01.26 01:22:03] ERROR: RUNNING in System
[05.01.26 01:22:03] ERROR: RUNNING in System
[05.01.26 01:22:03] ERROR: NORMAL in System
[05.01.26 01:22:03] INFO: Component initialized successfully
[05.01.26 01:22:03] DEBUG: Processing event queue",No Issue,LOW,PIVI_SW4110,gen3,False,True,33078,System
LOG_00819,"[18.01.26 01:22:03] ERRMEM: VERSIONINFO: AIVI_SW5250
[18.01.26 01:22:03] Platform: gen4
[18.01.26 01:22:03] Component: System
[18.01.26 01:22:03] WARNING: Task execution time exceeded threshold
[18.01.26 01:22:03] ERROR: WATCHDOG_RESET triggered
[18.01.26 01:22:03] TRACE: System reset due to watchdog timeout
[18.01.26 01:22:03] INFO: Last task: System_handler
[18.01.26 01:22:03] CRITICAL: System RESET
[18.01.26 01:22:03] INFO: System running normally",Watchdog Timeout,CRITICAL,AIVI_SW5250,gen4,False,False,32767,Kernel
LOG_00820,"[04.01.26 01:22:03] ERRMEM: VERSIONINFO: PIVI_SW4110
[04.01.26 01:22:03] Platform: gen3
[04.01.26 01:22:03] Component: Audio
[04.01.26 01:22:03] WARNING: High memory usage detected
[04.01.26 01:22:03] ERROR: Heap allocation failed in Audio
[04.01.26 01:22:03] TRACE: malloc returned NULL
[04.01.26 01:22:03] INFO: Available memory: 128 KB / 2048 KB
[04.01.26 01:22:03] ERROR: Memory leak suspected in navigation module
[04.01.26 01:22:03] TRACE: ALLOCATION - size: 3627 bytes
[04.01.26 01:22:03] DEBUG: Processing event queue
[04.01.26 01:22:03] INFO: Component initialized successfully
[04.01.26 01:22:03] INFO: System running normally",Memory Leak,HIGH,PIVI_SW4110,gen3,False,True,43253,Navigation
LOG_00821,"[18.01.26 01:22:03] ERRMEM: VERSIONINFO: AIVI_SW5244
[18.01.26 01:22:03] Platform: gen4
[18.01.26 01:22:03] Component: System
[18.01.26 01:22:03] WARNING: Task execution time exceeded threshold
[18.01.26 01:22:03] ERROR: WATCHDOG_RESET triggered
[18.01.26 01:22:03] TRACE: System reset due to watchdog timeout
[18.01.26 01:22:03] INFO: Last task: System_handler
[18.01.26 01:22:03] CRITICAL: System WATCHDOG
[18.01.26 01:22:03] DEBUG: Processing event queue",Watchdog Timeout,CRITICAL,AIVI_SW5244,gen4,True,True,4834,Power
LOG_00822,"[27.12.25 01:22:03] ERRMEM: VERSIONINFO: PIVI_SW4110
[27.12.25 01:22:03] Platform: gen3
[27.12.25 01:22:03] Component: Unknown
[27.12.25 01:22:03] ERROR: WARNING in Unknown
[27.12.25 01:22:03] ERROR: ERROR in Unknown
[27.12.25 01:22:03] ERROR: ERROR in Unknown
[27.12.25 01:22:03] ERROR: ISSUE in Unknown
[27.12.25 01:22:03] ERROR: FAILED in Unknown
[27.12.25 01:22:03] ERROR: ISSUE in Unknown
[27.12.25 01:22:03] DEBUG: Processing event queue
[27.12.25 01:22:03] INFO: Component initialized successfully
[27.12.25 01:22:03] INFO: System running normally",Unknown Issue,MEDIUM,PIVI_SW4110,gen3,False,True,34813,Unknown
LOG_00823,"[03.01.26 01:22:03] ERRMEM: VERSIONINFO: PIVI_SW4100
[03.01.26 01:22:03] Platform: gen3
[03.01.26 01:22:03] Component: Unknown
[03.01.26 01:22:03] ERROR: EXCEPTION in Unknown
[03.01.26 01:22:03] ERROR: WARNING in Unknown
[03.01.26 01:22:03] ERROR: FAILED in Unknown
[03.01.26 01:22:03] DEBUG: Processing event queue
[03.01.26 01:22:03] INFO: System running normally
[03.01.26 01:22:03] INFO: Component initialized successfully",Unknown Issue,MEDIUM,PIVI_SW4100,gen3,False,True,43540,Unknown
LOG_00824,"[18.01.26 01:22:03] ERRMEM: VERSIONINFO: PIVI_SW4110
[18.01.26 01:22:03] Platform: gen4
[18.01.26 01:22:03] Component: System
[18.01.26 01:22:03] ERROR: COMPLETED in System
[18.01.26 01:22:03] ERROR: SUCCESS in System
[18.01.26 01:22:03] ERROR: SUCCESS in System
[18.01.26 01:22:03] ERROR: RUNNING in System
[18.01.26 01:22:03] ERROR: RUNNING in System
[18.01.26 01:22:03] ERROR: COMPLETED in System
[18.01.26 01:22:03] DEBUG: Processing event queue
[18.01.26 01:22:03] INFO: Component initialized successfully",No Issue,LOW,PIVI_SW4110,gen4,False,False,45873,System
LOG_00825,"[17.01.26 01:22:03] ERRMEM: VERSIONINFO: PIVI_SW4100
[17.01.26 01:22:03] Platform: gen4
[17.01.26 01:22:03] Component: System
[17.01.26 01:22:03] INFO: Starting software update
[17.01.26 01:22:03] WARNING: Update verification failed
[17.01.26 01:22:03] ERROR: Flash write error at block 360
[17.01.26 01:22:03] TRACE: Rolling back to previous version
[17.01.26 01:22:03] CRITICAL: Software FAILED
[17.01.26 01:22:03] INFO: Component initialized successfully
[17.01.26 01:22:03] INFO: System running normally",SW Update Failure,HIGH,PIVI_SW4100,gen4,True,False,16382,SW_SWUPDATE
LOG_00826,"[16.01.26 01:22:03] ERRMEM: VERSIONINFO: PIVI_SW4100
[16.01.26 01:22:03] Platform: gen3
[16.01.26 01:22:03] Component: Communication
[16.01.26 01:22:03] ERROR: TCP in Communication
[16.01.26 01:22:03] ERROR: TIMEOUT in Communication
[16.01.26 01:22:03] ERROR: TCP in Communication
[16.01.26 01:22:03] INFO: Component initialized successfully
[16.01.26 01:22:03] INFO: System running normally",Network Timeout,LOW,PIVI_SW4100,gen3,False,True,6664,Network
LOG_00827,"[19.01.26 01:22:03] ERRMEM: VERSIONINFO: AIVI_SW5244
[19.01.26 01:22:03] Platform: gen4
[19.01.26 01:22:03] Component: CAN
[19.01.26 01:22:03] WARNING: CAN bus error detected
[19.01.26 01:22:03] ERROR: Frame transmission failed on CAN2
[19.01.26 01:22:03] TRACE: Bus-off state entered
[19.01.26 01:22:03] INFO: Error counter: 46
[19.01.26 01:22:03] ERROR: FRAME on CAN interface
[19.01.26 01:22:03] INFO: System running normally",CAN Bus Error,MEDIUM,AIVI_SW5244,gen4,True,False,38921,Network
LOG_00828,"[15.01.26 01:22:03] ERRMEM: VERSIONINFO: PIVI_SW4100
[15.01.26 01:22:03] Platform: gen4
[15.01.26 01:22:03] Component: System
[15.01.26 01:22:03] ERROR: RUNNING in System
[15.01.26 01:22:03] ERROR: RUNNING in System
[15.01.26 01:22:03] ERROR: NORMAL in System
[15.01.26 01:22:03] ERROR: OK in System
[15.01.26 01:22:03] ERROR: COMPLETED in System
[15.01.26 01:22:03] ERROR: NORMAL in System
[15.01.26 01:22:03] DEBUG: Processing event queue",No Issue,LOW,PIVI_SW4100,gen4,False,False,46731,System
LOG_00829,"[25.12.25 01:22:03] ERRMEM: VERSIONINFO: PIVI_SW4100
[25.12.25 01:22:03] Platform: gen4
[25.12.25 01:22:03] Component: Multimedia
[25.12.25 01:22:03] WARNING: High memory usage detected
[25.12.25 01:22:03] ERROR: Heap allocation failed in Multimedia
[25.12.25 01:22:03] TRACE: malloc returned NULL
[25.12.25 01:22:03] INFO: Available memory: 128 KB / 2048 KB
[25.12.25 01:22:03] ERROR: Memory leak suspected in navigation module
[25.12.25 01:22:03] TRACE: OOM - size: 4749 bytes
[25.12.25 01:22:03] DEBUG: Processing event queue
[25.12.25 01:22:03] INFO: Component initialized successfully",Memory Leak,HIGH,PIVI_SW4100,gen4,True,True,34288,Navigation
LOG_00830,"[21.01.26 01:22:03] ERRMEM: VERSIONINFO: AIVI_SW5244
[21.01.26 01:22:03] Platform: gen3
[21.01.26 01:22:03] Component: System
[21.01.26 01:22:03] ERROR: NORMAL in System
[21.01.26 01:22:03] ERROR: COMPLETED in System
[21.01.26 01:22:03] ERROR: SUCCESS in System
[21.01.26 01:22:03] ERROR: NORMAL in System
[21.01.26 01:22:03] ERROR: OK in System
[21.01.26 01:22:03] INFO: System running normally
[21.01.26 01:22:03] INFO: Component initialized successfully",No Issue,LOW,AIVI_SW5244,gen3,True,False,45191,System
LOG_00831,"[08.01.26 01:22:03] ERRMEM: VERSIONINFO: AIVI_SW5250
[08.01.26 01:22:03] Platform: gen3
[08.01.26 01:22:03] Component: System
[08.01.26 01:22:03] ERROR: SUCCESS in System
[08.01.26 01:22:03] ERROR: SUCCESS in System
[08.01.26 01:22:03] ERROR: OK in System
[08.01.26 01:22:03] INFO: System running normally
[08.01.26 01:22:03] INFO: Component initialized successfully",No Issue,LOW,AIVI_SW5250,gen3,False,False,40820,System
LOG_00832,"[15.01.26 01:22:03] ERRMEM: VERSIONINFO: PIVI_SW4110
[15.01.26 01:22:03] Platform: gen3
[15.01.26 01:22:03] Component: Storage
[15.01.26 01:22:03] ERROR: READ in Storage
[15.01.26 01:22:03] ERROR: INODE in Storage
[15.01.26 01:22:03] ERROR: DISK in Storage
[15.01.26 01:22:03] DEBUG: Processing event queue",File System Error,MEDIUM,PIVI_SW4110,gen3,False,False,34341,Storage
LOG_00833,"[29.12.25 01:22:03] ERRMEM: VERSIONINFO: AIVI_SW5244
[29.12.25 01:22:03] Platform: gen3
[29.12.25 01:22:03] Component: Unknown
[29.12.25 01:22:03] ERROR: ERROR in Unknown
[29.12.25 01:22:03] ERROR: WARNING in Unknown
[29.12.25 01:22:03] ERROR: ISSUE in Unknown
[29.12.25 01:22:03] ERROR: ISSUE in Unknown
[29.12.25 01:22:03] ERROR: FAILED in Unknown
[29.12.25 01:22:03] ERROR: EXCEPTION in Unknown
[29.12.25 01:22:03] INFO: System running normally
[29.12.25 01:22:03] INFO: Component initialized successfully
[29.12.25 01:22:03] DEBUG: Processing event queue",Unknown Issue,MEDIUM,AIVI_SW5244,gen3,False,False,31542,Unknown
LOG_00834,"[31.12.25 01:22:03] ERRMEM: VERSIONINFO: AIVI_SW5250
[31.12.25 01:22:03] Platform: gen4
[31.12.25 01:22:03] Component: Multimedia
[31.12.25 01:22:03] WARNING: High memory usage detected
[31.12.25 01:22:03] ERROR: Heap allocation failed in Multimedia
[31.12.25 01:22:03] TRACE: malloc returned NULL
[31.12.25 01:22:03] INFO: Available memory: 128 KB / 2048 KB
[31.12.25 01:22:03] ERROR: Memory leak suspected in navigation module
[31.12.25 01:22:03] TRACE: MEMORY - size: 4049 bytes
[31.12.25 01:22:03] INFO: System running normally
[31.12.25 01:22:03] DEBUG: Processing event queue",Memory Leak,HIGH,AIVI_SW5250,gen4,False,False,31216,Audio
LOG_00835,"[02.01.26 01:22:03] ERRMEM: VERSIONINFO: AIVI_SW5244
[02.01.26 01:22:03] Platform: gen4
[02.01.26 01:22:03] Component: Sensors
[02.01.26 01:22:03] ERROR: FAULT in Sensors
[02.01.26 01:22:03] ERROR: GPIO in Sensors
[02.01.26 01:22:03] ERROR: SPI in Sensors
[02.01.26 01:22:03] ERROR: HARDWARE in Sensors
[02.01.26 01:22:03] ERROR: FAULT in Sensors
[02.01.26 01:22:03] ERROR: I2C in Sensors
[02.01.26 01:22:03] DEBUG: Processing event queue",Hardware Fault,HIGH,AIVI_SW5244,gen4,False,False,699,Hardware
LOG_00836,"[06.01.26 01:22:03] ERRMEM: VERSIONINFO: AIVI_SW5244
[06.01.26 01:22:03] Platform: gen4
[06.01.26 01:22:03] Component: Audio
[06.01.26 01:22:03] WARNING: High memory usage detected
[06.01.26 01:22:03] ERROR: Heap allocation failed in Audio
[06.01.26 01:22:03] TRACE: malloc returned NULL
[06.01.26 01:22:03] INFO: Available memory: 128 KB / 2048 KB
[06.01.26 01:22:03] ERROR: Memory leak suspected in navigation module
[06.01.26 01:22:03] TRACE: LEAK - size: 4103 bytes
[06.01.26 01:22:03] INFO: Component initialized successfully
[06.01.26 01:22:03] DEBUG: Processing event queue
[06.01.26 01:22:03] INFO: System running normally",Memory Leak,HIGH,AIVI_SW5244,gen4,False,False,19393,Navigation
LOG_00837,"[21.01.26 01:22:03] ERRMEM: VERSIONINFO: PIVI_SW4110
[21.01.26 01:22:03] Platform: gen3
[21.01.26 01:22:03] Component: Unknown
[21.01.26 01:22:03] ERROR: WARNING in Unknown
[21.01.26 01:22:03] ERROR: ERROR in Unknown
[21.01.26 01:22:03] ERROR: EXCEPTION in Unknown
[21.01.26 01:22:03] ERROR: WARNING in Unknown
[21.01.26 01:22:03] ERROR: WARNING in Unknown
[21.01.26 01:22:03] ERROR: WARNING in Unknown
[21.01.26 01:22:03] DEBUG: Processing event queue
[21.01.26 01:22:03] INFO: System running normally",Unknown Issue,MEDIUM,PIVI_SW4110,gen3,True,True,22022,Unknown
LOG_00838,"[30.12.25 01:22:03] ERRMEM: VERSIONINFO: PIVI_SW4110
[30.12.25 01:22:03] Platform: gen4
[30.12.25 01:22:03] Component: System
[30.12.25 01:22:03] INFO: Starting software update
[30.12.25 01:22:03] WARNING: Update verification failed
[30.12.25 01:22:03] ERROR: Flash write error at block 291
[30.12.25 01:22:03] TRACE: Rolling back to previous version
[30.12.25 01:22:03] CRITICAL: Software FLASH
[30.12.25 01:22:03] INFO: System running normally",SW Update Failure,HIGH,PIVI_SW4110,gen4,False,True,30141,SW_SWUPDATE
LOG_00839,"[23.12.25 01:22:03] ERRMEM: VERSIONINFO: AIVI_SW5244
[23.12.25 01:22:03] Platform: gen3
[23.12.25 01:22:03] Component: Network
[23.12.25 01:22:03] ERROR: TCP in Network
[23.12.25 01:22:03] ERROR: SOCKET in Network
[23.12.25 01:22:03] ERROR: CONNECTION in Network
[23.12.25 01:22:03] ERROR: CONNECTION in Network
[23.12.25 01:22:03] ERROR: NETWORK in Network
[23.12.25 01:22:03] ERROR: SOCKET in Network
[23.12.25 01:22:03] INFO: Component initialized successfully
[23.12.25 01:22:03] INFO: System running normally
[23.12.25 01:22:03] DEBUG: Processing event queue",Network Timeout,LOW,AIVI_SW5244,gen3,True,True,40786,Network
LOG_00840,"[16.01.26 01:22:03] ERRMEM: VERSIONINFO: PIVI_SW4110
[16.01.26 01:22:03] Platform: gen4
[16.01.26 01:22:03] Component: Multimedia
[16.01.26 01:22:03] WARNING: High memory usage detected
[16.01.26 01:22:03] ERROR: Heap allocation failed in Multimedia
[16.01.26 01:22:03] TRACE: malloc returned NULL
[16.01.26 01:22:03] INFO: Available memory: 128 KB / 2048 KB
[16.01.26 01:22:03] ERROR: Memory leak suspected in navigation module
[16.01.26 01:22:03] TRACE: HEAP - size: 4065 bytes
[16.01.26 01:22:03] INFO: Component initialized successfully
[16.01.26 01:22:03] DEBUG: Processing event queue
[16.01.26 01:22:03] INFO: System running normally",Memory Leak,HIGH,PIVI_SW4110,gen4,True,False,48209,Multimedia
LOG_00841,"[07.01.26 01:22:03] ERRMEM: VERSIONINFO: AIVI_SW5244
[07.01.26 01:22:03] Platform: gen3
[07.01.26 01:22:03] Component: SW_SWUPDATE
[07.01.26 01:22:03] INFO: Starting software update
[07.01.26 01:22:03] WARNING: Update verification failed
[07.01.26 01:22:03] ERROR: Flash write error at block 950
[07.01.26 01:22:03] TRACE: Rolling back to previous version
[07.01.26 01:22:03] CRITICAL: Software INSTALLATION
[07.01.26 01:22:03] INFO: Component initialized successfully",SW Update Failure,HIGH,AIVI_SW5244,gen3,False,True,48101,SW_SWUPDATE
LOG_00842,"[26.12.25 01:22:03] ERRMEM: VERSIONINFO: PIVI_SW4110
[26.12.25 01:22:03] Platform: gen3
[26.12.25 01:22:03] Component: Network
[26.12.25 01:22:03] WARNING: CAN bus error detected
[26.12.25 01:22:03] ERROR: Frame transmission failed on CAN2
[26.12.25 01:22:03] TRACE: Bus-off state entered
[26.12.25 01:22:03] INFO: Error counter: 232
[26.12.25 01:22:03] ERROR: COMMUNICATION on CAN interface
[26.12.25 01:22:03] DEBUG: Processing event queue
[26.12.25 01:22:03] INFO: Component initialized successfully
[26.12.25 01:22:03] INFO: System running normally",CAN Bus Error,MEDIUM,PIVI_SW4110,gen3,False,True,20309,CAN
LOG_00843,"[31.12.25 01:22:03] ERRMEM: VERSIONINFO: AIVI_SW5250
[31.12.25 01:22:03] Platform: gen4
[31.12.25 01:22:03] Component: Network
[31.12.25 01:22:03] ERROR: SOCKET in Network
[31.12.25 01:22:03] ERROR: TIMEOUT in Network
[31.12.25 01:22:03] ERROR: TIMEOUT in Network
[31.12.25 01:22:03] INFO: System running normally",Network Timeout,LOW,AIVI_SW5250,gen4,False,False,45945,Communication
LOG_00844,"[01.01.26 01:22:03] ERRMEM: VERSIONINFO: PIVI_SW4110
[01.01.26 01:22:03] Platform: gen3
[01.01.26 01:22:03] Component: Sensors
[01.01.26 01:22:03] ERROR: I2C in Sensors
[01.01.26 01:22:03] ERROR: GPIO in Sensors
[01.01.26 01:22:03] ERROR: I2C in Sensors
[01.01.26 01:22:03] ERROR: SPI in Sensors
[01.01.26 01:22:03] ERROR: FAULT in Sensors
[01.01.26 01:22:03] ERROR: GPIO in Sensors
[01.01.26 01:22:03] INFO: System running normally
[01.01.26 01:22:03] INFO: Component initialized successfully",Hardware Fault,HIGH,PIVI_SW4110,gen3,True,True,9876,Hardware
LOG_00845,"[27.12.25 01:22:03] ERRMEM: VERSIONINFO: AIVI_SW5244
[27.12.25 01:22:03] Platform: gen4
[27.12.25 01:22:03] Component: Unknown
[27.12.25 01:22:03] ERROR: EXCEPTION in Unknown
[27.12.25 01:22:03] ERROR: FAILED in Unknown
[27.12.25 01:22:03] ERROR: EXCEPTION in Unknown
[27.12.25 01:22:03] INFO: Component initialized successfully
[27.12.25 01:22:03] INFO: System running normally
[27.12.25 01:22:03] DEBUG: Processing event queue",Unknown Issue,MEDIUM,AIVI_SW5244,gen4,True,True,30461,Unknown
LOG_00846,"[25.12.25 01:22:03] ERRMEM: VERSIONINFO: PIVI_SW4100
[25.12.25 01:22:03] Platform: gen3
[25.12.25 01:22:03] Component: Unknown
[25.12.25 01:22:03] ERROR: ISSUE in Unknown
[25.12.25 01:22:03] ERROR: ISSUE in Unknown
[25.12.25 01:22:03] ERROR: WARNING in Unknown
[25.12.25 01:22:03] ERROR: ISSUE in Unknown
[25.12.25 01:22:03] ERROR: ISSUE in Unknown
[25.12.25 01:22:03] ERROR: WARNING in Unknown
[25.12.25 01:22:03] INFO: Component initialized successfully
[25.12.25 01:22:03] INFO: System running normally",Unknown Issue,MEDIUM,PIVI_SW4100,gen3,True,False,37010,Unknown
LOG_00847,"[12.01.26 01:22:03] ERRMEM: VERSIONINFO: AIVI_SW5244
[12.01.26 01:22:03] Platform: gen3
[12.01.26 01:22:03] Component: Unknown
[12.01.26 01:22:03] ERROR: EXCEPTION in Unknown
[12.01.26 01:22:03] ERROR: FAILED in Unknown
[12.01.26 01:22:03] ERROR: FAILED in Unknown
[12.01.26 01:22:03] INFO: System running normally
[12.01.26 01:22:03] INFO: Component initialized successfully",Unknown Issue,MEDIUM,AIVI_SW5244,gen3,False,False,35064,Unknown
LOG_00848,"[13.01.26 01:22:03] ERRMEM: VERSIONINFO: AIVI_SW5244
[13.01.26 01:22:03] Platform: gen4
[13.01.26 01:22:03] Component: Communication
[13.01.26 01:22:03] WARNING: CAN bus error detected
[13.01.26 01:22:03] ERROR: Frame transmission failed on CAN2
[13.01.26 01:22:03] TRACE: Bus-off state entered
[13.01.26 01:22:03] INFO: Error counter: 105
[13.01.26 01:22:03] ERROR: BUS on CAN interface
[13.01.26 01:22:03] INFO: Component initialized successfully",CAN Bus Error,MEDIUM,AIVI_SW5244,gen4,False,False,3227,Network
LOG_00849,"[17.01.26 01:22:03] ERRMEM: VERSIONINFO: AIVI_SW5244
[17.01.26 01:22:03] Platform: gen3
[17.01.26 01:22:03] Component: Kernel
[17.01.26 01:22:03] CRITICAL: Kernel panic detected
[17.01.26 01:22:03] ERROR: Unable to handle kernel NULL pointer dereference
[17.01.26 01:22:03] TRACE: Exception at address 0x1F62
[17.01.26 01:22:03] ERROR: CPU 0 FAULT
[17.01.26 01:22:03] CRITICAL: System halted
[17.01.26 01:22:03] INFO: System running normally
[17.01.26 01:22:03] INFO: Component initialized successfully",Kernel Panic,CRITICAL,AIVI_SW5244,gen3,False,True,45307,System
LOG_00850,"[21.01.26 01:22:03] ERRMEM: VERSIONINFO: AIVI_SW5244
[21.01.26 01:22:03] Platform: gen3
[21.01.26 01:22:03] Component: Multimedia
[21.01.26 01:22:03] WARNING: High memory usage detected
[21.01.26 01:22:03] ERROR: Heap allocation failed in Multimedia
[21.01.26 01:22:03] TRACE: malloc returned NULL
[21.01.26 01:22:03] INFO: Available memory: 128 KB / 2048 KB
[21.01.26 01:22:03] ERROR: Memory leak suspected in navigation module
[21.01.26 01:22:03] TRACE: MEMORY - size: 3915 bytes
[21.01.26 01:22:03] INFO: System running normally
[21.01.26 01:22:03] INFO: Component initialized successfully
[21.01.26 01:22:03] DEBUG: Processing event queue",Memory Leak,HIGH,AIVI_SW5244,gen3,False,True,37452,Multimedia
LOG_00851,"[18.01.26 01:22:03] ERRMEM: VERSIONINFO: AIVI_SW5244
[18.01.26 01:22:03] Platform: gen3
[18.01.26 01:22:03] Component: Audio
[18.01.26 01:22:03] WARNING: High memory usage detected
[18.01.26 01:22:03] ERROR: Heap allocation failed in Audio
[18.01.26 01:22:03] TRACE: malloc returned NULL
[18.01.26 01:22:03] INFO: Available memory: 128 KB / 2048 KB
[18.01.26 01:22:03] ERROR: Memory leak suspected in navigation module
[18.01.26 01:22:03] TRACE: ALLOCATION - size: 1395 bytes
[18.01.26 01:22:03] INFO: System running normally
[18.01.26 01:22:03] INFO: Component initialized successfully",Memory Leak,HIGH,AIVI_SW5244,gen3,False,False,46042,Navigation
LOG_00852,"[20.01.26 01:22:03] ERRMEM: VERSIONINFO: AIVI_SW5250
[20.01.26 01:22:03] Platform: gen3
[20.01.26 01:22:03] Component: Kernel
[20.01.26 01:22:03] CRITICAL: Kernel panic detected
[20.01.26 01:22:03] ERROR: Unable to handle kernel NULL pointer dereference
[20.01.26 01:22:03] TRACE: Exception at address 0x1E64
[20.01.26 01:22:03] ERROR: CPU 0 EXCEPTION
[20.01.26 01:22:03] CRITICAL: System halted
[20.01.26 01:22:03] INFO: System running normally
[20.01.26 01:22:03] INFO: Component initialized successfully",Kernel Panic,CRITICAL,AIVI_SW5250,gen3,False,False,9664,Kernel
LOG_00853,"[13.01.26 01:22:03] ERRMEM: VERSIONINFO: AIVI_SW5244
[13.01.26 01:22:03] Platform: gen4
[13.01.26 01:22:03] Component: System
[13.01.26 01:22:03] ERROR: RUNNING in System
[13.01.26 01:22:03] ERROR: OK in System
[13.01.26 01:22:03] ERROR: RUNNING in System
[13.01.26 01:22:03] ERROR: SUCCESS in System
[13.01.26 01:22:03] INFO: Component initialized successfully",No Issue,LOW,AIVI_SW5244,gen4,True,False,1375,System
LOG_00854,"[01.01.26 01:22:03] ERRMEM: VERSIONINFO: AIVI_SW5250
[01.01.26 01:22:03] Platform: gen4
[01.01.26 01:22:03] Component: Network
[01.01.26 01:22:03] WARNING: CAN bus error detected
[01.01.26 01:22:03] ERROR: Frame transmission failed on CAN2
[01.01.26 01:22:03] TRACE: Bus-off state entered
[01.01.26 01:22:03] INFO: Error counter: 55
[01.01.26 01:22:03] ERROR: ARBITRATION on CAN interface
[01.01.26 01:22:03] DEBUG: Processing event queue",CAN Bus Error,MEDIUM,AIVI_SW5250,gen4,False,False,714,Communication
LOG_00855,"[13.01.26 01:22:03] ERRMEM: VERSIONINFO: PIVI_SW4100
[13.01.26 01:22:03] Platform: gen3
[13.01.26 01:22:03] Component: Unknown
[13.01.26 01:22:03] ERROR: ERROR in Unknown
[13.01.26 01:22:03] ERROR: WARNING in Unknown
[13.01.26 01:22:03] ERROR: WARNING in Unknown
[13.01.26 01:22:03] ERROR: WARNING in Unknown
[13.01.26 01:22:03] ERROR: EXCEPTION in Unknown
[13.01.26 01:22:03] ERROR: EXCEPTION in Unknown
[13.01.26 01:22:03] DEBUG: Processing event queue
[13.01.26 01:22:03] INFO: System running normally",Unknown Issue,MEDIUM,PIVI_SW4100,gen3,True,True,19644,Unknown
LOG_00856,"[18.01.26 01:22:03] ERRMEM: VERSIONINFO: AIVI_SW5250
[18.01.26 01:22:03] Platform: gen4
[18.01.26 01:22:03] Component: Unknown
[18.01.26 01:22:03] ERROR: ERROR in Unknown
[18.01.26 01:22:03] ERROR: FAILED in Unknown
[18.01.26 01:22:03] ERROR: FAILED in Unknown
[18.01.26 01:22:03] ERROR: WARNING in Unknown
[18.01.26 01:22:03] DEBUG: Processing event queue
[18.01.26 01:22:03] INFO: System running normally",Unknown Issue,MEDIUM,AIVI_SW5250,gen4,False,True,7404,Unknown
LOG_00857,"[09.01.26 01:22:03] ERRMEM: VERSIONINFO: AIVI_SW5250
[09.01.26 01:22:03] Platform: gen3
[09.01.26 01:22:03] Component: Power
[09.01.26 01:22:03] WARNING: Task execution time exceeded threshold
[09.01.26 01:22:03] ERROR: WATCHDOG_RESET triggered
[09.01.26 01:22:03] TRACE: System reset due to watchdog timeout
[09.01.26 01:22:03] INFO: Last task: Power_handler
[09.01.26 01:22:03] CRITICAL: System HANG
[09.01.26 01:22:03] INFO: System running normally
[09.01.26 01:22:03] DEBUG: Processing event queue",Watchdog Timeout,CRITICAL,AIVI_SW5250,gen3,True,False,1134,Power
LOG_00858,"[09.01.26 01:22:03] ERRMEM: VERSIONINFO: PIVI_SW4110
[09.01.26 01:22:03] Platform: gen3
[09.01.26 01:22:03] Component: Communication
[09.01.26 01:22:03] ERROR: TCP in Communication
[09.01.26 01:22:03] ERROR: REFUSED in Communication
[09.01.26 01:22:03] ERROR: TCP in Communication
[09.01.26 01:22:03] ERROR: CONNECTION in Communication
[09.01.26 01:22:03] INFO: System running normally",Network Timeout,LOW,PIVI_SW4110,gen3,True,False,21570,Network
LOG_00859,"[20.01.26 01:22:03] ERRMEM: VERSIONINFO: AIVI_SW5250
[20.01.26 01:22:03] Platform: gen3
[20.01.26 01:22:03] Component: Unknown
[20.01.26 01:22:03] ERROR: FAILED in Unknown
[20.01.26 01:22:03] ERROR: ERROR in Unknown
[20.01.26 01:22:03] ERROR: ERROR in Unknown
[20.01.26 01:22:03] ERROR: WARNING in Unknown
[20.01.26 01:22:03] DEBUG: Processing event queue
[20.01.26 01:22:03] INFO: System running normally
[20.01.26 01:22:03] INFO: Component initialized successfully",Unknown Issue,MEDIUM,AIVI_SW5250,gen3,False,True,8533,Unknown
LOG_00860,"[17.01.26 01:22:03] ERRMEM: VERSIONINFO: PIVI_SW4100
[17.01.26 01:22:03] Platform: gen3
[17.01.26 01:22:03] Component: Communication
[17.01.26 01:22:03] WARNING: CAN bus error detected
[17.01.26 01:22:03] ERROR: Frame transmission failed on CAN2
[17.01.26 01:22:03] TRACE: Bus-off state entered
[17.01.26 01:22:03] INFO: Error counter: 211
[17.01.26 01:22:03] ERROR: ARBITRATION on CAN interface
[17.01.26 01:22:03] INFO: System running normally",CAN Bus Error,MEDIUM,PIVI_SW4100,gen3,True,False,31946,CAN
LOG_00861,"[18.01.26 01:22:03] ERRMEM: VERSIONINFO: AIVI_SW5244
[18.01.26 01:22:03] Platform: gen3
[18.01.26 01:22:03] Component: System
[18.01.26 01:22:03] INFO: Starting software update
[18.01.26 01:22:03] WARNING: Update verification failed
[18.01.26 01:22:03] ERROR: Flash write error at block 126
[18.01.26 01:22:03] TRACE: Rolling back to previous version
[18.01.26 01:22:03] CRITICAL: Software UPDATE
[18.01.26 01:22:03] INFO: System running normally
[18.01.26 01:22:03] DEBUG: Processing event queue",SW Update Failure,HIGH,AIVI_SW5244,gen3,True,True,11739,SW_SWUPDATE
LOG_00862,"[06.01.26 01:22:03] ERRMEM: VERSIONINFO: AIVI_SW5244
[06.01.26 01:22:03] Platform: gen4
[06.01.26 01:22:03] Component: Kernel
[06.01.26 01:22:03] CRITICAL: Kernel panic detected
[06.01.26 01:22:03] ERROR: Unable to handle kernel NULL pointer dereference
[06.01.26 01:22:03] TRACE: Exception at address 0x1053
[06.01.26 01:22:03] ERROR: CPU 2 KERNEL
[06.01.26 01:22:03] CRITICAL: System halted
[06.01.26 01:22:03] DEBUG: Processing event queue
[06.01.26 01:22:03] INFO: Component initialized successfully
[06.01.26 01:22:03] INFO: System running normally",Kernel Panic,CRITICAL,AIVI_SW5244,gen4,True,False,35201,Kernel
LOG_00863,"[12.01.26 01:22:03] ERRMEM: VERSIONINFO: AIVI_SW5244
[12.01.26 01:22:03] Platform: gen4
[12.01.26 01:22:03] Component: CAN
[12.01.26 01:22:03] WARNING: CAN bus error detected
[12.01.26 01:22:03] ERROR: Frame transmission failed on CAN2
[12.01.26 01:22:03] TRACE: Bus-off state entered
[12.01.26 01:22:03] INFO: Error counter: 116
[12.01.26 01:22:03] ERROR: COMMUNICATION on CAN interface
[12.01.26 01:22:03] INFO: System running normally",CAN Bus Error,MEDIUM,AIVI_SW5244,gen4,False,True,32985,CAN
LOG_00864,"[13.01.26 01:22:03] ERRMEM: VERSIONINFO: PIVI_SW4110
[13.01.26 01:22:03] Platform: gen3
[13.01.26 01:22:03] Component: System
[13.01.26 01:22:03] INFO: Starting software update
[13.01.26 01:22:03] WARNING: Update verification failed
[13.01.26 01:22:03] ERROR: Flash write error at block 674
[13.01.26 01:22:03] TRACE: Rolling back to previous version
[13.01.26 01:22:03] CRITICAL: Software UPDATE
[13.01.26 01:22:03] DEBUG: Processing event queue",SW Update Failure,HIGH,PIVI_SW4110,gen3,True,True,39226,SW_SWUPDATE
LOG_00865,"[05.01.26 01:22:03] ERRMEM: VERSIONINFO: PIVI_SW4110
[05.01.26 01:22:03] Platform: gen4
[05.01.26 01:22:03] Component: Storage
[05.01.26 01:22:03] ERROR: DISK in Storage
[05.01.26 01:22:03] ERROR: MOUNT in Storage
[05.01.26 01:22:03] ERROR: INODE in Storage
[05.01.26 01:22:03] ERROR: INODE in Storage
[05.01.26 01:22:03] ERROR: CORRUPT in Storage
[05.01.26 01:22:03] DEBUG: Processing event queue
[05.01.26 01:22:03] INFO: System running normally",File System Error,MEDIUM,PIVI_SW4110,gen4,False,True,48341,FileSystem
LOG_00866,"[24.12.25 01:22:03] ERRMEM: VERSIONINFO: AIVI_SW5244
[24.12.25 01:22:03] Platform: gen3
[24.12.25 01:22:03] Component: CAN
[24.12.25 01:22:03] WARNING: CAN bus error detected
[24.12.25 01:22:03] ERROR: Frame transmission failed on CAN2
[24.12.25 01:22:03] TRACE: Bus-off state entered
[24.12.25 01:22:03] INFO: Error counter: 58
[24.12.25 01:22:03] ERROR: COMMUNICATION on CAN interface
[24.12.25 01:22:03] INFO: System running normally",CAN Bus Error,MEDIUM,AIVI_SW5244,gen3,True,False,7656,Communication
LOG_00867,"[01.01.26 01:22:03] ERRMEM: VERSIONINFO: AIVI_SW5250
[01.01.26 01:22:03] Platform: gen4
[01.01.26 01:22:03] Component: System
[01.01.26 01:22:03] INFO: Starting software update
[01.01.26 01:22:03] WARNING: Update verification failed
[01.01.26 01:22:03] ERROR: Flash write error at block 109
[01.01.26 01:22:03] TRACE: Rolling back to previous version
[01.01.26 01:22:03] CRITICAL: Software FLASH
[01.01.26 01:22:03] INFO: System running normally
[01.01.26 01:22:03] INFO: Component initialized successfully",SW Update Failure,HIGH,AIVI_SW5250,gen4,False,True,11120,System
LOG_00868,"[23.12.25 01:22:03] ERRMEM: VERSIONINFO: PIVI_SW4100
[23.12.25 01:22:03] Platform: gen4
[23.12.25 01:22:03] Component: System
[23.12.25 01:22:03] ERROR: OK in System
[23.12.25 01:22:03] ERROR: NORMAL in System
[23.12.25 01:22:03] ERROR: SUCCESS in System
[23.12.25 01:22:03] ERROR: COMPLETED in System
[23.12.25 01:22:03] ERROR: RUNNING in System
[23.12.25 01:22:03] ERROR: COMPLETED in System
[23.12.25 01:22:03] DEBUG: Processing event queue
[23.12.25 01:22:03] INFO: System running normally",No Issue,LOW,PIVI_SW4100,gen4,False,True,13007,System
LOG_00869,"[22.01.26 01:22:03] ERRMEM: VERSIONINFO: PIVI_SW4110
[22.01.26 01:22:03] Platform: gen4
[22.01.26 01:22:03] Component: System
[22.01.26 01:22:03] CRITICAL: Kernel panic detected
[22.01.26 01:22:03] ERROR: Unable to handle kernel NULL pointer dereference
[22.01.26 01:22:03] TRACE: Exception at address 0x24E9
[22.01.26 01:22:03] ERROR: CPU 1 CRASH
[22.01.26 01:22:03] CRITICAL: System halted
[22.01.26 01:22:03] INFO: Component initialized successfully",Kernel Panic,CRITICAL,PIVI_SW4110,gen4,False,False,18301,Kernel
LOG_00870,"[24.12.25 01:22:03] ERRMEM: VERSIONINFO: AIVI_SW5244
[24.12.25 01:22:03] Platform: gen3
[24.12.25 01:22:03] Component: System
[24.12.25 01:22:03] ERROR: NORMAL in System
[24.12.25 01:22:03] ERROR: NORMAL in System
[24.12.25 01:22:03] ERROR: OK in System
[24.12.25 01:22:03] DEBUG: Processing event queue
[24.12.25 01:22:03] INFO: Component initialized successfully",No Issue,LOW,AIVI_SW5244,gen3,True,False,47152,System
LOG_00871,"[21.01.26 01:22:03] ERRMEM: VERSIONINFO: PIVI_SW4110
[21.01.26 01:22:03] Platform: gen4
[21.01.26 01:22:03] Component: FileSystem
[21.01.26 01:22:03] ERROR: DISK in FileSystem
[21.01.26 01:22:03] ERROR: MOUNT in FileSystem
[21.01.26 01:22:03] ERROR: INODE in FileSystem
[21.01.26 01:22:03] ERROR: DISK in FileSystem
[21.01.26 01:22:03] ERROR: INODE in FileSystem
[21.01.26 01:22:03] ERROR: READ in FileSystem
[21.01.26 01:22:03] DEBUG: Processing event queue
[21.01.26 01:22:03] INFO: Component initialized successfully",File System Error,MEDIUM,PIVI_SW4110,gen4,True,False,12635,FileSystem
LOG_00872,"[26.12.25 01:22:03] ERRMEM: VERSIONINFO: PIVI_SW4100
[26.12.25 01:22:03] Platform: gen3
[26.12.25 01:22:03] Component: Sensors
[26.12.25 01:22:03] ERROR: GPIO in Sensors
[26.12.25 01:22:03] ERROR: HARDWARE in Sensors
[26.12.25 01:22:03] ERROR: SPI in Sensors
[26.12.25 01:22:03] ERROR: SENSOR in Sensors
[26.12.25 01:22:03] DEBUG: Processing event queue
[26.12.25 01:22:03] INFO: System running normally",Hardware Fault,HIGH,PIVI_SW4100,gen3,False,False,22068,Sensors
LOG_00873,"[24.12.25 01:22:03] ERRMEM: VERSIONINFO: PIVI_SW4100
[24.12.25 01:22:03] Platform: gen4
[24.12.25 01:22:03] Component: System
[24.12.25 01:22:03] ERROR: SUCCESS in System
[24.12.25 01:22:03] ERROR: SUCCESS in System
[24.12.25 01:22:03] ERROR: SUCCESS in System
[24.12.25 01:22:03] ERROR: SUCCESS in System
[24.12.25 01:22:03] ERROR: NORMAL in System
[24.12.25 01:22:03] ERROR: COMPLETED in System
[24.12.25 01:22:03] DEBUG: Processing event queue
[24.12.25 01:22:03] INFO: Component initialized successfully",No Issue,LOW,PIVI_SW4100,gen4,True,True,48602,System
LOG_00874,"[10.01.26 01:22:03] ERRMEM: VERSIONINFO: PIVI_SW4110
[10.01.26 01:22:03] Platform: gen4
[10.01.26 01:22:03] Component: Kernel
[10.01.26 01:22:03] CRITICAL: Kernel panic detected
[10.01.26 01:22:03] ERROR: Unable to handle kernel NULL pointer dereference
[10.01.26 01:22:03] TRACE: Exception at address 0x1737
[10.01.26 01:22:03] ERROR: CPU 2 FAULT
[10.01.26 01:22:03] CRITICAL: System halted
[10.01.26 01:22:03] INFO: Component initialized successfully",Kernel Panic,CRITICAL,PIVI_SW4110,gen4,True,False,42938,Kernel
LOG_00875,"[22.01.26 01:22:03] ERRMEM: VERSIONINFO: PIVI_SW4110
[22.01.26 01:22:03] Platform: gen3
[22.01.26 01:22:03] Component: Multimedia
[22.01.26 01:22:03] WARNING: High memory usage detected
[22.01.26 01:22:03] ERROR: Heap allocation failed in Multimedia
[22.01.26 01:22:03] TRACE: malloc returned NULL
[22.01.26 01:22:03] INFO: Available memory: 128 KB / 2048 KB
[22.01.26 01:22:03] ERROR: Memory leak suspected in navigation module
[22.01.26 01:22:03] TRACE: HEAP - size: 4255 bytes
[22.01.26 01:22:03] INFO: System running normally
[22.01.26 01:22:03] INFO: Component initialized successfully",Memory Leak,HIGH,PIVI_SW4110,gen3,False,False,23545,Navigation
LOG_00876,"[12.01.26 01:22:03] ERRMEM: VERSIONINFO: AIVI_SW5244
[12.01.26 01:22:03] Platform: gen4
[12.01.26 01:22:03] Component: Navigation
[12.01.26 01:22:03] WARNING: High memory usage detected
[12.01.26 01:22:03] ERROR: Heap allocation failed in Navigation
[12.01.26 01:22:03] TRACE: malloc returned NULL
[12.01.26 01:22:03] INFO: Available memory: 128 KB / 2048 KB
[12.01.26 01:22:03] ERROR: Memory leak suspected in navigation module
[12.01.26 01:22:03] TRACE: ALLOCATION - size: 1744 bytes
[12.01.26 01:22:03] DEBUG: Processing event queue
[12.01.26 01:22:03] INFO: System running normally",Memory Leak,HIGH,AIVI_SW5244,gen4,False,False,520,Multimedia
LOG_00877,"[07.01.26 01:22:03] ERRMEM: VERSIONINFO: AIVI_SW5244
[07.01.26 01:22:03] Platform: gen4
[07.01.26 01:22:03] Component: SW_SWUPDATE
[07.01.26 01:22:03] INFO: Starting software update
[07.01.26 01:22:03] WARNING: Update verification failed
[07.01.26 01:22:03] ERROR: Flash write error at block 748
[07.01.26 01:22:03] TRACE: Rolling back to previous version
[07.01.26 01:22:03] CRITICAL: Software VERSION
[07.01.26 01:22:03] DEBUG: Processing event queue
[07.01.26 01:22:03] INFO: System running normally
[07.01.26 01:22:03] INFO: Component initialized successfully",SW Update Failure,HIGH,AIVI_SW5244,gen4,False,False,38614,SW_SWUPDATE
LOG_00878,"[02.01.26 01:22:03] ERRMEM: VERSIONINFO: PIVI_SW4100
[02.01.26 01:22:03] Platform: gen3
[02.01.26 01:22:03] Component: System
[02.01.26 01:22:03] INFO: Starting software update
[02.01.26 01:22:03] WARNING: Update verification failed
[02.01.26 01:22:03] ERROR: Flash write error at block 116
[02.01.26 01:22:03] TRACE: Rolling back to previous version
[02.01.26 01:22:03] CRITICAL: Software FAILED
[02.01.26 01:22:03] INFO: System running normally",SW Update Failure,HIGH,PIVI_SW4100,gen3,False,True,36168,System
LOG_00879,"[26.12.25 01:22:03] ERRMEM: VERSIONINFO: PIVI_SW4110
[26.12.25 01:22:03] Platform: gen4
[26.12.25 01:22:03] Component: System
[26.12.25 01:22:03] CRITICAL: Kernel panic detected
[26.12.25 01:22:03] ERROR: Unable to handle kernel NULL pointer dereference
[26.12.25 01:22:03] TRACE: Exception at address 0x2094
[26.12.25 01:22:03] ERROR: CPU 3 FAULT
[26.12.25 01:22:03] CRITICAL: System halted
[26.12.25 01:22:03] INFO: System running normally
[26.12.25 01:22:03] DEBUG: Processing event queue
[26.12.25 01:22:03] INFO: Component initialized successfully",Kernel Panic,CRITICAL,PIVI_SW4110,gen4,True,True,38184,Kernel
LOG_00880,"[31.12.25 01:22:03] ERRMEM: VERSIONINFO: PIVI_SW4100
[31.12.25 01:22:03] Platform: gen4
[31.12.25 01:22:03] Component: SW_SWUPDATE
[31.12.25 01:22:03] INFO: Starting software update
[31.12.25 01:22:03] WARNING: Update verification failed
[31.12.25 01:22:03] ERROR: Flash write error at block 558
[31.12.25 01:22:03] TRACE: Rolling back to previous version
[31.12.25 01:22:03] CRITICAL: Software INSTALLATION
[31.12.25 01:22:03] DEBUG: Processing event queue",SW Update Failure,HIGH,PIVI_SW4100,gen4,False,True,40013,System
LOG_00881,"[22.01.26 01:22:03] ERRMEM: VERSIONINFO: PIVI_SW4110
[22.01.26 01:22:03] Platform: gen4
[22.01.26 01:22:03] Component: Network
[22.01.26 01:22:03] ERROR: SOCKET in Network
[22.01.26 01:22:03] ERROR: REFUSED in Network
[22.01.26 01:22:03] ERROR: CONNECTION in Network
[22.01.26 01:22:03] ERROR: CONNECTION in Network
[22.01.26 01:22:03] ERROR: SOCKET in Network
[22.01.26 01:22:03] ERROR: NETWORK in Network
[22.01.26 01:22:03] INFO: Component initialized successfully
[22.01.26 01:22:03] DEBUG: Processing event queue",Network Timeout,LOW,PIVI_SW4110,gen4,True,False,18600,Communication
LOG_00882,"[19.01.26 01:22:03] ERRMEM: VERSIONINFO: AIVI_SW5244
[19.01.26 01:22:03] Platform: gen4
[19.01.26 01:22:03] Component: Kernel
[19.01.26 01:22:03] WARNING: Task execution time exceeded threshold
[19.01.26 01:22:03] ERROR: WATCHDOG_RESET triggered
[19.01.26 01:22:03] TRACE: System reset due to watchdog timeout
[19.01.26 01:22:03] INFO: Last task: Kernel_handler
[19.01.26 01:22:03] CRITICAL: System TIMEOUT
[19.01.26 01:22:03] INFO: System running normally",Watchdog Timeout,CRITICAL,AIVI_SW5244,gen4,False,False,13657,Power
LOG_00883,"[03.01.26 01:22:03] ERRMEM: VERSIONINFO: PIVI_SW4100
[03.01.26 01:22:03] Platform: gen3
[03.01.26 01:22:03] Component: CAN
[03.01.26 01:22:03] WARNING: CAN bus error detected
[03.01.26 01:22:03] ERROR: Frame transmission failed on CAN2
[03.01.26 01:22:03] TRACE: Bus-off state entered
[03.01.26 01:22:03] INFO: Error counter: 190
[03.01.26 01:22:03] ERROR: BUS on CAN interface
[03.01.26 01:22:03] INFO: Component initialized successfully
[03.01.26 01:22:03] DEBUG: Processing event queue
[03.01.26 01:22:03] INFO: System running normally",CAN Bus Error,MEDIUM,PIVI_SW4100,gen3,False,False,24777,CAN
LOG_00884,"[16.01.26 01:22:03] ERRMEM: VERSIONINFO: AIVI_SW5244
[16.01.26 01:22:03] Platform: gen3
[16.01.26 01:22:03] Component: Kernel
[16.01.26 01:22:03] WARNING: Task execution time exceeded threshold
[16.01.26 01:22:03] ERROR: WATCHDOG_RESET triggered
[16.01.26 01:22:03] TRACE: System reset due to watchdog timeout
[16.01.26 01:22:03] INFO: Last task: Kernel_handler
[16.01.26 01:22:03] CRITICAL: System WDT
[16.01.26 01:22:03] DEBUG: Processing event queue",Watchdog Timeout,CRITICAL,AIVI_SW5244,gen3,False,True,28415,Power
LOG_00885,"[22.01.26 01:22:03] ERRMEM: VERSIONINFO: AIVI_SW5244
[22.01.26 01:22:03] Platform: gen3
[22.01.26 01:22:03] Component: System
[22.01.26 01:22:03] CRITICAL: Kernel panic detected
[22.01.26 01:22:03] ERROR: Unable to handle kernel NULL pointer dereference
[22.01.26 01:22:03] TRACE: Exception at address 0x0EA3
[22.01.26 01:22:03] ERROR: CPU 2 FAULT
[22.01.26 01:22:03] CRITICAL: System halted
[22.01.26 01:22:03] INFO: System running normally
[22.01.26 01:22:03] DEBUG: Processing event queue",Kernel Panic,CRITICAL,AIVI_SW5244,gen3,False,True,1588,System
LOG_00886,"[08.01.26 01:22:03] ERRMEM: VERSIONINFO: AIVI_SW5250
[08.01.26 01:22:03] Platform: gen3
[08.01.26 01:22:03] Component: SW_SWUPDATE
[08.01.26 01:22:03] INFO: Starting software update
[08.01.26 01:22:03] WARNING: Update verification failed
[08.01.26 01:22:03] ERROR: Flash write error at block 872
[08.01.26 01:22:03] TRACE: Rolling back to previous version
[08.01.26 01:22:03] CRITICAL: Software VERSION
[08.01.26 01:22:03] DEBUG: Processing event queue",SW Update Failure,HIGH,AIVI_SW5250,gen3,True,False,19061,System
LOG_00887,"[19.01.26 01:22:03] ERRMEM: VERSIONINFO: AIVI_SW5250
[19.01.26 01:22:03] Platform: gen3
[19.01.26 01:22:03] Component: Audio
[19.01.26 01:22:03] WARNING: High memory usage detected
[19.01.26 01:22:03] ERROR: Heap allocation failed in Audio
[19.01.26 01:22:03] TRACE: malloc returned NULL
[19.01.26 01:22:03] INFO: Available memory: 128 KB / 2048 KB
[19.01.26 01:22:03] ERROR: Memory leak suspected in navigation module
[19.01.26 01:22:03] TRACE: FREE - size: 2885 bytes
[19.01.26 01:22:03] INFO: System running normally
[19.01.26 01:22:03] INFO: Component initialized successfully",Memory Leak,HIGH,AIVI_SW5250,gen3,True,True,8545,Multimedia
LOG_00888,"[06.01.26 01:22:03] ERRMEM: VERSIONINFO: PIVI_SW4100
[06.01.26 01:22:03] Platform: gen3
[06.01.26 01:22:03] Component: System
[06.01.26 01:22:03] WARNING: Task execution time exceeded threshold
[06.01.26 01:22:03] ERROR: WATCHDOG_RESET triggered
[06.01.26 01:22:03] TRACE: System reset due to watchdog timeout
[06.01.26 01:22:03] INFO: Last task: System_handler
[06.01.26 01:22:03] CRITICAL: System WATCHDOG
[06.01.26 01:22:03] INFO: Component initialized successfully
[06.01.26 01:22:03] INFO: System running normally
[06.01.26 01:22:03] DEBUG: Processing event queue",Watchdog Timeout,CRITICAL,PIVI_SW4100,gen3,False,False,28470,Power
LOG_00889,"[08.01.26 01:22:03] ERRMEM: VERSIONINFO: PIVI_SW4100
[08.01.26 01:22:03] Platform: gen3
[08.01.26 01:22:03] Component: Kernel
[08.01.26 01:22:03] WARNING: Task execution time exceeded threshold
[08.01.26 01:22:03] ERROR: WATCHDOG_RESET triggered
[08.01.26 01:22:03] TRACE: System reset due to watchdog timeout
[08.01.26 01:22:03] INFO: Last task: Kernel_handler
[08.01.26 01:22:03] CRITICAL: System RESET
[08.01.26 01:22:03] INFO: Component initialized successfully",Watchdog Timeout,CRITICAL,PIVI_SW4100,gen3,True,True,30874,Kernel
LOG_00890,"[03.01.26 01:22:03] ERRMEM: VERSIONINFO: AIVI_SW5244
[03.01.26 01:22:03] Platform: gen4
[03.01.26 01:22:03] Component: Power
[03.01.26 01:22:03] WARNING: Task execution time exceeded threshold
[03.01.26 01:22:03] ERROR: WATCHDOG_RESET triggered
[03.01.26 01:22:03] TRACE: System reset due to watchdog timeout
[03.01.26 01:22:03] INFO: Last task: Power_handler
[03.01.26 01:22:03] CRITICAL: System HANG
[03.01.26 01:22:03] INFO: Component initialized successfully",Watchdog Timeout,CRITICAL,AIVI_SW5244,gen4,False,True,24418,Power
LOG_00891,"[05.01.26 01:22:03] ERRMEM: VERSIONINFO: AIVI_SW5250
[05.01.26 01:22:03] Platform: gen3
[05.01.26 01:22:03] Component: SW_SWUPDATE
[05.01.26 01:22:03] INFO: Starting software update
[05.01.26 01:22:03] WARNING: Update verification failed
[05.01.26 01:22:03] ERROR: Flash write error at block 639
[05.01.26 01:22:03] TRACE: Rolling back to previous version
[05.01.26 01:22:03] CRITICAL: Software UPDATE
[05.01.26 01:22:03] INFO: System running normally
[05.01.26 01:22:03] DEBUG: Processing event queue",SW Update Failure,HIGH,AIVI_SW5250,gen3,False,False,19072,SW_SWUPDATE
LOG_00892,"[29.12.25 01:22:03] ERRMEM: VERSIONINFO: AIVI_SW5244
[29.12.25 01:22:03] Platform: gen4
[29.12.25 01:22:03] Component: SW_SWUPDATE
[29.12.25 01:22:03] INFO: Starting software update
[29.12.25 01:22:03] WARNING: Update verification failed
[29.12.25 01:22:03] ERROR: Flash write error at block 308
[29.12.25 01:22:03] TRACE: Rolling back to previous version
[29.12.25 01:22:03] CRITICAL: Software INSTALLATION
[29.12.25 01:22:03] INFO: System running normally",SW Update Failure,HIGH,AIVI_SW5244,gen4,True,True,6160,System
LOG_00893,"[31.12.25 01:22:03] ERRMEM: VERSIONINFO: AIVI_SW5244
[31.12.25 01:22:03] Platform: gen3
[31.12.25 01:22:03] Component: Storage
[31.12.25 01:22:03] ERROR: READ in Storage
[31.12.25 01:22:03] ERROR: CORRUPT in Storage
[31.12.25 01:22:03] ERROR: MOUNT in Storage
[31.12.25 01:22:03] ERROR: READ in Storage
[31.12.25 01:22:03] ERROR: DISK in Storage
[31.12.25 01:22:03] DEBUG: Processing event queue
[31.12.25 01:22:03] INFO: System running normally
[31.12.25 01:22:03] INFO: Component initialized successfully",File System Error,MEDIUM,AIVI_SW5244,gen3,True,False,43970,FileSystem
LOG_00894,"[05.01.26 01:22:03] ERRMEM: VERSIONINFO: AIVI_SW5244
[05.01.26 01:22:03] Platform: gen4
[05.01.26 01:22:03] Component: Navigation
[05.01.26 01:22:03] WARNING: High memory usage detected
[05.01.26 01:22:03] ERROR: Heap allocation failed in Navigation
[05.01.26 01:22:03] TRACE: malloc returned NULL
[05.01.26 01:22:03] INFO: Available memory: 128 KB / 2048 KB
[05.01.26 01:22:03] ERROR: Memory leak suspected in navigation module
[05.01.26 01:22:03] TRACE: FREE - size: 2310 bytes
[05.01.26 01:22:03] INFO: Component initialized successfully",Memory Leak,HIGH,AIVI_SW5244,gen4,False,False,45501,Audio
LOG_00895,"[02.01.26 01:22:03] ERRMEM: VERSIONINFO: AIVI_SW5244
[02.01.26 01:22:03] Platform: gen4
[02.01.26 01:22:03] Component: Communication
[02.01.26 01:22:03] ERROR: CONNECTION in Communication
[02.01.26 01:22:03] ERROR: SOCKET in Communication
[02.01.26 01:22:03] ERROR: CONNECTION in Communication
[02.01.26 01:22:03] ERROR: TIMEOUT in Communication
[02.01.26 01:22:03] INFO: Component initialized successfully
[02.01.26 01:22:03] INFO: System running normally
[02.01.26 01:22:03] DEBUG: Processing event queue",Network Timeout,LOW,AIVI_SW5244,gen4,True,False,47035,Communication
LOG_00896,"[26.12.25 01:22:03] ERRMEM: VERSIONINFO: AIVI_SW5250
[26.12.25 01:22:03] Platform: gen4
[26.12.25 01:22:03] Component: SW_SWUPDATE
[26.12.25 01:22:03] INFO: Starting software update
[26.12.25 01:22:03] WARNING: Update verification failed
[26.12.25 01:22:03] ERROR: Flash write error at block 995
[26.12.25 01:22:03] TRACE: Rolling back to previous version
[26.12.25 01:22:03] CRITICAL: Software FAILED
[26.12.25 01:22:03] INFO: System running normally
[26.12.25 01:22:03] INFO: Component initialized successfully
[26.12.25 01:22:03] DEBUG: Processing event queue",SW Update Failure,HIGH,AIVI_SW5250,gen4,False,False,20550,System
LOG_00897,"[16.01.26 01:22:03] ERRMEM: VERSIONINFO: PIVI_SW4110
[16.01.26 01:22:03] Platform: gen3
[16.01.26 01:22:03] Component: System
[16.01.26 01:22:03] INFO: Starting software update
[16.01.26 01:22:03] WARNING: Update verification failed
[16.01.26 01:22:03] ERROR: Flash write error at block 727
[16.01.26 01:22:03] TRACE: Rolling back to previous version
[16.01.26 01:22:03] CRITICAL: Software INSTALLATION
[16.01.26 01:22:03] INFO: Component initialized successfully
[16.01.26 01:22:03] DEBUG: Processing event queue
[16.01.26 01:22:03] INFO: System running normally",SW Update Failure,HIGH,PIVI_SW4110,gen3,True,False,40153,SW_SWUPDATE
LOG_00898,"[13.01.26 01:22:03] ERRMEM: VERSIONINFO: PIVI_SW4100
[13.01.26 01:22:03] Platform: gen4
[13.01.26 01:22:03] Component: CAN
[13.01.26 01:22:03] WARNING: CAN bus error detected
[13.01.26 01:22:03] ERROR: Frame transmission failed on CAN2
[13.01.26 01:22:03] TRACE: Bus-off state entered
[13.01.26 01:22:03] INFO: Error counter: 20
[13.01.26 01:22:03] ERROR: ARBITRATION on CAN interface
[13.01.26 01:22:03] DEBUG: Processing event queue",CAN Bus Error,MEDIUM,PIVI_SW4100,gen4,False,False,30310,CAN
LOG_00899,"[07.01.26 01:22:03] ERRMEM: VERSIONINFO: PIVI_SW4110
[07.01.26 01:22:03] Platform: gen4
[07.01.26 01:22:03] Component: System
[07.01.26 01:22:03] CRITICAL: Kernel panic detected
[07.01.26 01:22:03] ERROR: Unable to handle kernel NULL pointer dereference
[07.01.26 01:22:03] TRACE: Exception at address 0x2306
[07.01.26 01:22:03] ERROR: CPU 0 FAULT
[07.01.26 01:22:03] CRITICAL: System halted
[07.01.26 01:22:03] DEBUG: Processing event queue
[07.01.26 01:22:03] INFO: System running normally
[07.01.26 01:22:03] INFO: Component initialized successfully",Kernel Panic,CRITICAL,PIVI_SW4110,gen4,False,False,5137,Kernel
LOG_00900,"[14.01.26 01:22:03] ERRMEM: VERSIONINFO: PIVI_SW4100
[14.01.26 01:22:03] Platform: gen3
[14.01.26 01:22:03] Component: Unknown
[14.01.26 01:22:03] ERROR: ERROR in Unknown
[14.01.26 01:22:03] ERROR: ISSUE in Unknown
[14.01.26 01:22:03] ERROR: ERROR in Unknown
[14.01.26 01:22:03] ERROR: WARNING in Unknown
[14.01.26 01:22:03] DEBUG: Processing event queue
[14.01.26 01:22:03] INFO: Component initialized successfully",Unknown Issue,MEDIUM,PIVI_SW4100,gen3,False,True,18764,Unknown
LOG_00901,"[06.01.26 01:22:03] ERRMEM: VERSIONINFO: PIVI_SW4100
[06.01.26 01:22:03] Platform: gen3
[06.01.26 01:22:03] Component: SW_SWUPDATE
[06.01.26 01:22:03] INFO: Starting software update
[06.01.26 01:22:03] WARNING: Update verification failed
[06.01.26 01:22:03] ERROR: Flash write error at block 845
[06.01.26 01:22:03] TRACE: Rolling back to previous version
[06.01.26 01:22:03] CRITICAL: Software VERSION
[06.01.26 01:22:03] DEBUG: Processing event queue",SW Update Failure,HIGH,PIVI_SW4100,gen3,False,True,26740,System
LOG_00902,"[19.01.26 01:22:03] ERRMEM: VERSIONINFO: PIVI_SW4110
[19.01.26 01:22:03] Platform: gen3
[19.01.26 01:22:03] Component: Multimedia
[19.01.26 01:22:03] WARNING: High memory usage detected
[19.01.26 01:22:03] ERROR: Heap allocation failed in Multimedia
[19.01.26 01:22:03] TRACE: malloc returned NULL
[19.01.26 01:22:03] INFO: Available memory: 128 KB / 2048 KB
[19.01.26 01:22:03] ERROR: Memory leak suspected in navigation module
[19.01.26 01:22:03] TRACE: MALLOC - size: 2003 bytes
[19.01.26 01:22:03] INFO: Component initialized successfully",Memory Leak,HIGH,PIVI_SW4110,gen3,True,False,8827,Audio
LOG_00903,"[10.01.26 01:22:03] ERRMEM: VERSIONINFO: AIVI_SW5250
[10.01.26 01:22:03] Platform: gen4
[10.01.26 01:22:03] Component: Navigation
[10.01.26 01:22:03] WARNING: High memory usage detected
[10.01.26 01:22:03] ERROR: Heap allocation failed in Navigation
[10.01.26 01:22:03] TRACE: malloc returned NULL
[10.01.26 01:22:03] INFO: Available memory: 128 KB / 2048 KB
[10.01.26 01:22:03] ERROR: Memory leak suspected in navigation module
[10.01.26 01:22:03] TRACE: MALLOC - size: 4898 bytes
[10.01.26 01:22:03] INFO: Component initialized successfully
[10.01.26 01:22:03] DEBUG: Processing event queue",Memory Leak,HIGH,AIVI_SW5250,gen4,False,True,11794,Audio
LOG_00904,"[22.01.26 01:22:03] ERRMEM: VERSIONINFO: PIVI_SW4100
[22.01.26 01:22:03] Platform: gen3
[22.01.26 01:22:03] Component: System
[22.01.26 01:22:03] ERROR: RUNNING in System
[22.01.26 01:22:03] ERROR: OK in System
[22.01.26 01:22:03] ERROR: SUCCESS in System
[22.01.26 01:22:03] ERROR: SUCCESS in System
[22.01.26 01:22:03] ERROR: RUNNING in System
[22.01.26 01:22:03] DEBUG: Processing event queue
[22.01.26 01:22:03] INFO: System running normally",No Issue,LOW,PIVI_SW4100,gen3,False,False,8115,System
LOG_00905,"[06.01.26 01:22:03] ERRMEM: VERSIONINFO: AIVI_SW5250
[06.01.26 01:22:03] Platform: gen4
[06.01.26 01:22:03] Component: System
[06.01.26 01:22:03] ERROR: NORMAL in System
[06.01.26 01:22:03] ERROR: SUCCESS in System
[06.01.26 01:22:03] ERROR: SUCCESS in System
[06.01.26 01:22:03] ERROR: COMPLETED in System
[06.01.26 01:22:03] ERROR: OK in System
[06.01.26 01:22:03] DEBUG: Processing event queue
[06.01.26 01:22:03] INFO: System running normally",No Issue,LOW,AIVI_SW5250,gen4,False,True,33113,System
LOG_00906,"[12.01.26 01:22:03] ERRMEM: VERSIONINFO: PIVI_SW4100
[12.01.26 01:22:03] Platform: gen3
[12.01.26 01:22:03] Component: CAN
[12.01.26 01:22:03] WARNING: CAN bus error detected
[12.01.26 01:22:03] ERROR: Frame transmission failed on CAN2
[12.01.26 01:22:03] TRACE: Bus-off state entered
[12.01.26 01:22:03] INFO: Error counter: 169
[12.01.26 01:22:03] ERROR: BUS on CAN interface
[12.01.26 01:22:03] DEBUG: Processing event queue",CAN Bus Error,MEDIUM,PIVI_SW4100,gen3,True,True,17962,Network
LOG_00907,"[11.01.26 01:22:03] ERRMEM: VERSIONINFO: AIVI_SW5244
[11.01.26 01:22:03] Platform: gen4
[11.01.26 01:22:03] Component: Network
[11.01.26 01:22:03] WARNING: CAN bus error detected
[11.01.26 01:22:03] ERROR: Frame transmission failed on CAN2
[11.01.26 01:22:03] TRACE: Bus-off state entered
[11.01.26 01:22:03] INFO: Error counter: 213
[11.01.26 01:22:03] ERROR: FRAME on CAN interface
[11.01.26 01:22:03] DEBUG: Processing event queue
[11.01.26 01:22:03] INFO: System running normally",CAN Bus Error,MEDIUM,AIVI_SW5244,gen4,True,False,8646,Communication
LOG_00908,"[22.01.26 01:22:03] ERRMEM: VERSIONINFO: PIVI_SW4100
[22.01.26 01:22:03] Platform: gen4
[22.01.26 01:22:03] Component: SW_SWUPDATE
[22.01.26 01:22:03] INFO: Starting software update
[22.01.26 01:22:03] WARNING: Update verification failed
[22.01.26 01:22:03] ERROR: Flash write error at block 186
[22.01.26 01:22:03] TRACE: Rolling back to previous version
[22.01.26 01:22:03] CRITICAL: Software UPDATE
[22.01.26 01:22:03] DEBUG: Processing event queue
[22.01.26 01:22:03] INFO: System running normally
[22.01.26 01:22:03] INFO: Component initialized successfully",SW Update Failure,HIGH,PIVI_SW4100,gen4,True,True,31030,System
LOG_00909,"[15.01.26 01:22:03] ERRMEM: VERSIONINFO: PIVI_SW4100
[15.01.26 01:22:03] Platform: gen4
[15.01.26 01:22:03] Component: System
[15.01.26 01:22:03] ERROR: NORMAL in System
[15.01.26 01:22:03] ERROR: RUNNING in System
[15.01.26 01:22:03] ERROR: OK in System
[15.01.26 01:22:03] ERROR: NORMAL in System
[15.01.26 01:22:03] INFO: System running normally",No Issue,LOW,PIVI_SW4100,gen4,False,True,12526,System
LOG_00910,"[04.01.26 01:22:03] ERRMEM: VERSIONINFO: AIVI_SW5244
[04.01.26 01:22:03] Platform: gen3
[04.01.26 01:22:03] Component: Storage
[04.01.26 01:22:03] ERROR: DISK in Storage
[04.01.26 01:22:03] ERROR: CORRUPT in Storage
[04.01.26 01:22:03] ERROR: CORRUPT in Storage
[04.01.26 01:22:03] ERROR: MOUNT in Storage
[04.01.26 01:22:03] INFO: Component initialized successfully",File System Error,MEDIUM,AIVI_SW5244,gen3,True,False,42844,FileSystem
LOG_00911,"[10.01.26 01:22:03] ERRMEM: VERSIONINFO: PIVI_SW4100
[10.01.26 01:22:03] Platform: gen3
[10.01.26 01:22:03] Component: Power
[10.01.26 01:22:03] WARNING: Task execution time exceeded threshold
[10.01.26 01:22:03] ERROR: WATCHDOG_RESET triggered
[10.01.26 01:22:03] TRACE: System reset due to watchdog timeout
[10.01.26 01:22:03] INFO: Last task: Power_handler
[10.01.26 01:22:03] CRITICAL: System WDT
[10.01.26 01:22:03] INFO: Component initialized successfully
[10.01.26 01:22:03] INFO: System running normally",Watchdog Timeout,CRITICAL,PIVI_SW4100,gen3,True,True,22297,Power
LOG_00912,"[13.01.26 01:22:03] ERRMEM: VERSIONINFO: AIVI_SW5250
[13.01.26 01:22:03] Platform: gen4
[13.01.26 01:22:03] Component: System
[13.01.26 01:22:03] ERROR: OK in System
[13.01.26 01:22:03] ERROR: RUNNING in System
[13.01.26 01:22:03] ERROR: OK in System
[13.01.26 01:22:03] ERROR: NORMAL in System
[13.01.26 01:22:03] ERROR: OK in System
[13.01.26 01:22:03] DEBUG: Processing event queue
[13.01.26 01:22:03] INFO: System running normally",No Issue,LOW,AIVI_SW5250,gen4,True,False,17911,System
LOG_00913,"[11.01.26 01:22:03] ERRMEM: VERSIONINFO: AIVI_SW5250
[11.01.26 01:22:03] Platform: gen3
[11.01.26 01:22:03] Component: Network
[11.01.26 01:22:03] WARNING: CAN bus error detected
[11.01.26 01:22:03] ERROR: Frame transmission failed on CAN2
[11.01.26 01:22:03] TRACE: Bus-off state entered
[11.01.26 01:22:03] INFO: Error counter: 48
[11.01.26 01:22:03] ERROR: ERROR on CAN interface
[11.01.26 01:22:03] DEBUG: Processing event queue
[11.01.26 01:22:03] INFO: System running normally
[11.01.26 01:22:03] INFO: Component initialized successfully",CAN Bus Error,MEDIUM,AIVI_SW5250,gen3,False,True,3484,Network
LOG_00914,"[14.01.26 01:22:03] ERRMEM: VERSIONINFO: PIVI_SW4100
[14.01.26 01:22:03] Platform: gen3
[14.01.26 01:22:03] Component: Navigation
[14.01.26 01:22:03] WARNING: High memory usage detected
[14.01.26 01:22:03] ERROR: Heap allocation failed in Navigation
[14.01.26 01:22:03] TRACE: malloc returned NULL
[14.01.26 01:22:03] INFO: Available memory: 128 KB / 2048 KB
[14.01.26 01:22:03] ERROR: Memory leak suspected in navigation module
[14.01.26 01:22:03] TRACE: OOM - size: 2400 bytes
[14.01.26 01:22:03] INFO: Component initialized successfully",Memory Leak,HIGH,PIVI_SW4100,gen3,False,False,45476,Audio
LOG_00915,"[17.01.26 01:22:03] ERRMEM: VERSIONINFO: AIVI_SW5250
[17.01.26 01:22:03] Platform: gen3
[17.01.26 01:22:03] Component: Network
[17.01.26 01:22:03] WARNING: CAN bus error detected
[17.01.26 01:22:03] ERROR: Frame transmission failed on CAN2
[17.01.26 01:22:03] TRACE: Bus-off state entered
[17.01.26 01:22:03] INFO: Error counter: 19
[17.01.26 01:22:03] ERROR: FRAME on CAN interface
[17.01.26 01:22:03] INFO: Component initialized successfully
[17.01.26 01:22:03] INFO: System running normally",CAN Bus Error,MEDIUM,AIVI_SW5250,gen3,False,True,14850,Communication
LOG_00916,"[15.01.26 01:22:03] ERRMEM: VERSIONINFO: PIVI_SW4110
[15.01.26 01:22:03] Platform: gen3
[15.01.26 01:22:03] Component: System
[15.01.26 01:22:03] INFO: Starting software update
[15.01.26 01:22:03] WARNING: Update verification failed
[15.01.26 01:22:03] ERROR: Flash write error at block 116
[15.01.26 01:22:03] TRACE: Rolling back to previous version
[15.01.26 01:22:03] CRITICAL: Software UPGRADE
[15.01.26 01:22:03] DEBUG: Processing event queue
[15.01.26 01:22:03] INFO: Component initialized successfully",SW Update Failure,HIGH,PIVI_SW4110,gen3,False,True,35390,System
LOG_00917,"[10.01.26 01:22:03] ERRMEM: VERSIONINFO: AIVI_SW5250
[10.01.26 01:22:03] Platform: gen3
[10.01.26 01:22:03] Component: Audio
[10.01.26 01:22:03] WARNING: High memory usage detected
[10.01.26 01:22:03] ERROR: Heap allocation failed in Audio
[10.01.26 01:22:03] TRACE: malloc returned NULL
[10.01.26 01:22:03] INFO: Available memory: 128 KB / 2048 KB
[10.01.26 01:22:03] ERROR: Memory leak suspected in navigation module
[10.01.26 01:22:03] TRACE: LEAK - size: 1386 bytes
[10.01.26 01:22:03] INFO: Component initialized successfully",Memory Leak,HIGH,AIVI_SW5250,gen3,False,False,20295,Navigation
LOG_00918,"[02.01.26 01:22:03] ERRMEM: VERSIONINFO: AIVI_SW5244
[02.01.26 01:22:03] Platform: gen4
[02.01.26 01:22:03] Component: System
[02.01.26 01:22:03] ERROR: COMPLETED in System
[02.01.26 01:22:03] ERROR: COMPLETED in System
[02.01.26 01:22:03] ERROR: NORMAL in System
[02.01.26 01:22:03] ERROR: COMPLETED in System
[02.01.26 01:22:03] ERROR: RUNNING in System
[02.01.26 01:22:03] ERROR: OK in System
[02.01.26 01:22:03] INFO: System running normally
[02.01.26 01:22:03] INFO: Component initialized successfully
[02.01.26 01:22:03] DEBUG: Processing event queue",No Issue,LOW,AIVI_SW5244,gen4,False,True,4541,System
LOG_00919,"[14.01.26 01:22:03] ERRMEM: VERSIONINFO: PIVI_SW4100
[14.01.26 01:22:03] Platform: gen3
[14.01.26 01:22:03] Component: SW_SWUPDATE
[14.01.26 01:22:03] INFO: Starting software update
[14.01.26 01:22:03] WARNING: Update verification failed
[14.01.26 01:22:03] ERROR: Flash write error at block 587
[14.01.26 01:22:03] TRACE: Rolling back to previous version
[14.01.26 01:22:03] CRITICAL: Software UPDATE
[14.01.26 01:22:03] DEBUG: Processing event queue",SW Update Failure,HIGH,PIVI_SW4100,gen3,False,False,34250,SW_SWUPDATE
LOG_00920,"[13.01.26 01:22:03] ERRMEM: VERSIONINFO: AIVI_SW5250
[13.01.26 01:22:03] Platform: gen4
[13.01.26 01:22:03] Component: Hardware
[13.01.26 01:22:03] ERROR: SENSOR in Hardware
[13.01.26 01:22:03] ERROR: FAULT in Hardware
[13.01.26 01:22:03] ERROR: HARDWARE in Hardware
[13.01.26 01:22:03] ERROR: SPI in Hardware
[13.01.26 01:22:03] ERROR: I2C in Hardware
[13.01.26 01:22:03] INFO: System running normally
[13.01.26 01:22:03] DEBUG: Processing event queue",Hardware Fault,HIGH,AIVI_SW5250,gen4,True,True,7611,Hardware
LOG_00921,"[31.12.25 01:22:03] ERRMEM: VERSIONINFO: PIVI_SW4110
[31.12.25 01:22:03] Platform: gen4
[31.12.25 01:22:03] Component: Navigation
[31.12.25 01:22:03] WARNING: High memory usage detected
[31.12.25 01:22:03] ERROR: Heap allocation failed in Navigation
[31.12.25 01:22:03] TRACE: malloc returned NULL
[31.12.25 01:22:03] INFO: Available memory: 128 KB / 2048 KB
[31.12.25 01:22:03] ERROR: Memory leak suspected in navigation module
[31.12.25 01:22:03] TRACE: FREE - size: 2770 bytes
[31.12.25 01:22:03] INFO: System running normally
[31.12.25 01:22:03] INFO: Component initialized successfully",Memory Leak,HIGH,PIVI_SW4110,gen4,True,True,29320,Audio
LOG_00922,"[10.01.26 01:22:03] ERRMEM: VERSIONINFO: PIVI_SW4110
[10.01.26 01:22:03] Platform: gen3
[10.01.26 01:22:03] Component: System
[10.01.26 01:22:03] ERROR: RUNNING in System
[10.01.26 01:22:03] ERROR: COMPLETED in System
[10.01.26 01:22:03] ERROR: OK in System
[10.01.26 01:22:03] ERROR: COMPLETED in System
[10.01.26 01:22:03] ERROR: COMPLETED in System
[10.01.26 01:22:03] ERROR: COMPLETED in System
[10.01.26 01:22:03] INFO: Component initialized successfully",No Issue,LOW,PIVI_SW4110,gen3,False,True,35734,System
LOG_00923,"[06.01.26 01:22:03] ERRMEM: VERSIONINFO: PIVI_SW4110
[06.01.26 01:22:03] Platform: gen4
[06.01.26 01:22:03] Component: SW_SWUPDATE
[06.01.26 01:22:03] INFO: Starting software update
[06.01.26 01:22:03] WARNING: Update verification failed
[06.01.26 01:22:03] ERROR: Flash write error at block 375
[06.01.26 01:22:03] TRACE: Rolling back to previous version
[06.01.26 01:22:03] CRITICAL: Software UPGRADE
[06.01.26 01:22:03] INFO: Component initialized successfully
[06.01.26 01:22:03] INFO: System running normally",SW Update Failure,HIGH,PIVI_SW4110,gen4,False,True,5570,SW_SWUPDATE
LOG_00924,"[19.01.26 01:22:03] ERRMEM: VERSIONINFO: PIVI_SW4100
[19.01.26 01:22:03] Platform: gen3
[19.01.26 01:22:03] Component: System
[19.01.26 01:22:03] ERROR: OK in System
[19.01.26 01:22:03] ERROR: SUCCESS in System
[19.01.26 01:22:03] ERROR: OK in System
[19.01.26 01:22:03] ERROR: NORMAL in System
[19.01.26 01:22:03] INFO: System running normally
[19.01.26 01:22:03] INFO: Component initialized successfully
[19.01.26 01:22:03] DEBUG: Processing event queue",No Issue,LOW,PIVI_SW4100,gen3,False,False,2007,System
LOG_00925,"[28.12.25 01:22:03] ERRMEM: VERSIONINFO: PIVI_SW4110
[28.12.25 01:22:03] Platform: gen3
[28.12.25 01:22:03] Component: CAN
[28.12.25 01:22:03] WARNING: CAN bus error detected
[28.12.25 01:22:03] ERROR: Frame transmission failed on CAN2
[28.12.25 01:22:03] TRACE: Bus-off state entered
[28.12.25 01:22:03] INFO: Error counter: 66
[28.12.25 01:22:03] ERROR: ARBITRATION on CAN interface
[28.12.25 01:22:03] DEBUG: Processing event queue
[28.12.25 01:22:03] INFO: Component initialized successfully",CAN Bus Error,MEDIUM,PIVI_SW4110,gen3,False,False,46771,Communication
LOG_00926,"[20.01.26 01:22:03] ERRMEM: VERSIONINFO: AIVI_SW5250
[20.01.26 01:22:03] Platform: gen3
[20.01.26 01:22:03] Component: Multimedia
[20.01.26 01:22:03] WARNING: High memory usage detected
[20.01.26 01:22:03] ERROR: Heap allocation failed in Multimedia
[20.01.26 01:22:03] TRACE: malloc returned NULL
[20.01.26 01:22:03] INFO: Available memory: 128 KB / 2048 KB
[20.01.26 01:22:03] ERROR: Memory leak suspected in navigation module
[20.01.26 01:22:03] TRACE: HEAP - size: 3898 bytes
[20.01.26 01:22:03] INFO: Component initialized successfully
[20.01.26 01:22:03] DEBUG: Processing event queue
[20.01.26 01:22:03] INFO: System running normally",Memory Leak,HIGH,AIVI_SW5250,gen3,False,False,26957,Navigation
LOG_00927,"[30.12.25 01:22:03] ERRMEM: VERSIONINFO: AIVI_SW5244
[30.12.25 01:22:03] Platform: gen4
[30.12.25 01:22:03] Component: Network
[30.12.25 01:22:03] WARNING: CAN bus error detected
[30.12.25 01:22:03] ERROR: Frame transmission failed on CAN2
[30.12.25 01:22:03] TRACE: Bus-off state entered
[30.12.25 01:22:03] INFO: Error counter: 30
[30.12.25 01:22:03] ERROR: COMMUNICATION on CAN interface
[30.12.25 01:22:03] INFO: Component initialized successfully
[30.12.25 01:22:03] INFO: System running normally
[30.12.25 01:22:03] DEBUG: Processing event queue",CAN Bus Error,MEDIUM,AIVI_SW5244,gen4,False,False,28618,Communication
LOG_00928,"[29.12.25 01:22:03] ERRMEM: VERSIONINFO: PIVI_SW4100
[29.12.25 01:22:03] Platform: gen3
[29.12.25 01:22:03] Component: CAN
[29.12.25 01:22:03] WARNING: CAN bus error detected
[29.12.25 01:22:03] ERROR: Frame transmission failed on CAN2
[29.12.25 01:22:03] TRACE: Bus-off state entered
[29.12.25 01:22:03] INFO: Error counter: 83
[29.12.25 01:22:03] ERROR: ERROR on CAN interface
[29.12.25 01:22:03] INFO: System running normally
[29.12.25 01:22:03] DEBUG: Processing event queue",CAN Bus Error,MEDIUM,PIVI_SW4100,gen3,True,False,3999,CAN
LOG_00929,"[13.01.26 01:22:03] ERRMEM: VERSIONINFO: PIVI_SW4110
[13.01.26 01:22:03] Platform: gen4
[13.01.26 01:22:03] Component: System
[13.01.26 01:22:03] CRITICAL: Kernel panic detected
[13.01.26 01:22:03] ERROR: Unable to handle kernel NULL pointer dereference
[13.01.26 01:22:03] TRACE: Exception at address 0x05B0
[13.01.26 01:22:03] ERROR: CPU 1 EXCEPTION
[13.01.26 01:22:03] CRITICAL: System halted
[13.01.26 01:22:03] INFO: System running normally",Kernel Panic,CRITICAL,PIVI_SW4110,gen4,False,False,19585,Kernel
LOG_00930,"[17.01.26 01:22:03] ERRMEM: VERSIONINFO: AIVI_SW5250
[17.01.26 01:22:03] Platform: gen4
[17.01.26 01:22:03] Component: FileSystem
[17.01.26 01:22:03] ERROR: INODE in FileSystem
[17.01.26 01:22:03] ERROR: FILESYSTEM in FileSystem
[17.01.26 01:22:03] ERROR: MOUNT in FileSystem
[17.01.26 01:22:03] ERROR: READ in FileSystem
[17.01.26 01:22:03] ERROR: FILESYSTEM in FileSystem
[17.01.26 01:22:03] ERROR: MOUNT in FileSystem
[17.01.26 01:22:03] INFO: System running normally
[17.01.26 01:22:03] INFO: Component initialized successfully
[17.01.26 01:22:03] DEBUG: Processing event queue",File System Error,MEDIUM,AIVI_SW5250,gen4,True,True,15012,Storage
LOG_00931,"[25.12.25 01:22:03] ERRMEM: VERSIONINFO: AIVI_SW5244
[25.12.25 01:22:03] Platform: gen3
[25.12.25 01:22:03] Component: System
[25.12.25 01:22:03] INFO: Starting software update
[25.12.25 01:22:03] WARNING: Update verification failed
[25.12.25 01:22:03] ERROR: Flash write error at block 139
[25.12.25 01:22:03] TRACE: Rolling back to previous version
[25.12.25 01:22:03] CRITICAL: Software FAILED
[25.12.25 01:22:03] INFO: System running normally
[25.12.25 01:22:03] INFO: Component initialized successfully",SW Update Failure,HIGH,AIVI_SW5244,gen3,True,False,45411,System
LOG_00932,"[27.12.25 01:22:03] ERRMEM: VERSIONINFO: AIVI_SW5244
[27.12.25 01:22:03] Platform: gen3
[27.12.25 01:22:03] Component: Unknown
[27.12.25 01:22:03] ERROR: WARNING in Unknown
[27.12.25 01:22:03] ERROR: EXCEPTION in Unknown
[27.12.25 01:22:03] ERROR: WARNING in Unknown
[27.12.25 01:22:03] ERROR: ERROR in Unknown
[27.12.25 01:22:03] DEBUG: Processing event queue
[27.12.25 01:22:03] INFO: Component initialized successfully
[27.12.25 01:22:03] INFO: System running normally",Unknown Issue,MEDIUM,AIVI_SW5244,gen3,True,False,47600,Unknown
LOG_00933,"[14.01.26 01:22:03] ERRMEM: VERSIONINFO: AIVI_SW5250
[14.01.26 01:22:03] Platform: gen3
[14.01.26 01:22:03] Component: System
[14.01.26 01:22:03] CRITICAL: Kernel panic detected
[14.01.26 01:22:03] ERROR: Unable to handle kernel NULL pointer dereference
[14.01.26 01:22:03] TRACE: Exception at address 0x19A6
[14.01.26 01:22:03] ERROR: CPU 0 ABORT
[14.01.26 01:22:03] CRITICAL: System halted
[14.01.26 01:22:03] INFO: Component initialized successfully
[14.01.26 01:22:03] DEBUG: Processing event queue",Kernel Panic,CRITICAL,AIVI_SW5250,gen3,True,True,32918,Kernel
LOG_00934,"[04.01.26 01:22:03] ERRMEM: VERSIONINFO: AIVI_SW5250
[04.01.26 01:22:03] Platform: gen3
[04.01.26 01:22:03] Component: Multimedia
[04.01.26 01:22:03] WARNING: High memory usage detected
[04.01.26 01:22:03] ERROR: Heap allocation failed in Multimedia
[04.01.26 01:22:03] TRACE: malloc returned NULL
[04.01.26 01:22:03] INFO: Available memory: 128 KB / 2048 KB
[04.01.26 01:22:03] ERROR: Memory leak suspected in navigation module
[04.01.26 01:22:03] TRACE: MALLOC - size: 674 bytes
[04.01.26 01:22:03] INFO: Component initialized successfully
[04.01.26 01:22:03] INFO: System running normally
[04.01.26 01:22:03] DEBUG: Processing event queue",Memory Leak,HIGH,AIVI_SW5250,gen3,False,True,11011,Navigation
LOG_00935,"[31.12.25 01:22:03] ERRMEM: VERSIONINFO: PIVI_SW4110
[31.12.25 01:22:03] Platform: gen4
[31.12.25 01:22:03] Component: Unknown
[31.12.25 01:22:03] ERROR: WARNING in Unknown
[31.12.25 01:22:03] ERROR: EXCEPTION in Unknown
[31.12.25 01:22:03] ERROR: FAILED in Unknown
[31.12.25 01:22:03] ERROR: WARNING in Unknown
[31.12.25 01:22:03] ERROR: WARNING in Unknown
[31.12.25 01:22:03] ERROR: ERROR in Unknown
[31.12.25 01:22:03] DEBUG: Processing event queue
[31.12.25 01:22:03] INFO: System running normally
[31.12.25 01:22:03] INFO: Component initialized successfully",Unknown Issue,MEDIUM,PIVI_SW4110,gen4,True,True,34034,Unknown
LOG_00936,"[04.01.26 01:22:03] ERRMEM: VERSIONINFO: AIVI_SW5244
[04.01.26 01:22:03] Platform: gen3
[04.01.26 01:22:03] Component: System
[04.01.26 01:22:03] ERROR: COMPLETED in System
[04.01.26 01:22:03] ERROR: OK in System
[04.01.26 01:22:03] ERROR: NORMAL in System
[04.01.26 01:22:03] ERROR: OK in System
[04.01.26 01:22:03] ERROR: OK in System
[04.01.26 01:22:03] ERROR: RUNNING in System
[04.01.26 01:22:03] INFO: System running normally
[04.01.26 01:22:03] INFO: Component initialized successfully",No Issue,LOW,AIVI_SW5244,gen3,True,True,21068,System
LOG_00937,"[05.01.26 01:22:03] ERRMEM: VERSIONINFO: AIVI_SW5244
[05.01.26 01:22:03] Platform: gen4
[05.01.26 01:22:03] Component: Power
[05.01.26 01:22:03] WARNING: Task execution time exceeded threshold
[05.01.26 01:22:03] ERROR: WATCHDOG_RESET triggered
[05.01.26 01:22:03] TRACE: System reset due to watchdog timeout
[05.01.26 01:22:03] INFO: Last task: Power_handler
[05.01.26 01:22:03] CRITICAL: System WDT
[05.01.26 01:22:03] INFO: System running normally
[05.01.26 01:22:03] INFO: Component initialized successfully",Watchdog Timeout,CRITICAL,AIVI_SW5244,gen4,False,True,30819,System
LOG_00938,"[24.12.25 01:22:03] ERRMEM: VERSIONINFO: PIVI_SW4100
[24.12.25 01:22:03] Platform: gen3
[24.12.25 01:22:03] Component: System
[24.12.25 01:22:03] INFO: Starting software update
[24.12.25 01:22:03] WARNING: Update verification failed
[24.12.25 01:22:03] ERROR: Flash write error at block 776
[24.12.25 01:22:03] TRACE: Rolling back to previous version
[24.12.25 01:22:03] CRITICAL: Software INSTALLATION
[24.12.25 01:22:03] INFO: System running normally
[24.12.25 01:22:03] INFO: Component initialized successfully
[24.12.25 01:22:03] DEBUG: Processing event queue",SW Update Failure,HIGH,PIVI_SW4100,gen3,True,False,23050,System
LOG_00939,"[09.01.26 01:22:03] ERRMEM: VERSIONINFO: AIVI_SW5250
[09.01.26 01:22:03] Platform: gen3
[09.01.26 01:22:03] Component: Unknown
[09.01.26 01:22:03] ERROR: WARNING in Unknown
[09.01.26 01:22:03] ERROR: WARNING in Unknown
[09.01.26 01:22:03] ERROR: FAILED in Unknown
[09.01.26 01:22:03] ERROR: ISSUE in Unknown
[09.01.26 01:22:03] INFO: Component initialized successfully
[09.01.26 01:22:03] INFO: System running normally",Unknown Issue,MEDIUM,AIVI_SW5250,gen3,False,True,30705,Unknown
LOG_00940,"[27.12.25 01:22:03] ERRMEM: VERSIONINFO: PIVI_SW4100
[27.12.25 01:22:03] Platform: gen3
[27.12.25 01:22:03] Component: SW_SWUPDATE
[27.12.25 01:22:03] INFO: Starting software update
[27.12.25 01:22:03] WARNING: Update verification failed
[27.12.25 01:22:03] ERROR: Flash write error at block 880
[27.12.25 01:22:03] TRACE: Rolling back to previous version
[27.12.25 01:22:03] CRITICAL: Software VERSION
[27.12.25 01:22:03] INFO: Component initialized successfully
[27.12.25 01:22:03] INFO: System running normally
[27.12.25 01:22:03] DEBUG: Processing event queue",SW Update Failure,HIGH,PIVI_SW4100,gen3,False,False,45821,SW_SWUPDATE
LOG_00941,"[27.12.25 01:22:03] ERRMEM: VERSIONINFO: PIVI_SW4110
[27.12.25 01:22:03] Platform: gen4
[27.12.25 01:22:03] Component: Sensors
[27.12.25 01:22:03] ERROR: FAULT in Sensors
[27.12.25 01:22:03] ERROR: HARDWARE in Sensors
[27.12.25 01:22:03] ERROR: I2C in Sensors
[27.12.25 01:22:03] INFO: Component initialized successfully",Hardware Fault,HIGH,PIVI_SW4110,gen4,True,True,18700,Sensors
LOG_00942,"[27.12.25 01:22:03] ERRMEM: VERSIONINFO: AIVI_SW5244
[27.12.25 01:22:03] Platform: gen4
[27.12.25 01:22:03] Component: Multimedia
[27.12.25 01:22:03] WARNING: High memory usage detected
[27.12.25 01:22:03] ERROR: Heap allocation failed in Multimedia
[27.12.25 01:22:03] TRACE: malloc returned NULL
[27.12.25 01:22:03] INFO: Available memory: 128 KB / 2048 KB
[27.12.25 01:22:03] ERROR: Memory leak suspected in navigation module
[27.12.25 01:22:03] TRACE: HEAP - size: 2929 bytes
[27.12.25 01:22:03] DEBUG: Processing event queue",Memory Leak,HIGH,AIVI_SW5244,gen4,True,True,19822,Multimedia
LOG_00943,"[24.12.25 01:22:03] ERRMEM: VERSIONINFO: PIVI_SW4110
[24.12.25 01:22:03] Platform: gen4
[24.12.25 01:22:03] Component: Kernel
[24.12.25 01:22:03] WARNING: Task execution time exceeded threshold
[24.12.25 01:22:03] ERROR: WATCHDOG_RESET triggered
[24.12.25 01:22:03] TRACE: System reset due to watchdog timeout
[24.12.25 01:22:03] INFO: Last task: Kernel_handler
[24.12.25 01:22:03] CRITICAL: System HANG
[24.12.25 01:22:03] INFO: Component initialized successfully
[24.12.25 01:22:03] INFO: System running normally
[24.12.25 01:22:03] DEBUG: Processing event queue",Watchdog Timeout,CRITICAL,PIVI_SW4110,gen4,False,True,24190,Power
LOG_00944,"[08.01.26 01:22:03] ERRMEM: VERSIONINFO: AIVI_SW5250
[08.01.26 01:22:03] Platform: gen3
[08.01.26 01:22:03] Component: Kernel
[08.01.26 01:22:03] WARNING: Task execution time exceeded threshold
[08.01.26 01:22:03] ERROR: WATCHDOG_RESET triggered
[08.01.26 01:22:03] TRACE: System reset due to watchdog timeout
[08.01.26 01:22:03] INFO: Last task: Kernel_handler
[08.01.26 01:22:03] CRITICAL: System RESET
[08.01.26 01:22:03] INFO: System running normally
[08.01.26 01:22:03] DEBUG: Processing event queue
[08.01.26 01:22:03] INFO: Component initialized successfully",Watchdog Timeout,CRITICAL,AIVI_SW5250,gen3,False,False,25595,Kernel
LOG_00945,"[24.12.25 01:22:03] ERRMEM: VERSIONINFO: PIVI_SW4110
[24.12.25 01:22:03] Platform: gen4
[24.12.25 01:22:03] Component: Audio
[24.12.25 01:22:03] WARNING: High memory usage detected
[24.12.25 01:22:03] ERROR: Heap allocation failed in Audio
[24.12.25 01:22:03] TRACE: malloc returned NULL
[24.12.25 01:22:03] INFO: Available memory: 128 KB / 2048 KB
[24.12.25 01:22:03] ERROR: Memory leak suspected in navigation module
[24.12.25 01:22:03] TRACE: LEAK - size: 1335 bytes
[24.12.25 01:22:03] INFO: System running normally",Memory Leak,HIGH,PIVI_SW4110,gen4,True,True,26717,Multimedia
LOG_00946,"[20.01.26 01:22:03] ERRMEM: VERSIONINFO: AIVI_SW5244
[20.01.26 01:22:03] Platform: gen4
[20.01.26 01:22:03] Component: Unknown
[20.01.26 01:22:03] ERROR: ISSUE in Unknown
[20.01.26 01:22:03] ERROR: EXCEPTION in Unknown
[20.01.26 01:22:03] ERROR: ERROR in Unknown
[20.01.26 01:22:03] ERROR: WARNING in Unknown
[20.01.26 01:22:03] ERROR: FAILED in Unknown
[20.01.26 01:22:03] ERROR: FAILED in Unknown
[20.01.26 01:22:03] INFO: System running normally",Unknown Issue,MEDIUM,AIVI_SW5244,gen4,False,False,38473,Unknown
LOG_00947,"[22.01.26 01:22:03] ERRMEM: VERSIONINFO: PIVI_SW4110
[22.01.26 01:22:03] Platform: gen3
[22.01.26 01:22:03] Component: Network
[22.01.26 01:22:03] ERROR: CONNECTION in Network
[22.01.26 01:22:03] ERROR: SOCKET in Network
[22.01.26 01:22:03] ERROR: TCP in Network
[22.01.26 01:22:03] ERROR: REFUSED in Network
[22.01.26 01:22:03] ERROR: REFUSED in Network
[22.01.26 01:22:03] DEBUG: Processing event queue
[22.01.26 01:22:03] INFO: System running normally
[22.01.26 01:22:03] INFO: Component initialized successfully",Network Timeout,LOW,PIVI_SW4110,gen3,False,True,43233,Communication
LOG_00948,"[23.12.25 01:22:03] ERRMEM: VERSIONINFO: AIVI_SW5250
[23.12.25 01:22:03] Platform: gen4
[23.12.25 01:22:03] Component: System
[23.12.25 01:22:03] WARNING: Task execution time exceeded threshold
[23.12.25 01:22:03] ERROR: WATCHDOG_RESET triggered
[23.12.25 01:22:03] TRACE: System reset due to watchdog timeout
[23.12.25 01:22:03] INFO: Last task: System_handler
[23.12.25 01:22:03] CRITICAL: System WATCHDOG
[23.12.25 01:22:03] INFO: System running normally",Watchdog Timeout,CRITICAL,AIVI_SW5250,gen4,False,False,43262,Kernel
LOG_00949,"[01.01.26 01:22:03] ERRMEM: VERSIONINFO: AIVI_SW5250
[01.01.26 01:22:03] Platform: gen3
[01.01.26 01:22:03] Component: SW_SWUPDATE
[01.01.26 01:22:03] INFO: Starting software update
[01.01.26 01:22:03] WARNING: Update verification failed
[01.01.26 01:22:03] ERROR: Flash write error at block 768
[01.01.26 01:22:03] TRACE: Rolling back to previous version
[01.01.26 01:22:03] CRITICAL: Software FLASH
[01.01.26 01:22:03] INFO: Component initialized successfully",SW Update Failure,HIGH,AIVI_SW5250,gen3,False,False,34739,System
LOG_00950,"[16.01.26 01:22:03] ERRMEM: VERSIONINFO: AIVI_SW5250
[16.01.26 01:22:03] Platform: gen3
[16.01.26 01:22:03] Component: System
[16.01.26 01:22:03] INFO: Starting software update
[16.01.26 01:22:03] WARNING: Update verification failed
[16.01.26 01:22:03] ERROR: Flash write error at block 288
[16.01.26 01:22:03] TRACE: Rolling back to previous version
[16.01.26 01:22:03] CRITICAL: Software VERSION
[16.01.26 01:22:03] DEBUG: Processing event queue
[16.01.26 01:22:03] INFO: Component initialized successfully
[16.01.26 01:22:03] INFO: System running normally",SW Update Failure,HIGH,AIVI_SW5250,gen3,False,True,12574,System
LOG_00951,"[07.01.26 01:22:03] ERRMEM: VERSIONINFO: AIVI_SW5250
[07.01.26 01:22:03] Platform: gen3
[07.01.26 01:22:03] Component: Network
[07.01.26 01:22:03] ERROR: REFUSED in Network
[07.01.26 01:22:03] ERROR: NETWORK in Network
[07.01.26 01:22:03] ERROR: TIMEOUT in Network
[07.01.26 01:22:03] DEBUG: Processing event queue
[07.01.26 01:22:03] INFO: System running normally
[07.01.26 01:22:03] INFO: Component initialized successfully",Network Timeout,LOW,AIVI_SW5250,gen3,False,False,27338,Network
LOG_00952,"[18.01.26 01:22:03] ERRMEM: VERSIONINFO: PIVI_SW4100
[18.01.26 01:22:03] Platform: gen3
[18.01.26 01:22:03] Component: Unknown
[18.01.26 01:22:03] ERROR: ERROR in Unknown
[18.01.26 01:22:03] ERROR: EXCEPTION in Unknown
[18.01.26 01:22:03] ERROR: EXCEPTION in Unknown
[18.01.26 01:22:03] INFO: System running normally
[18.01.26 01:22:03] INFO: Component initialized successfully",Unknown Issue,MEDIUM,PIVI_SW4100,gen3,False,True,22556,Unknown
LOG_00953,"[06.01.26 01:22:03] ERRMEM: VERSIONINFO: PIVI_SW4100
[06.01.26 01:22:03] Platform: gen4
[06.01.26 01:22:03] Component: System
[06.01.26 01:22:03] CRITICAL: Kernel panic detected
[06.01.26 01:22:03] ERROR: Unable to handle kernel NULL pointer dereference
[06.01.26 01:22:03] TRACE: Exception at address 0x2601
[06.01.26 01:22:03] ERROR: CPU 0 CRASH
[06.01.26 01:22:03] CRITICAL: System halted
[06.01.26 01:22:03] INFO: System running normally",Kernel Panic,CRITICAL,PIVI_SW4100,gen4,True,True,14313,Kernel
LOG_00954,"[29.12.25 01:22:03] ERRMEM: VERSIONINFO: AIVI_SW5250
[29.12.25 01:22:03] Platform: gen3
[29.12.25 01:22:03] Component: Unknown
[29.12.25 01:22:03] ERROR: FAILED in Unknown
[29.12.25 01:22:03] ERROR: FAILED in Unknown
[29.12.25 01:22:03] ERROR: FAILED in Unknown
[29.12.25 01:22:03] ERROR: ISSUE in Unknown
[29.12.25 01:22:03] ERROR: FAILED in Unknown
[29.12.25 01:22:03] INFO: Component initialized successfully
[29.12.25 01:22:03] DEBUG: Processing event queue
[29.12.25 01:22:03] INFO: System running normally",Unknown Issue,MEDIUM,AIVI_SW5250,gen3,False,True,12496,Unknown
LOG_00955,"[11.01.26 01:22:03] ERRMEM: VERSIONINFO: PIVI_SW4110
[11.01.26 01:22:03] Platform: gen3
[11.01.26 01:22:03] Component: SW_SWUPDATE
[11.01.26 01:22:03] INFO: Starting software update
[11.01.26 01:22:03] WARNING: Update verification failed
[11.01.26 01:22:03] ERROR: Flash write error at block 296
[11.01.26 01:22:03] TRACE: Rolling back to previous version
[11.01.26 01:22:03] CRITICAL: Software INSTALLATION
[11.01.26 01:22:03] INFO: Component initialized successfully
[11.01.26 01:22:03] DEBUG: Processing event queue",SW Update Failure,HIGH,PIVI_SW4110,gen3,False,False,29287,SW_SWUPDATE
LOG_00956,"[13.01.26 01:22:03] ERRMEM: VERSIONINFO: AIVI_SW5250
[13.01.26 01:22:03] Platform: gen3
[13.01.26 01:22:03] Component: System
[13.01.26 01:22:03] INFO: Starting software update
[13.01.26 01:22:03] WARNING: Update verification failed
[13.01.26 01:22:03] ERROR: Flash write error at block 221
[13.01.26 01:22:03] TRACE: Rolling back to previous version
[13.01.26 01:22:03] CRITICAL: Software UPGRADE
[13.01.26 01:22:03] INFO: System running normally
[13.01.26 01:22:03] DEBUG: Processing event queue
[13.01.26 01:22:03] INFO: Component initialized successfully",SW Update Failure,HIGH,AIVI_SW5250,gen3,False,False,25810,SW_SWUPDATE
LOG_00957,"[06.01.26 01:22:03] ERRMEM: VERSIONINFO: PIVI_SW4100
[06.01.26 01:22:03] Platform: gen3
[06.01.26 01:22:03] Component: System
[06.01.26 01:22:03] WARNING: Task execution time exceeded threshold
[06.01.26 01:22:03] ERROR: WATCHDOG_RESET triggered
[06.01.26 01:22:03] TRACE: System reset due to watchdog timeout
[06.01.26 01:22:03] INFO: Last task: System_handler
[06.01.26 01:22:03] CRITICAL: System DEADLOCK
[06.01.26 01:22:03] INFO: Component initialized successfully",Watchdog Timeout,CRITICAL,PIVI_SW4100,gen3,True,True,41251,System
LOG_00958,"[24.12.25 01:22:03] ERRMEM: VERSIONINFO: AIVI_SW5244
[24.12.25 01:22:03] Platform: gen4
[24.12.25 01:22:03] Component: SW_SWUPDATE
[24.12.25 01:22:03] INFO: Starting software update
[24.12.25 01:22:03] WARNING: Update verification failed
[24.12.25 01:22:03] ERROR: Flash write error at block 862
[24.12.25 01:22:03] TRACE: Rolling back to previous version
[24.12.25 01:22:03] CRITICAL: Software UPDATE
[24.12.25 01:22:03] INFO: Component initialized successfully
[24.12.25 01:22:03] INFO: System running normally",SW Update Failure,HIGH,AIVI_SW5244,gen4,False,False,48057,SW_SWUPDATE
LOG_00959,"[24.12.25 01:22:03] ERRMEM: VERSIONINFO: PIVI_SW4110
[24.12.25 01:22:03] Platform: gen3
[24.12.25 01:22:03] Component: Audio
[24.12.25 01:22:03] WARNING: High memory usage detected
[24.12.25 01:22:03] ERROR: Heap allocation failed in Audio
[24.12.25 01:22:03] TRACE: malloc returned NULL
[24.12.25 01:22:03] INFO: Available memory: 128 KB / 2048 KB
[24.12.25 01:22:03] ERROR: Memory leak suspected in navigation module
[24.12.25 01:22:03] TRACE: MEMORY - size: 1050 bytes
[24.12.25 01:22:03] INFO: Component initialized successfully
[24.12.25 01:22:03] DEBUG: Processing event queue",Memory Leak,HIGH,PIVI_SW4110,gen3,False,False,28214,Navigation
LOG_00960,"[18.01.26 01:22:03] ERRMEM: VERSIONINFO: AIVI_SW5244
[18.01.26 01:22:03] Platform: gen3
[18.01.26 01:22:03] Component: Multimedia
[18.01.26 01:22:03] WARNING: High memory usage detected
[18.01.26 01:22:03] ERROR: Heap allocation failed in Multimedia
[18.01.26 01:22:03] TRACE: malloc returned NULL
[18.01.26 01:22:03] INFO: Available memory: 128 KB / 2048 KB
[18.01.26 01:22:03] ERROR: Memory leak suspected in navigation module
[18.01.26 01:22:03] TRACE: LEAK - size: 1579 bytes
[18.01.26 01:22:03] INFO: System running normally
[18.01.26 01:22:03] DEBUG: Processing event queue
[18.01.26 01:22:03] INFO: Component initialized successfully",Memory Leak,HIGH,AIVI_SW5244,gen3,False,False,24655,Multimedia
LOG_00961,"[04.01.26 01:22:03] ERRMEM: VERSIONINFO: AIVI_SW5250
[04.01.26 01:22:03] Platform: gen4
[04.01.26 01:22:03] Component: Hardware
[04.01.26 01:22:03] ERROR: GPIO in Hardware
[04.01.26 01:22:03] ERROR: SENSOR in Hardware
[04.01.26 01:22:03] ERROR: FAULT in Hardware
[04.01.26 01:22:03] INFO: System running normally
[04.01.26 01:22:03] DEBUG: Processing event queue",Hardware Fault,HIGH,AIVI_SW5250,gen4,False,True,12177,Hardware
LOG_00962,"[24.12.25 01:22:03] ERRMEM: VERSIONINFO: PIVI_SW4100
[24.12.25 01:22:03] Platform: gen4
[24.12.25 01:22:03] Component: SW_SWUPDATE
[24.12.25 01:22:03] INFO: Starting software update
[24.12.25 01:22:03] WARNING: Update verification failed
[24.12.25 01:22:03] ERROR: Flash write error at block 130
[24.12.25 01:22:03] TRACE: Rolling back to previous version
[24.12.25 01:22:03] CRITICAL: Software INSTALLATION
[24.12.25 01:22:03] INFO: System running normally
[24.12.25 01:22:03] DEBUG: Processing event queue
[24.12.25 01:22:03] INFO: Component initialized successfully",SW Update Failure,HIGH,PIVI_SW4100,gen4,False,True,43697,SW_SWUPDATE
LOG_00963,"[28.12.25 01:22:03] ERRMEM: VERSIONINFO: AIVI_SW5244
[28.12.25 01:22:03] Platform: gen4
[28.12.25 01:22:03] Component: Storage
[28.12.25 01:22:03] ERROR: MOUNT in Storage
[28.12.25 01:22:03] ERROR: MOUNT in Storage
[28.12.25 01:22:03] ERROR: MOUNT in Storage
[28.12.25 01:22:03] ERROR: DISK in Storage
[28.12.25 01:22:03] ERROR: INODE in Storage
[28.12.25 01:22:03] INFO: System running normally
[28.12.25 01:22:03] INFO: Component initialized successfully",File System Error,MEDIUM,AIVI_SW5244,gen4,True,False,7657,Storage
LOG_00964,"[08.01.26 01:22:03] ERRMEM: VERSIONINFO: PIVI_SW4100
[08.01.26 01:22:03] Platform: gen4
[08.01.26 01:22:03] Component: System
[08.01.26 01:22:03] INFO: Starting software update
[08.01.26 01:22:03] WARNING: Update verification failed
[08.01.26 01:22:03] ERROR: Flash write error at block 631
[08.01.26 01:22:03] TRACE: Rolling back to previous version
[08.01.26 01:22:03] CRITICAL: Software UPDATE
[08.01.26 01:22:03] INFO: System running normally
[08.01.26 01:22:03] DEBUG: Processing event queue
[08.01.26 01:22:03] INFO: Component initialized successfully",SW Update Failure,HIGH,PIVI_SW4100,gen4,True,False,1644,System
LOG_00965,"[05.01.26 01:22:03] ERRMEM: VERSIONINFO: PIVI_SW4100
[05.01.26 01:22:03] Platform: gen3
[05.01.26 01:22:03] Component: Unknown
[05.01.26 01:22:03] ERROR: EXCEPTION in Unknown
[05.01.26 01:22:03] ERROR: ERROR in Unknown
[05.01.26 01:22:03] ERROR: FAILED in Unknown
[05.01.26 01:22:03] INFO: Component initialized successfully",Unknown Issue,MEDIUM,PIVI_SW4100,gen3,True,True,8613,Unknown
LOG_00966,"[15.01.26 01:22:03] ERRMEM: VERSIONINFO: AIVI_SW5244
[15.01.26 01:22:03] Platform: gen4
[15.01.26 01:22:03] Component: System
[15.01.26 01:22:03] ERROR: COMPLETED in System
[15.01.26 01:22:03] ERROR: NORMAL in System
[15.01.26 01:22:03] ERROR: RUNNING in System
[15.01.26 01:22:03] ERROR: COMPLETED in System
[15.01.26 01:22:03] ERROR: OK in System
[15.01.26 01:22:03] DEBUG: Processing event queue
[15.01.26 01:22:03] INFO: System running normally",No Issue,LOW,AIVI_SW5244,gen4,False,False,47071,System
LOG_00967,"[26.12.25 01:22:03] ERRMEM: VERSIONINFO: AIVI_SW5250
[26.12.25 01:22:03] Platform: gen3
[26.12.25 01:22:03] Component: Communication
[26.12.25 01:22:03] WARNING: CAN bus error detected
[26.12.25 01:22:03] ERROR: Frame transmission failed on CAN2
[26.12.25 01:22:03] TRACE: Bus-off state entered
[26.12.25 01:22:03] INFO: Error counter: 114
[26.12.25 01:22:03] ERROR: BUS on CAN interface
[26.12.25 01:22:03] INFO: Component initialized successfully",CAN Bus Error,MEDIUM,AIVI_SW5250,gen3,True,True,4653,Communication
LOG_00968,"[05.01.26 01:22:03] ERRMEM: VERSIONINFO: PIVI_SW4100
[05.01.26 01:22:03] Platform: gen3
[05.01.26 01:22:03] Component: Communication
[05.01.26 01:22:03] WARNING: CAN bus error detected
[05.01.26 01:22:03] ERROR: Frame transmission failed on CAN2
[05.01.26 01:22:03] TRACE: Bus-off state entered
[05.01.26 01:22:03] INFO: Error counter: 224
[05.01.26 01:22:03] ERROR: ARBITRATION on CAN interface
[05.01.26 01:22:03] INFO: Component initialized successfully
[05.01.26 01:22:03] INFO: System running normally",CAN Bus Error,MEDIUM,PIVI_SW4100,gen3,True,True,21405,CAN
LOG_00969,"[04.01.26 01:22:03] ERRMEM: VERSIONINFO: AIVI_SW5250
[04.01.26 01:22:03] Platform: gen4
[04.01.26 01:22:03] Component: Hardware
[04.01.26 01:22:03] ERROR: FAULT in Hardware
[04.01.26 01:22:03] ERROR: HARDWARE in Hardware
[04.01.26 01:22:03] ERROR: FAULT in Hardware
[04.01.26 01:22:03] ERROR: FAULT in Hardware
[04.01.26 01:22:03] INFO: Component initialized successfully
[04.01.26 01:22:03] DEBUG: Processing event queue
[04.01.26 01:22:03] INFO: System running normally",Hardware Fault,HIGH,AIVI_SW5250,gen4,True,True,9553,Hardware
LOG_00970,"[15.01.26 01:22:03] ERRMEM: VERSIONINFO: AIVI_SW5244
[15.01.26 01:22:03] Platform: gen3
[15.01.26 01:22:03] Component: Power
[15.01.26 01:22:03] WARNING: Task execution time exceeded threshold
[15.01.26 01:22:03] ERROR: WATCHDOG_RESET triggered
[15.01.26 01:22:03] TRACE: System reset due to watchdog timeout
[15.01.26 01:22:03] INFO: Last task: Power_handler
[15.01.26 01:22:03] CRITICAL: System DEADLOCK
[15.01.26 01:22:03] INFO: System running normally
[15.01.26 01:22:03] DEBUG: Processing event queue",Watchdog Timeout,CRITICAL,AIVI_SW5244,gen3,False,False,3082,Kernel
LOG_00971,"[25.12.25 01:22:03] ERRMEM: VERSIONINFO: AIVI_SW5250
[25.12.25 01:22:03] Platform: gen4
[25.12.25 01:22:03] Component: Sensors
[25.12.25 01:22:03] ERROR: I2C in Sensors
[25.12.25 01:22:03] ERROR: I2C in Sensors
[25.12.25 01:22:03] ERROR: SENSOR in Sensors
[25.12.25 01:22:03] ERROR: SENSOR in Sensors
[25.12.25 01:22:03] DEBUG: Processing event queue
[25.12.25 01:22:03] INFO: Component initialized successfully",Hardware Fault,HIGH,AIVI_SW5250,gen4,True,False,7917,Sensors
LOG_00972,"[28.12.25 01:22:03] ERRMEM: VERSIONINFO: AIVI_SW5244
[28.12.25 01:22:03] Platform: gen4
[28.12.25 01:22:03] Component: Audio
[28.12.25 01:22:03] WARNING: High memory usage detected
[28.12.25 01:22:03] ERROR: Heap allocation failed in Audio
[28.12.25 01:22:03] TRACE: malloc returned NULL
[28.12.25 01:22:03] INFO: Available memory: 128 KB / 2048 KB
[28.12.25 01:22:03] ERROR: Memory leak suspected in navigation module
[28.12.25 01:22:03] TRACE: ALLOCATION - size: 2623 bytes
[28.12.25 01:22:03] INFO: Component initialized successfully
[28.12.25 01:22:03] DEBUG: Processing event queue
[28.12.25 01:22:03] INFO: System running normally",Memory Leak,HIGH,AIVI_SW5244,gen4,False,False,26338,Audio
LOG_00973,"[12.01.26 01:22:03] ERRMEM: VERSIONINFO: PIVI_SW4110
[12.01.26 01:22:03] Platform: gen4
[12.01.26 01:22:03] Component: Kernel
[12.01.26 01:22:03] WARNING: Task execution time exceeded threshold
[12.01.26 01:22:03] ERROR: WATCHDOG_RESET triggered
[12.01.26 01:22:03] TRACE: System reset due to watchdog timeout
[12.01.26 01:22:03] INFO: Last task: Kernel_handler
[12.01.26 01:22:03] CRITICAL: System DEADLOCK
[12.01.26 01:22:03] INFO: Component initialized successfully",Watchdog Timeout,CRITICAL,PIVI_SW4110,gen4,True,True,49882,System
LOG_00974,"[22.01.26 01:22:03] ERRMEM: VERSIONINFO: AIVI_SW5250
[22.01.26 01:22:03] Platform: gen3
[22.01.26 01:22:03] Component: Multimedia
[22.01.26 01:22:03] WARNING: High memory usage detected
[22.01.26 01:22:03] ERROR: Heap allocation failed in Multimedia
[22.01.26 01:22:03] TRACE: malloc returned NULL
[22.01.26 01:22:03] INFO: Available memory: 128 KB / 2048 KB
[22.01.26 01:22:03] ERROR: Memory leak suspected in navigation module
[22.01.26 01:22:03] TRACE: ALLOCATION - size: 2140 bytes
[22.01.26 01:22:03] DEBUG: Processing event queue",Memory Leak,HIGH,AIVI_SW5250,gen3,False,True,6709,Audio
LOG_00975,"[21.01.26 01:22:03] ERRMEM: VERSIONINFO: AIVI_SW5250
[21.01.26 01:22:03] Platform: gen4
[21.01.26 01:22:03] Component: Kernel
[21.01.26 01:22:03] WARNING: Task execution time exceeded threshold
[21.01.26 01:22:03] ERROR: WATCHDOG_RESET triggered
[21.01.26 01:22:03] TRACE: System reset due to watchdog timeout
[21.01.26 01:22:03] INFO: Last task: Kernel_handler
[21.01.26 01:22:03] CRITICAL: System WDT
[21.01.26 01:22:03] DEBUG: Processing event queue",Watchdog Timeout,CRITICAL,AIVI_SW5250,gen4,True,False,9278,System
LOG_00976,"[28.12.25 01:22:03] ERRMEM: VERSIONINFO: AIVI_SW5244
[28.12.25 01:22:03] Platform: gen4
[28.12.25 01:22:03] Component: System
[28.12.25 01:22:03] ERROR: OK in System
[28.12.25 01:22:03] ERROR: COMPLETED in System
[28.12.25 01:22:03] ERROR: COMPLETED in System
[28.12.25 01:22:03] ERROR: COMPLETED in System
[28.12.25 01:22:03] ERROR: OK in System
[28.12.25 01:22:03] ERROR: RUNNING in System
[28.12.25 01:22:03] INFO: Component initialized successfully",No Issue,LOW,AIVI_SW5244,gen4,True,True,29500,System
LOG_00977,"[05.01.26 01:22:03] ERRMEM: VERSIONINFO: AIVI_SW5250
[05.01.26 01:22:03] Platform: gen4
[05.01.26 01:22:03] Component: Navigation
[05.01.26 01:22:03] WARNING: High memory usage detected
[05.01.26 01:22:03] ERROR: Heap allocation failed in Navigation
[05.01.26 01:22:03] TRACE: malloc returned NULL
[05.01.26 01:22:03] INFO: Available memory: 128 KB / 2048 KB
[05.01.26 01:22:03] ERROR: Memory leak suspected in navigation module
[05.01.26 01:22:03] TRACE: OOM - size: 489 bytes
[05.01.26 01:22:03] INFO: Component initialized successfully
[05.01.26 01:22:03] DEBUG: Processing event queue
[05.01.26 01:22:03] INFO: System running normally",Memory Leak,HIGH,AIVI_SW5250,gen4,False,False,11962,Multimedia
LOG_00978,"[13.01.26 01:22:03] ERRMEM: VERSIONINFO: AIVI_SW5250
[13.01.26 01:22:03] Platform: gen4
[13.01.26 01:22:03] Component: Communication
[13.01.26 01:22:03] ERROR: TCP in Communication
[13.01.26 01:22:03] ERROR: NETWORK in Communication
[13.01.26 01:22:03] ERROR: NETWORK in Communication
[13.01.26 01:22:03] INFO: System running normally
[13.01.26 01:22:03] DEBUG: Processing event queue
[13.01.26 01:22:03] INFO: Component initialized successfully",Network Timeout,LOW,AIVI_SW5250,gen4,True,False,19800,Network
LOG_00979,"[30.12.25 01:22:03] ERRMEM: VERSIONINFO: AIVI_SW5244
[30.12.25 01:22:03] Platform: gen4
[30.12.25 01:22:03] Component: Multimedia
[30.12.25 01:22:03] WARNING: High memory usage detected
[30.12.25 01:22:03] ERROR: Heap allocation failed in Multimedia
[30.12.25 01:22:03] TRACE: malloc returned NULL
[30.12.25 01:22:03] INFO: Available memory: 128 KB / 2048 KB
[30.12.25 01:22:03] ERROR: Memory leak suspected in navigation module
[30.12.25 01:22:03] TRACE: LEAK - size: 2190 bytes
[30.12.25 01:22:03] DEBUG: Processing event queue
[30.12.25 01:22:03] INFO: System running normally",Memory Leak,HIGH,AIVI_SW5244,gen4,False,True,23594,Multimedia
LOG_00980,"[04.01.26 01:22:03] ERRMEM: VERSIONINFO: PIVI_SW4100
[04.01.26 01:22:03] Platform: gen4
[04.01.26 01:22:03] Component: System
[04.01.26 01:22:03] INFO: Starting software update
[04.01.26 01:22:03] WARNING: Update verification failed
[04.01.26 01:22:03] ERROR: Flash write error at block 797
[04.01.26 01:22:03] TRACE: Rolling back to previous version
[04.01.26 01:22:03] CRITICAL: Software UPGRADE
[04.01.26 01:22:03] DEBUG: Processing event queue
[04.01.26 01:22:03] INFO: Component initialized successfully",SW Update Failure,HIGH,PIVI_SW4100,gen4,False,True,35417,System
LOG_00981,"[25.12.25 01:22:03] ERRMEM: VERSIONINFO: PIVI_SW4110
[25.12.25 01:22:03] Platform: gen4
[25.12.25 01:22:03] Component: Sensors
[25.12.25 01:22:03] ERROR: SENSOR in Sensors
[25.12.25 01:22:03] ERROR: SENSOR in Sensors
[25.12.25 01:22:03] ERROR: GPIO in Sensors
[25.12.25 01:22:03] ERROR: GPIO in Sensors
[25.12.25 01:22:03] ERROR: SENSOR in Sensors
[25.12.25 01:22:03] ERROR: SPI in Sensors
[25.12.25 01:22:03] DEBUG: Processing event queue
[25.12.25 01:22:03] INFO: System running normally
[25.12.25 01:22:03] INFO: Component initialized successfully",Hardware Fault,HIGH,PIVI_SW4110,gen4,True,False,33321,Hardware
LOG_00982,"[25.12.25 01:22:03] ERRMEM: VERSIONINFO: AIVI_SW5250
[25.12.25 01:22:03] Platform: gen3
[25.12.25 01:22:03] Component: Multimedia
[25.12.25 01:22:03] WARNING: High memory usage detected
[25.12.25 01:22:03] ERROR: Heap allocation failed in Multimedia
[25.12.25 01:22:03] TRACE: malloc returned NULL
[25.12.25 01:22:03] INFO: Available memory: 128 KB / 2048 KB
[25.12.25 01:22:03] ERROR: Memory leak suspected in navigation module
[25.12.25 01:22:03] TRACE: MALLOC - size: 1546 bytes
[25.12.25 01:22:03] INFO: Component initialized successfully",Memory Leak,HIGH,AIVI_SW5250,gen3,True,True,40891,Multimedia
LOG_00983,"[26.12.25 01:22:03] ERRMEM: VERSIONINFO: AIVI_SW5244
[26.12.25 01:22:03] Platform: gen3
[26.12.25 01:22:03] Component: SW_SWUPDATE
[26.12.25 01:22:03] INFO: Starting software update
[26.12.25 01:22:03] WARNING: Update verification failed
[26.12.25 01:22:03] ERROR: Flash write error at block 508
[26.12.25 01:22:03] TRACE: Rolling back to previous version
[26.12.25 01:22:03] CRITICAL: Software INSTALLATION
[26.12.25 01:22:03] DEBUG: Processing event queue
[26.12.25 01:22:03] INFO: Component initialized successfully",SW Update Failure,HIGH,AIVI_SW5244,gen3,False,True,5190,System
LOG_00984,"[24.12.25 01:22:03] ERRMEM: VERSIONINFO: PIVI_SW4110
[24.12.25 01:22:03] Platform: gen3
[24.12.25 01:22:03] Component: Sensors
[24.12.25 01:22:03] ERROR: FAULT in Sensors
[24.12.25 01:22:03] ERROR: I2C in Sensors
[24.12.25 01:22:03] ERROR: HARDWARE in Sensors
[24.12.25 01:22:03] ERROR: GPIO in Sensors
[24.12.25 01:22:03] ERROR: HARDWARE in Sensors
[24.12.25 01:22:03] INFO: System running normally
[24.12.25 01:22:03] INFO: Component initialized successfully",Hardware Fault,HIGH,PIVI_SW4110,gen3,True,False,19981,Sensors
LOG_00985,"[19.01.26 01:22:03] ERRMEM: VERSIONINFO: PIVI_SW4100
[19.01.26 01:22:03] Platform: gen4
[19.01.26 01:22:03] Component: System
[19.01.26 01:22:03] WARNING: Task execution time exceeded threshold
[19.01.26 01:22:03] ERROR: WATCHDOG_RESET triggered
[19.01.26 01:22:03] TRACE: System reset due to watchdog timeout
[19.01.26 01:22:03] INFO: Last task: System_handler
[19.01.26 01:22:03] CRITICAL: System DEADLOCK
[19.01.26 01:22:03] INFO: System running normally",Watchdog Timeout,CRITICAL,PIVI_SW4100,gen4,False,False,49910,System
LOG_00986,"[12.01.26 01:22:03] ERRMEM: VERSIONINFO: AIVI_SW5250
[12.01.26 01:22:03] Platform: gen4
[12.01.26 01:22:03] Component: Communication
[12.01.26 01:22:03] WARNING: CAN bus error detected
[12.01.26 01:22:03] ERROR: Frame transmission failed on CAN2
[12.01.26 01:22:03] TRACE: Bus-off state entered
[12.01.26 01:22:03] INFO: Error counter: 84
[12.01.26 01:22:03] ERROR: BUS on CAN interface
[12.01.26 01:22:03] INFO: System running normally
[12.01.26 01:22:03] INFO: Component initialized successfully",CAN Bus Error,MEDIUM,AIVI_SW5250,gen4,False,True,46266,CAN
LOG_00987,"[19.01.26 01:22:03] ERRMEM: VERSIONINFO: AIVI_SW5244
[19.01.26 01:22:03] Platform: gen3
[19.01.26 01:22:03] Component: Multimedia
[19.01.26 01:22:03] WARNING: High memory usage detected
[19.01.26 01:22:03] ERROR: Heap allocation failed in Multimedia
[19.01.26 01:22:03] TRACE: malloc returned NULL
[19.01.26 01:22:03] INFO: Available memory: 128 KB / 2048 KB
[19.01.26 01:22:03] ERROR: Memory leak suspected in navigation module
[19.01.26 01:22:03] TRACE: ALLOCATION - size: 268 bytes
[19.01.26 01:22:03] INFO: System running normally",Memory Leak,HIGH,AIVI_SW5244,gen3,True,True,33358,Navigation
LOG_00988,"[30.12.25 01:22:03] ERRMEM: VERSIONINFO: AIVI_SW5244
[30.12.25 01:22:03] Platform: gen4
[30.12.25 01:22:03] Component: Network
[30.12.25 01:22:03] WARNING: CAN bus error detected
[30.12.25 01:22:03] ERROR: Frame transmission failed on CAN2
[30.12.25 01:22:03] TRACE: Bus-off state entered
[30.12.25 01:22:03] INFO: Error counter: 41
[30.12.25 01:22:03] ERROR: COMMUNICATION on CAN interface
[30.12.25 01:22:03] INFO: System running normally",CAN Bus Error,MEDIUM,AIVI_SW5244,gen4,True,False,21244,Communication
LOG_00989,"[09.01.26 01:22:03] ERRMEM: VERSIONINFO: PIVI_SW4110
[09.01.26 01:22:03] Platform: gen3
[09.01.26 01:22:03] Component: System
[09.01.26 01:22:03] ERROR: OK in System
[09.01.26 01:22:03] ERROR: RUNNING in System
[09.01.26 01:22:03] ERROR: SUCCESS in System
[09.01.26 01:22:03] ERROR: OK in System
[09.01.26 01:22:03] INFO: System running normally
[09.01.26 01:22:03] INFO: Component initialized successfully",No Issue,LOW,PIVI_SW4110,gen3,False,False,40637,System
LOG_00990,"[25.12.25 01:22:03] ERRMEM: VERSIONINFO: PIVI_SW4110
[25.12.25 01:22:03] Platform: gen3
[25.12.25 01:22:03] Component: System
[25.12.25 01:22:03] ERROR: COMPLETED in System
[25.12.25 01:22:03] ERROR: OK in System
[25.12.25 01:22:03] ERROR: COMPLETED in System
[25.12.25 01:22:03] ERROR: COMPLETED in System
[25.12.25 01:22:03] INFO: Component initialized successfully",No Issue,LOW,PIVI_SW4110,gen3,False,True,47111,System
LOG_00991,"[01.01.26 01:22:03] ERRMEM: VERSIONINFO: AIVI_SW5250
[01.01.26 01:22:03] Platform: gen3
[01.01.26 01:22:03] Component: Unknown
[01.01.26 01:22:03] ERROR: ISSUE in Unknown
[01.01.26 01:22:03] ERROR: WARNING in Unknown
[01.01.26 01:22:03] ERROR: WARNING in Unknown
[01.01.26 01:22:03] ERROR: EXCEPTION in Unknown
[01.01.26 01:22:03] INFO: Component initialized successfully
[01.01.26 01:22:03] DEBUG: Processing event queue",Unknown Issue,MEDIUM,AIVI_SW5250,gen3,True,False,16544,Unknown
LOG_00992,"[17.01.26 01:22:03] ERRMEM: VERSIONINFO: AIVI_SW5244
[17.01.26 01:22:03] Platform: gen3
[17.01.26 01:22:03] Component: System
[17.01.26 01:22:03] WARNING: Task execution time exceeded threshold
[17.01.26 01:22:03] ERROR: WATCHDOG_RESET triggered
[17.01.26 01:22:03] TRACE: System reset due to watchdog timeout
[17.01.26 01:22:03] INFO: Last task: System_handler
[17.01.26 01:22:03] CRITICAL: System HANG
[17.01.26 01:22:03] DEBUG: Processing event queue",Watchdog Timeout,CRITICAL,AIVI_SW5244,gen3,False,True,12877,Kernel
LOG_00993,"[24.12.25 01:22:03] ERRMEM: VERSIONINFO: PIVI_SW4100
[24.12.25 01:22:03] Platform: gen4
[24.12.25 01:22:03] Component: SW_SWUPDATE
[24.12.25 01:22:03] INFO: Starting software update
[24.12.25 01:22:03] WARNING: Update verification failed
[24.12.25 01:22:03] ERROR: Flash write error at block 457
[24.12.25 01:22:03] TRACE: Rolling back to previous version
[24.12.25 01:22:03] CRITICAL: Software UPGRADE
[24.12.25 01:22:03] INFO: System running normally
[24.12.25 01:22:03] DEBUG: Processing event queue
[24.12.25 01:22:03] INFO: Component initialized successfully",SW Update Failure,HIGH,PIVI_SW4100,gen4,True,True,23499,System
LOG_00994,"[21.01.26 01:22:03] ERRMEM: VERSIONINFO: PIVI_SW4100
[21.01.26 01:22:03] Platform: gen4
[21.01.26 01:22:03] Component: CAN
[21.01.26 01:22:03] WARNING: CAN bus error detected
[21.01.26 01:22:03] ERROR: Frame transmission failed on CAN2
[21.01.26 01:22:03] TRACE: Bus-off state entered
[21.01.26 01:22:03] INFO: Error counter: 27
[21.01.26 01:22:03] ERROR: FRAME on CAN interface
[21.01.26 01:22:03] DEBUG: Processing event queue",CAN Bus Error,MEDIUM,PIVI_SW4100,gen4,True,False,49544,Communication
LOG_00995,"[15.01.26 01:22:03] ERRMEM: VERSIONINFO: AIVI_SW5250
[15.01.26 01:22:03] Platform: gen4
[15.01.26 01:22:03] Component: System
[15.01.26 01:22:03] ERROR: COMPLETED in System
[15.01.26 01:22:03] ERROR: OK in System
[15.01.26 01:22:03] ERROR: COMPLETED in System
[15.01.26 01:22:03] ERROR: RUNNING in System
[15.01.26 01:22:03] ERROR: RUNNING in System
[15.01.26 01:22:03] INFO: System running normally",No Issue,LOW,AIVI_SW5250,gen4,False,True,43475,System
LOG_00996,"[16.01.26 01:22:03] ERRMEM: VERSIONINFO: AIVI_SW5244
[16.01.26 01:22:03] Platform: gen3
[16.01.26 01:22:03] Component: Kernel
[16.01.26 01:22:03] WARNING: Task execution time exceeded threshold
[16.01.26 01:22:03] ERROR: WATCHDOG_RESET triggered
[16.01.26 01:22:03] TRACE: System reset due to watchdog timeout
[16.01.26 01:22:03] INFO: Last task: Kernel_handler
[16.01.26 01:22:03] CRITICAL: System WATCHDOG
[16.01.26 01:22:03] INFO: Component initialized successfully",Watchdog Timeout,CRITICAL,AIVI_SW5244,gen3,True,True,14820,System
LOG_00997,"[02.01.26 01:22:03] ERRMEM: VERSIONINFO: PIVI_SW4110
[02.01.26 01:22:03] Platform: gen4
[02.01.26 01:22:03] Component: Unknown
[02.01.26 01:22:03] ERROR: WARNING in Unknown
[02.01.26 01:22:03] ERROR: WARNING in Unknown
[02.01.26 01:22:03] ERROR: ERROR in Unknown
[02.01.26 01:22:03] DEBUG: Processing event queue
[02.01.26 01:22:03] INFO: System running normally",Unknown Issue,MEDIUM,PIVI_SW4110,gen4,True,False,20080,Unknown
LOG_00998,"[25.12.25 01:22:03] ERRMEM: VERSIONINFO: AIVI_SW5250
[25.12.25 01:22:03] Platform: gen3
[25.12.25 01:22:03] Component: System
[25.12.25 01:22:03] ERROR: COMPLETED in System
[25.12.25 01:22:03] ERROR: SUCCESS in System
[25.12.25 01:22:03] ERROR: SUCCESS in System
[25.12.25 01:22:03] ERROR: RUNNING in System
[25.12.25 01:22:03] ERROR: NORMAL in System
[25.12.25 01:22:03] ERROR: RUNNING in System
[25.12.25 01:22:03] DEBUG: Processing event queue",No Issue,LOW,AIVI_SW5250,gen3,False,True,45946,System
LOG_00999,"[02.01.26 01:22:03] ERRMEM: VERSIONINFO: PIVI_SW4100
[02.01.26 01:22:03] Platform: gen4
[02.01.26 01:22:03] Component: System
[02.01.26 01:22:03] WARNING: Task execution time exceeded threshold
[02.01.26 01:22:03] ERROR: WATCHDOG_RESET triggered
[02.01.26 01:22:03] TRACE: System reset due to watchdog timeout
[02.01.26 01:22:03] INFO: Last task: System_handler
[02.01.26 01:22:03] CRITICAL: System RESET
[02.01.26 01:22:03] INFO: Component initialized successfully
[02.01.26 01:22:03] DEBUG: Processing event queue",Watchdog Timeout,CRITICAL,PIVI_SW4100,gen4,True,True,39556,System
